detail_url,status,status_code,parsed_status,saved_path,sha256,fetched_at,error,source_search_count,updated_at
https://kinetics.nist.gov/solution/Detail?id=1963ROS/HAY2790-2794:1,error,500,unknown,data/new_solution/boundary_probe/boundary_20260627_103328/boundary_detail_1963ROS_HAY2790-2794_1_20260627T104125_0f1f93443043.html,0f1f93443043741e2be0ae2b3bc1a7b7ca8221bba1b3e38142400a7858598215,2026-06-27T10:41:25.508306+00:00,"retryable HTTP status 500",2,2026-07-29T12:26:05.554899+00:00
https://kinetics.nist.gov/solution/Detail?id=1965NAV/STE1384-1389:1,error,500,unknown,data/new_solution/boundary_probe/boundary_20260627_103328/boundary_detail_1965NAV_STE1384-1389_1_20260627T105643_5c196e18667e.html,5c196e18667e2847cc0905be1b73f1370939f9feff0e05dc7123f816dcad5eb2,2026-06-27T10:56:43.058837+00:00,"retryable HTTP status 500",3,2026-06-30T11:58:47.258670+00:00
https://kinetics.nist.gov/solution/Detail?id=1967FUK/GOR1362-1366:1,error,500,unknown,data/new_solution/boundary_probe/boundary_20260627_103328/boundary_detail_1967FUK_GOR1362-1366_1_20260627T104325_0fc75d1fe29a.html,0fc75d1fe29a656e98a47318dfb435fbe67aa1006986fa53d80a47ce8a50c06e,2026-06-27T10:43:25.521907+00:00,"retryable HTTP status 500",2,2026-07-29T12:26:05.646347+00:00
https://kinetics.nist.gov/solution/Detail?id=1967HUL/DAV1163-1170:1,error,500,unknown,data/new_solution/boundary_probe/boundary_20260627_103328/boundary_detail_1967HUL_DAV1163-1170_1_20260627T105349_48ba333d5380.html,48ba333d538090347cea4bab723ed000b699732e4f99895bfe599842d5c5e3a4,2026-06-27T10:53:49.503893+00:00,"retryable HTTP status 500",3,2026-06-30T11:59:31.089435+00:00
https://kinetics.nist.gov/solution/Detail?id=1967ROS/HUL1158-1163:1,error,500,unknown,data/new_solution/boundary_probe/boundary_20260627_103328/boundary_detail_1967ROS_HUL1158-1163_1_20260627T105921_6393ee0494ca.html,6393ee0494ca3e02149ea831556172c38ada12f732aecb760fae492454519782,2026-06-27T10:59:21.801883+00:00,"retryable HTTP status 500",2,2026-06-27T10:59:23.583199+00:00
https://kinetics.nist.gov/solution/Detail?id=1968BEH/CZA43-51:1,error,500,unknown,data/new_solution/boundary_probe/boundary_20260627_103328/boundary_detail_1968BEH_CZA43-51_1_20260627T104031_ff9c9b86399f.html,ff9c9b86399f58138334c2f4c351b0dfae9376d624abbe557d5db47e0ab13b4e,2026-06-27T10:40:31.450112+00:00,"retryable HTTP status 500",3,2026-07-29T12:26:05.669049+00:00
https://kinetics.nist.gov/solution/Detail?id=1968BUX/DAI441-447:1,error,500,unknown,data/new_solution/boundary_probe/boundary_20260627_103328/boundary_detail_1968BUX_DAI441-447_1_20260627T105238_be42f20c6927.html,be42f20c692796a511311e13bf79cb987ace10552c0816896947cb7c1c541699,2026-06-27T10:52:38.156574+00:00,"retryable HTTP status 500",3,2026-06-30T12:00:13.039439+00:00
https://kinetics.nist.gov/solution/Detail?id=1968DOG/HAY1800-1807:1,error,500,unknown,data/new_solution/boundary_probe/boundary_20260627_103328/boundary_detail_1968DOG_HAY1800-1807_1_20260627T110001_b365ab0384ba.html,b365ab0384ba7d2a7793b54c65e3d3b35004bdb5375ca7e31db4aec1b3aa3316,2026-06-27T11:00:01.891615+00:00,"retryable HTTP status 500",2,2026-06-27T11:00:03.859677+00:00
https://kinetics.nist.gov/solution/Detail?id=1969TRE/HAY538-539:1,error,500,unknown,data/new_solution/boundary_probe/boundary_20260627_103328/boundary_detail_1969TRE_HAY538-539_1_20260627T104924_7c30bbe1241d.html,7c30bbe1241df6f93d0825341115aaff9276db3236ccb9808f6024ae787eac68,2026-06-27T10:49:24.183881+00:00,"retryable HTTP status 500",2,2026-06-27T10:49:26.459147+00:00
https://kinetics.nist.gov/solution/Detail?id=1970CER/KON4319-4322:1,error,500,unknown,data/new_solution/boundary_probe/boundary_20260627_103328/boundary_detail_1970CER_KON4319-4322_1_20260627T105722_d35e2edc2bc7.html,d35e2edc2bc7dc6be2891270ba6a3e28763d93e5c27a2b1f3e10d11c679caa2e,2026-06-27T10:57:22.471313+00:00,"retryable HTTP status 500",2,2026-06-27T10:57:24.587867+00:00
https://kinetics.nist.gov/solution/Detail?id=1970STO/FOJ34-40:1,error,500,unknown,data/new_solution/boundary_probe/boundary_20260627_103328/boundary_detail_1970STO_FOJ34-40_1_20260627T104524_4507edff07e6.html,4507edff07e628b115facdd4240532995649575e1a142b3052daf2f4fd5c9477,2026-06-27T10:45:24.656052+00:00,"retryable HTTP status 500",3,2026-07-29T12:26:05.794940+00:00
https://kinetics.nist.gov/solution/Detail?id=1971CER231-237:1,error,500,unknown,data/new_solution/boundary_probe/boundary_20260627_103328/boundary_detail_1971CER231-237_1_20260627T103328_ae90aa4e349d.html,ae90aa4e349db06bbf3d27075382d7332c8d524246592200e25c45da280f4a2a,2026-06-27T10:33:28.049628+00:00,"retryable HTTP status 500",2,2026-07-29T12:26:05.821600+00:00
https://kinetics.nist.gov/solution/Detail?id=1971FAR/ZEH2057-2067:1,error,500,unknown,data/new_solution/boundary_probe/boundary_20260627_103328/boundary_detail_1971FAR_ZEH2057-2067_1_20260627T104452_38f4ac5a60f2.html,38f4ac5a60f2f2c553cf6a65c7bb3c1e1a93a13afd6f5948a408a7a1551fff64,2026-06-27T10:44:52.518388+00:00,"retryable HTTP status 500",3,2026-07-29T12:26:05.832784+00:00
https://kinetics.nist.gov/solution/Detail?id=1972BEH/FES1710-1721:1,error,500,unknown,data/new_solution/boundary_probe/boundary_20260627_103328/boundary_detail_1972BEH_FES1710-1721_1_20260627T110111_29182f2d0104.html,29182f2d0104ce301f23db3d2fd91f712eeb53d7b50bf24bb07fc78db530cd25,2026-06-27T11:01:11.414267+00:00,"retryable HTTP status 500",2,2026-06-27T11:01:13.351308+00:00
https://kinetics.nist.gov/solution/Detail?id=1972DAV/DEM3321-3325:1,error,500,unknown,data/new_solution/boundary_probe/boundary_20260627_103328/boundary_detail_1972DAV_DEM3321-3325_1_20260627T103858_e041f344c987.html,e041f344c987d14750498d6d4f3ced97269e0343172f0411cc2d64e119e5b6c7,2026-06-27T10:38:58.735939+00:00,"retryable HTTP status 500",3,2026-07-29T12:26:05.901630+00:00
https://kinetics.nist.gov/solution/Detail?id=1972FAR/AMO353-358:1,error,500,unknown,data/new_solution/boundary_probe/boundary_20260627_103328/boundary_detail_1972FAR_AMO353-358_1_20260627T104755_0cf09a94e395.html,0cf09a94e3954e13a76d6fd33e205ebc421302f34688643e7fdb294e75d9e616,2026-06-27T10:47:55.952033+00:00,"retryable HTTP status 500",2,2026-07-29T12:26:05.905814+00:00
https://kinetics.nist.gov/solution/Detail?id=1972HOW/BEN2374-2377:1,error,500,unknown,data/new_solution/boundary_probe/boundary_20260627_103328/boundary_detail_1972HOW_BEN2374-2377_1_20260627T104707_9beca8971586.html,9beca89715863c87c10f1dfa184cc18327898fbd6719ab23952ab072c481b660,2026-06-27T10:47:07.848952+00:00,"retryable HTTP status 500",3,2026-07-29T12:26:05.911219+00:00
https://kinetics.nist.gov/solution/Detail?id=1972LIL/BEH2517-2520:1,error,500,unknown,data/new_solution/boundary_probe/boundary_20260627_103328/boundary_detail_1972LIL_BEH2517-2520_1_20260627T105019_8d6a6979980c.html,8d6a6979980c27a48b8cb7f9fa705609085f2d303fbdcb3586d7191fa9d29d49,2026-06-27T10:50:19.873881+00:00,"retryable HTTP status 500",2,2026-06-27T10:50:22.010858+00:00
https://kinetics.nist.gov/solution/Detail?id=1972MAR/HAR9238-9240:1,error,500,unknown,data/new_solution/boundary_probe/boundary_20260627_103328/boundary_detail_1972MAR_HAR9238-9240_1_20260627T105228_6cb92895b432.html,6cb92895b432f615a0dae86396daed8ae8a07954cc778240e0681d2271361ea0,2026-06-27T10:52:28.461330+00:00,"retryable HTTP status 500",3,2026-06-30T12:03:52.046983+00:00
https://kinetics.nist.gov/solution/Detail?id=1972OLM/KAR3305-3313:1,error,500,unknown,data/new_solution/boundary_probe/boundary_20260627_103328/boundary_detail_1972OLM_KAR3305-3313_1_20260627T104827_6871be87dc27.html,6871be87dc27ead61e961c4f587fce54f14866430be1cd50fd25ce1302373d2b,2026-06-27T10:48:27.694311+00:00,"retryable HTTP status 500",3,2026-07-29T12:26:05.926878+00:00
https://kinetics.nist.gov/solution/Detail?id=1972ROT/BRA605-609:1,error,500,unknown,data/new_solution/boundary_probe/boundary_20260627_103328/boundary_detail_1972ROT_BRA605-609_1_20260627T110025_e8f277f4fd97.html,e8f277f4fd97044c91f1a8cd1d32534e39d2f1ac8009b78e14ba93c57cf161c0,2026-06-27T11:00:25.754604+00:00,"retryable HTTP status 500",2,2026-06-27T11:00:31.215794+00:00
https://kinetics.nist.gov/solution/Detail?id=1973BAN/GRA16-19:1,error,500,unknown,data/new_solution/boundary_probe/boundary_20260627_103328/boundary_detail_1973BAN_GRA16-19_1_20260627T105004_9eedaff0a811.html,9eedaff0a811330d03c1ab3c4e732e549a1fa551cc3c86a91200fb714fecea3c,2026-06-27T10:50:04.111085+00:00,"retryable HTTP status 500",2,2026-06-27T10:50:05.980148+00:00
https://kinetics.nist.gov/solution/Detail?id=1973HOW/FUR3738-3745:1,error,500,unknown,data/new_solution/boundary_probe/boundary_20260627_103328/boundary_detail_1973HOW_FUR3738-3745_1_20260627T110229_8d484717ec99.html,8d484717ec99dc16c8cf0e9278141148fec646386696239a20bd2380f5a6939f,2026-06-27T11:02:29.528880+00:00,"retryable HTTP status 500",3,2026-06-30T12:05:29.383096+00:00
https://kinetics.nist.gov/solution/Detail?id=1973HOW/OHK1543-1553:1,error,500,unknown,data/new_solution/boundary_probe/boundary_20260627_103328/boundary_detail_1973HOW_OHK1543-1553_1_20260627T105245_5f11876a0c44.html,5f11876a0c447c8f508789aa2e1d2ee97b147c0c601d1642a8d0ddc184ea4021,2026-06-27T10:52:45.951126+00:00,"retryable HTTP status 500",2,2026-06-27T10:52:47.859808+00:00
https://kinetics.nist.gov/solution/Detail?id=1973LAR/FES1283-1288:1,error,500,unknown,data/new_solution/boundary_probe/boundary_20260627_103328/boundary_detail_1973LAR_FES1283-1288_1_20260627T105603_d423f60600e4.html,d423f60600e4fb65e1f3e31b9710088dd83a7e3ce7c56bb577f85ac847ebf69d,2026-06-27T10:56:03.483408+00:00,"retryable HTTP status 500",3,2026-06-30T12:05:47.520915+00:00
https://kinetics.nist.gov/solution/Detail?id=1974BUR/FIR508-514:1,error,500,unknown,data/new_solution/boundary_probe/boundary_20260627_103328/boundary_detail_1974BUR_FIR508-514_1_20260627T103616_927c200b2eda.html,927c200b2edacca2425bf760728363510d99d741a83a21d069464324f06b92e0,2026-06-27T10:36:16.320002+00:00,"retryable HTTP status 500",2,2026-07-29T12:26:06.056281+00:00
https://kinetics.nist.gov/solution/Detail?id=1974FES/CHA2262-2263:1,error,500,unknown,data/new_solution/boundary_probe/boundary_20260627_103328/boundary_detail_1974FES_CHA2262-2263_1_20260627T110046_87d7274e3a5e.html,87d7274e3a5ed9ebe27ef3d817bb1a6728e2be6521f96b953e3e9d9d563dd903,2026-06-27T11:00:46.097062+00:00,"retryable HTTP status 500",2,2026-06-27T11:00:48.184951+00:00
https://kinetics.nist.gov/solution/Detail?id=1974HAM/CHO3029-3031:1,error,500,unknown,data/new_solution/boundary_probe/boundary_20260627_103328/boundary_detail_1974HAM_CHO3029-3031_1_20260627T104444_cb70bc457b15.html,cb70bc457b15850693bf127e58e75e42864458afbf221e9d0ecae18936742af8,2026-06-27T10:44:44.562384+00:00,"retryable HTTP status 500",3,2026-07-29T12:26:06.078382+00:00
https://kinetics.nist.gov/solution/Detail?id=1974LES/GIL1135-1139:1,error,500,unknown,data/new_solution/boundary_probe/boundary_20260627_103328/boundary_detail_1974LES_GIL1135-1139_1_20260627T104851_1ef54549d73b.html,1ef54549d73b066bb3561b2169b5e32150a09c6d7c34031df20ba43b2e764e08,2026-06-27T10:48:51.427737+00:00,"retryable HTTP status 500",2,2026-07-29T12:26:06.084989+00:00
https://kinetics.nist.gov/solution/Detail?id=1974MAT/CUR3348-3351:1,error,500,unknown,data/new_solution/boundary_probe/boundary_20260627_103328/boundary_detail_1974MAT_CUR3348-3351_1_20260627T103702_0c9a7ff2a1a9.html,0c9a7ff2a1a9ae81f7d52cc8073a9959291f93f00966300f29913b6bf696989a,2026-06-27T10:37:02.914325+00:00,"retryable HTTP status 500",3,2026-07-29T12:26:06.088752+00:00
https://kinetics.nist.gov/solution/Detail?id=1975ARM/FUR1737-1742:1,error,500,unknown,data/new_solution/boundary_probe/boundary_20260627_103328/boundary_detail_1975ARM_FUR1737-1742_1_20260627T105203_b3b2d60c6364.html,b3b2d60c63642c3f42e1021805cb79ed3b2d7d4c4c878a20505e1661e10c5927,2026-06-27T10:52:03.650429+00:00,"retryable HTTP status 500",2,2026-06-27T10:52:05.483764+00:00
https://kinetics.nist.gov/solution/Detail?id=1975CHE/HOW623-627:1,error,500,unknown,data/new_solution/boundary_probe/boundary_20260627_103328/boundary_detail_1975CHE_HOW623-627_1_20260627T105028_2bf08c28f861.html,2bf08c28f861467b86d2e8a0de35e21572dbee0dc06a9629e66a2d3c44777c8f,2026-06-27T10:50:28.033626+00:00,"retryable HTTP status 500",3,2026-06-30T12:07:32.967263+00:00
https://kinetics.nist.gov/solution/Detail?id=1975MEY1716-1717:1,error,500,unknown,data/new_solution/boundary_probe/boundary_20260627_103328/boundary_detail_1975MEY1716-1717_1_20260627T104008_d106bc3e9260.html,d106bc3e9260fa0abc69b336a7683cc469dcfe69a45b0ccc6962232b759eb5ef,2026-06-27T10:40:08.171732+00:00,"retryable HTTP status 500",3,2026-07-29T12:26:06.167689+00:00
https://kinetics.nist.gov/solution/Detail?id=1975RAO/HAY2986-2989:1,error,500,unknown,data/new_solution/boundary_probe/boundary_20260627_103328/boundary_detail_1975RAO_HAY2986-2989_1_20260627T110418_3ed9412f87d6.html,3ed9412f87d6807074ba1fe6890b5c4d0d38a792b0bfbc82fc19a6b76f9fab38,2026-06-27T11:04:18.421829+00:00,"retryable HTTP status 500",3,2026-06-30T12:08:19.790501+00:00
https://kinetics.nist.gov/solution/Detail?id=1975TEA/KLA475-477:1,error,500,unknown,data/new_solution/boundary_probe/boundary_20260627_103328/boundary_detail_1975TEA_KLA475-477_1_20260627T104143_154ed0c9cfaa.html,154ed0c9cfaaff6f41d3581827a19a7b986f0f4715bd798553627a9bcb2d27e8,2026-06-27T10:41:43.953272+00:00,"retryable HTTP status 500",3,2026-07-29T12:26:06.188747+00:00
https://kinetics.nist.gov/solution/Detail?id=1976BAL/VAR7432-7433:1,error,500,unknown,data/new_solution/boundary_probe/boundary_20260627_103328/boundary_detail_1976BAL_VAR7432-7433_1_20260627T104333_242a97e7267f.html,242a97e7267fe541ebb2266ff7758308a079a0ec2cdaccabdb9ed8cf57c4ff75,2026-06-27T10:43:33.326744+00:00,"retryable HTTP status 500",2,2026-07-29T12:26:06.196993+00:00
https://kinetics.nist.gov/solution/Detail?id=1976BAN/FES1743-1745:1,error,500,unknown,data/new_solution/boundary_probe/boundary_20260627_103328/boundary_detail_1976BAN_FES1743-1745_1_20260627T110323_e4dd1cccb61a.html,e4dd1cccb61a3f1bfa89a13c917e9bd3f3a09e0de17ad069b94334078056e152,2026-06-27T11:03:23.839149+00:00,"retryable HTTP status 500",3,2026-06-30T12:08:51.776690+00:00
https://kinetics.nist.gov/solution/Detail?id=1976CRE/SUT6384-6385:1,error,500,unknown,data/new_solution/boundary_probe/boundary_20260627_103328/boundary_detail_1976CRE_SUT6384-6385_1_20260627T104532_902552924089.html,902552924089e92f41043f6f3079e4dbf70334d24a67fcafdd0c1d28468911b1,2026-06-27T10:45:32.490282+00:00,"retryable HTTP status 500",2,2026-07-29T12:26:06.226692+00:00
https://kinetics.nist.gov/solution/Detail?id=1976FRA/GRA294-300:1,error,500,unknown,data/new_solution/boundary_probe/boundary_20260627_103328/boundary_detail_1976FRA_GRA294-300_1_20260627T105444_99eab17ad01b.html,99eab17ad01b01b0b4a3674cb4be95adcd49a657637a2bc53696eba7357936da,2026-06-27T10:54:44.560325+00:00,"retryable HTTP status 500",3,2026-06-30T12:09:08.595484+00:00
https://kinetics.nist.gov/solution/Detail?id=1976GOY/ARM1848-1851:1,error,500,unknown,data/new_solution/boundary_probe/boundary_20260627_103328/boundary_detail_1976GOY_ARM1848-1851_1_20260627T104715_037173bf1c11.html,037173bf1c1113f51f2d056284288571981db612bf39f8ff3420799d34b1f25a,2026-06-27T10:47:15.855955+00:00,"retryable HTTP status 500",2,2026-07-29T12:26:06.238993+00:00
https://kinetics.nist.gov/solution/Detail?id=1976ILA/RAB1558-1562:1,error,500,unknown,data/new_solution/boundary_probe/boundary_20260627_103328/boundary_detail_1976ILA_RAB1558-1562_1_20260627T104628_342f34f96362.html,342f34f96362076b43b93d16aac37b3e0e6ccf88f67114ec295735beefe30d22,2026-06-27T10:46:28.512088+00:00,"retryable HTTP status 500",3,2026-07-29T12:26:06.242175+00:00
https://kinetics.nist.gov/solution/Detail?id=1976KIR/TAN5089-5096:1,error,500,unknown,data/new_solution/boundary_probe/boundary_20260627_103328/boundary_detail_1976KIR_TAN5089-5096_1_20260627T103733_48842485e4de.html,48842485e4de27787befa6af5c453c54e29f974427752df391cc77592eb59d7a,2026-06-27T10:37:33.819199+00:00,"retryable HTTP status 500",2,2026-07-29T12:26:06.243482+00:00
https://kinetics.nist.gov/solution/Detail?id=1976MAY/KRO267-275:1,error,500,unknown,data/new_solution/boundary_probe/boundary_20260627_103328/boundary_detail_1976MAY_KRO267-275_1_20260627T104636_66d9bec68199.html,66d9bec68199aa1a020a689b13c13ec36558371e3c3f11d2c530279d33b5dde3,2026-06-27T10:46:36.286840+00:00,"retryable HTTP status 500",3,2026-07-29T12:26:06.260222+00:00
https://kinetics.nist.gov/solution/Detail?id=1976MIZ/WOO343-348:1,error,500,unknown,data/new_solution/boundary_probe/boundary_20260627_103328/boundary_detail_1976MIZ_WOO343-348_1_20260627T104301_ca16dcc3a4af.html,ca16dcc3a4afc82b6c82278341063b287e13897b34fe0c87b4c4cdb9ed84cde1,2026-06-27T10:43:01.967219+00:00,"retryable HTTP status 500",2,2026-07-29T12:26:06.265516+00:00
https://kinetics.nist.gov/solution/Detail?id=1976SCH/GRA979-982:1,error,500,unknown,data/new_solution/boundary_probe/boundary_20260627_103328/boundary_detail_1976SCH_GRA979-982_1_20260627T104940_5a4a8b5cb1ac.html,5a4a8b5cb1ac42924ff4b9a5a712d5aff0597fbf6e0fcbdfa9cde4b159d87a36,2026-06-27T10:49:40.253938+00:00,"RetryableNistResponseError('NIST returned retryable HTTP 500 after 1 attempt(s).')",2,2026-07-29T09:46:18.358457+00:00
https://kinetics.nist.gov/solution/Detail?id=1977BIE/ALL1048-1050:1,error,500,unknown,data/new_solution/boundary_probe/boundary_20260627_103328/boundary_detail_1977BIE_ALL1048-1050_1_20260627T105211_6e6285a1fd7f.html,6e6285a1fd7fd7d9b7866b040cd481e87e7761101f5d664ff43cf34862f289d6,2026-06-27T10:52:11.499230+00:00,"retryable HTTP status 500",3,2026-06-30T12:10:43.032388+00:00
https://kinetics.nist.gov/solution/Detail?id=1977BLA/KYA250-255:1,error,500,unknown,data/new_solution/boundary_probe/boundary_20260627_103328/boundary_detail_1977BLA_KYA250-255_1_20260627T104908_04162cb139b7.html,04162cb139b71eb5ac17f6e43042fa74cd3e3ffdce76b1a2791bca53c6375061,2026-06-27T10:49:08.446669+00:00,"retryable HTTP status 500",2,2026-07-29T12:26:06.298641+00:00
https://kinetics.nist.gov/solution/Detail?id=1977CAS/KUK3371-3372:1,error,500,unknown,data/new_solution/boundary_probe/boundary_20260627_103328/boundary_detail_1977CAS_KUK3371-3372_1_20260627T105436_cac25e5d666e.html,cac25e5d666e2ca6bad3e627b51a55e7a7eaca71cc23cef12770b51d3d054eea,2026-06-27T10:54:36.769568+00:00,"retryable HTTP status 500",3,2026-06-30T12:11:01.208504+00:00
https://kinetics.nist.gov/solution/Detail?id=1977DRE/SCH391-403:1,error,500,unknown,data/new_solution/boundary_probe/boundary_20260627_103328/boundary_detail_1977DRE_SCH391-403_1_20260627T103843_1ab201bca74c.html,1ab201bca74c543c8ee713d4dec7b0e89d0ce590136f23dfa1feccd3bcfbdf86,2026-06-27T10:38:43.347433+00:00,"retryable HTTP status 500",2,2026-07-29T12:26:06.310000+00:00
https://kinetics.nist.gov/solution/Detail?id=1977LAN/PRU203-207:1,error,500,unknown,data/new_solution/boundary_probe/boundary_20260627_103328/boundary_detail_1977LAN_PRU203-207_1_20260627T103906_be6bf6416f17.html,be6bf6416f1758efed837f738176f06f984cc18be413afebda1b3ffc73a40643,2026-06-27T10:39:06.504043+00:00,"retryable HTTP status 500",2,2026-07-29T12:26:06.335413+00:00
https://kinetics.nist.gov/solution/Detail?id=1977MAR/TAN1944-1948:1,error,500,unknown,data/new_solution/boundary_probe/boundary_20260627_103328/boundary_detail_1977MAR_TAN1944-1948_1_20260627T103741_aa69013491cc.html,aa69013491ccb643adbee89b4e52571b365c5eb73dfeec956eb47c10d93f0bd4,2026-06-27T10:37:41.489562+00:00,"retryable HTTP status 500",3,2026-07-29T12:26:06.343701+00:00
https://kinetics.nist.gov/solution/Detail?id=1978HOI/BAD79-84:1,error,500,unknown,data/new_solution/boundary_probe/boundary_20260629_103806/boundary_detail_1978HOI_BAD79-84_1_20260629T103819_b0def7a191e0.html,b0def7a191e0f43a3866329ba4051ecde4d207418520498c26e9396bd2acda64,2026-06-29T10:38:19.356603+00:00,"retryable HTTP status 500",2,2026-07-29T12:26:06.438102+00:00
https://kinetics.nist.gov/solution/Detail?id=1978JOS/RUS205-229:1,error,500,unknown,data/new_solution/boundary_probe/boundary_20260627_103328/boundary_detail_1978JOS_RUS205-229_1_20260627T103718_8215904a4b9e.html,8215904a4b9e135e70bf1b62fa56516894aa64de19acc68c9ad195e5813c3b99,2026-06-27T10:37:18.376571+00:00,"retryable HTTP status 500",3,2026-07-29T12:26:06.443976+00:00
https://kinetics.nist.gov/solution/Detail?id=1978MEI/MAT117-122:1,error,500,unknown,data/new_solution/boundary_probe/boundary_20260629_103806/boundary_detail_1978MEI_MAT117-122_1_20260629T103826_fee87026ab6f.html,fee87026ab6f8c5f5929f3a3b78fac519e38877e913ede2ff1d53a3fd4c69424,2026-06-29T10:38:26.431746+00:00,"retryable HTTP status 500",2,2026-07-29T12:26:06.452357+00:00
https://kinetics.nist.gov/solution/Detail?id=1978MER/HER350-354:1,error,500,unknown,data/new_solution/boundary_probe/boundary_20260627_103328/boundary_detail_1978MER_HER350-354_1_20260627T104548_3d6c46aeca11.html,3d6c46aeca1197e2705f263ff13146227b3f27f44c05fbbe849a3ed2c3fa8b9f,2026-06-27T10:45:48.269256+00:00,"retryable HTTP status 500",3,2026-07-29T12:26:06.453715+00:00
https://kinetics.nist.gov/solution/Detail?id=1978MEY43-48:1,error,500,unknown,data/new_solution/boundary_probe/boundary_20260627_103328/boundary_detail_1978MEY43-48_1_20260627T110158_29a740b562e1.html,29a740b562e1319f0b17658dad007df4948bdbd8ca876875f3aaad1d66cfe10d,2026-06-27T11:01:58.264666+00:00,"retryable HTTP status 500",2,2026-06-27T11:02:00.043253+00:00
https://kinetics.nist.gov/solution/Detail?id=1978RYA/ESP3725-3726:1,error,500,unknown,data/new_solution/boundary_probe/boundary_20260627_103328/boundary_detail_1978RYA_ESP3725-3726_1_20260627T103545_003d17738cc3.html,003d17738cc36afcab9f030af8dc522b9c0a0f95045e1fdf78ed787fcafb78ea,2026-06-27T10:35:45.476215+00:00,"retryable HTTP status 500",2,2026-07-29T12:26:06.471368+00:00
https://kinetics.nist.gov/solution/Detail?id=1978SHT/PUR61-63:1,error,500,unknown,data/new_solution/boundary_probe/boundary_20260627_103328/boundary_detail_1978SHT_PUR61-63_1_20260627T105532_4be876891a93.html,4be876891a935c2c1fb519e8f9adce2c9131a23bd652171cae11da50acd80d5c,2026-06-27T10:55:32.001652+00:00,"retryable HTTP status 500",2,2026-06-27T10:55:33.912949+00:00
https://kinetics.nist.gov/solution/Detail?id=1978SUB/KAU1341-1344:1,error,500,unknown,data/new_solution/boundary_probe/boundary_20260627_103328/boundary_detail_1978SUB_KAU1341-1344_1_20260627T110009_de3801269c49.html,de3801269c4946be148827ec82ece9e725d5386a95483913eebf575b494ab00d,2026-06-27T11:00:09.882501+00:00,"retryable HTTP status 500",3,2026-06-30T12:16:31.756969+00:00
https://kinetics.nist.gov/solution/Detail?id=1978SUB/KAU1627-1630:1,error,500,unknown,data/new_solution/boundary_probe/boundary_20260627_103328/boundary_detail_1978SUB_KAU1627-1630_1_20260627T103812_d1aa16e5f6c5.html,d1aa16e5f6c551ae48bcefdd45d98665c1c739b01c900458279ff8a8d3648e91,2026-06-27T10:38:12.440647+00:00,"retryable HTTP status 500",2,2026-07-29T12:26:06.479164+00:00
https://kinetics.nist.gov/solution/Detail?id=1978SUZ/GOR3115-3118:1,error,500,unknown,data/new_solution/boundary_probe/boundary_20260627_103328/boundary_detail_1978SUZ_GOR3115-3118_1_20260627T104136_8c28b29f5605.html,8c28b29f56059ed3490d9d88cbbcb498ae05fba4e5c5d29dd513b5db92a78388,2026-06-27T10:41:36.269645+00:00,"retryable HTTP status 500",2,2026-07-29T12:26:06.482302+00:00
https://kinetics.nist.gov/solution/Detail?id=1978WIE/COH608-609:1,error,500,unknown,data/new_solution/boundary_probe/boundary_20260627_103328/boundary_detail_1978WIE_COH608-609_1_20260627T104723_8ebc949de43a.html,8ebc949de43a542293c1bf8818e78073dae44a781de52e47b7ebf6929cae0919,2026-06-27T10:47:23.810022+00:00,"retryable HTTP status 500",2,2026-07-29T12:26:06.487326+00:00
https://kinetics.nist.gov/solution/Detail?id=1979BAD/TAM165-171:1,error,500,unknown,data/new_solution/boundary_probe/boundary_20260627_103328/boundary_detail_1979BAD_TAM165-171_1_20260627T104612_55beaf9079da.html,55beaf9079daaf877059d723317e6f42a007beb7e875b4988a48299d2946e1ea,2026-06-27T10:46:12.561562+00:00,"retryable HTTP status 500",2,2026-07-29T12:26:06.488857+00:00
https://kinetics.nist.gov/solution/Detail?id=1979BRO/BRU1298-1300:1,error,500,unknown,data/new_solution/boundary_probe/boundary_20260627_103328/boundary_detail_1979BRO_BRU1298-1300_1_20260627T104117_a8c213fed67e.html,a8c213fed67e4b89c8bf2028823a85a1e7c3918de6755a8bd711a47db17ef0d3,2026-06-27T10:41:17.723047+00:00,"retryable HTTP status 500",2,2026-06-27T10:41:19.483928+00:00
https://kinetics.nist.gov/solution/Detail?id=1979BRO/CHA7638-7640:1,error,500,unknown,data/new_solution/boundary_probe/boundary_20260627_103328/boundary_detail_1979BRO_CHA7638-7640_1_20260627T103827_eb30cc2f3dbc.html,eb30cc2f3dbc0661fbf2ed5478fbad7c817f8c22c19e6ab683a96dc4c12e6a73,2026-06-27T10:38:27.971593+00:00,"retryable HTTP status 500",2,2026-07-29T12:26:06.493261+00:00
https://kinetics.nist.gov/solution/Detail?id=1979END/NET4000-4002:1,error,500,unknown,data/new_solution/boundary_probe/boundary_20260627_103328/boundary_detail_1979END_NET4000-4002_1_20260627T105357_33601423c4c1.html,33601423c4c13ecaa405b1ee3c58c56c81beedf12b5e2a7c6d02d4249d1d2595,2026-06-27T10:53:57.552136+00:00,"retryable HTTP status 500",2,2026-06-27T10:53:59.345942+00:00
https://kinetics.nist.gov/solution/Detail?id=1979HEN2858-2862:1,error,500,unknown,data/new_solution/boundary_probe/boundary_20260627_103328/boundary_detail_1979HEN2858-2862_1_20260627T105301_7d79ae7d4101.html,7d79ae7d4101a48e00ca17bade0575bf6f0409a0a515da7feef410c36dc1e870,2026-06-27T10:53:01.759245+00:00,"retryable HTTP status 500",2,2026-06-27T10:53:03.595539+00:00
https://kinetics.nist.gov/solution/Detail?id=1979PRU/LAN513-520:1,error,500,unknown,data/new_solution/boundary_probe/boundary_20260627_103328/boundary_detail_1979PRU_LAN513-520_1_20260627T103749_2c3115acb733.html,2c3115acb7336ee1ed61eaad7a1831c4ab917f4c1abf42e9f19509c3f07979f6,2026-06-27T10:37:49.202088+00:00,"retryable HTTP status 500",2,2026-07-29T12:26:06.561527+00:00
https://kinetics.nist.gov/solution/Detail?id=1979SUT19-40:1,error,500,unknown,data/new_solution/boundary_probe/boundary_20260627_103328/boundary_detail_1979SUT19-40_1_20260627T104604_37adbe0561ee.html,37adbe0561ee9adce909dbc96eea9fab7adb1fda7323935d26b949a6ce3cf999,2026-06-27T10:46:04.546780+00:00,"retryable HTTP status 500",2,2026-07-29T12:26:06.611958+00:00
https://kinetics.nist.gov/solution/Detail?id=1980BER/KRI1-7:1,error,500,unknown,data/new_solution/boundary_probe/boundary_20260627_103328/boundary_detail_1980BER_KRI1-7_1_20260627T104000_fc4af922ef5d.html,fc4af922ef5d9c4d56657e510c60693aa5ef7e5ed6b2894933fa543d2298c468,2026-06-27T10:40:00.488593+00:00,"retryable HTTP status 500",2,2026-07-29T12:26:06.634577+00:00
https://kinetics.nist.gov/solution/Detail?id=1980GAL/MAS1731-1735:1,error,500,unknown,data/new_solution/boundary_probe/boundary_20260627_103328/boundary_detail_1980GAL_MAS1731-1735_1_20260627T103756_3a630c7815c6.html,3a630c7815c62718fab0b579eff38d3a33817bfc5604cb2ef44007659340a493,2026-06-27T10:37:56.905390+00:00,"retryable HTTP status 500",2,2026-07-29T12:26:06.671636+00:00
https://kinetics.nist.gov/solution/Detail?id=1980HAR/BRO163-167:1,error,500,unknown,data/new_solution/boundary_probe/boundary_20260627_103328/boundary_detail_1980HAR_BRO163-167_1_20260627T110557_027e3ad238a9.html,027e3ad238a9990ab6b40e07a22afb874fc089774b6f82514a3669d28844d51c,2026-06-27T11:05:57.621275+00:00,"retryable HTTP status 500",2,2026-06-27T11:05:59.404533+00:00
https://kinetics.nist.gov/solution/Detail?id=1980HAR/BRO2237-2240:1,error,500,unknown,data/new_solution/boundary_probe/boundary_20260627_103328/boundary_detail_1980HAR_BRO2237-2240_1_20260627T110119_a56b4fe19925.html,a56b4fe19925ef0d5b4a7136ae50fab590daa6f1b4185cf5dc3f045aae63c12d,2026-06-27T11:01:19.374828+00:00,"retryable HTTP status 500",2,2026-06-27T11:01:21.152592+00:00
https://kinetics.nist.gov/solution/Detail?id=1980MEH/WIL2177-2178:1,error,500,unknown,data/new_solution/boundary_probe/boundary_20260627_103328/boundary_detail_1980MEH_WIL2177-2178_1_20260627T105858_9c5a8857d74b.html,9c5a8857d74b442a06bbf2920d0538bec3ddcfcb4b312e93ccfcf0ff90ab51bc,2026-06-27T10:58:58.051097+00:00,"retryable HTTP status 500",2,2026-06-27T10:58:59.907222+00:00
https://kinetics.nist.gov/solution/Detail?id=1980SCA/WIL3244-3247:1,error,500,unknown,data/new_solution/boundary_probe/boundary_20260627_103328/boundary_detail_1980SCA_WIL3244-3247_1_20260627T105539_599773cf24cc.html,599773cf24cc8589b218ed6ee493ce2c90793756fa729ccf7f99775f9939cda7,2026-06-27T10:55:39.935009+00:00,"retryable HTTP status 500",2,2026-06-27T10:55:41.782428+00:00
https://kinetics.nist.gov/solution/Detail?id=1980SOE/VON391-394:1,error,500,unknown,data/new_solution/boundary_probe/boundary_20260627_103328/boundary_detail_1980SOE_VON391-394_1_20260627T104349_cbda084e77e8.html,cbda084e77e8e854fe443da902f2f596a38f7d5e06241a2cb0cb105c25de7033,2026-06-27T10:43:49.174510+00:00,"retryable HTTP status 500",2,2026-06-27T10:43:50.962631+00:00
https://kinetics.nist.gov/solution/Detail?id=1981BIE/ALL3516-3518:1,error,500,unknown,data/new_solution/boundary_probe/boundary_20260627_103328/boundary_detail_1981BIE_ALL3516-3518_1_20260627T110410_edaea58e3838.html,edaea58e38389658f399992df0f4a898906f899a2bbe0fbd755c1791c54d1c6c,2026-06-27T11:04:10.711704+00:00,"retryable HTTP status 500",2,2026-06-27T11:04:12.399722+00:00
https://kinetics.nist.gov/solution/Detail?id=1981BIZ/MOR315-321:1,error,500,unknown,data/new_solution/boundary_probe/boundary_20260630_095206/boundary_detail_1981BIZ_MOR315-321_1_20260630T095206_ff85db506ed4.html,ff85db506ed48572e81df0100d2f4636eaa9d6738b07e97e64dbd1c5eb130831,2026-06-30T09:52:06.188750+00:00,"retryable HTTP status 500",2,2026-07-29T12:26:06.742467+00:00
https://kinetics.nist.gov/solution/Detail?id=1981HIL/ASM597-604:1,error,500,unknown,data/new_solution/boundary_probe/boundary_20260627_103328/boundary_detail_1981HIL_ASM597-604_1_20260627T104214_e4379c84df26.html,e4379c84df26d40dd0ce31e456cc702445ac9a9d8d7209d67ea6f81e38a8a355,2026-06-27T10:42:14.778813+00:00,"retryable HTTP status 500",2,2026-06-27T10:42:17.446900+00:00
https://kinetics.nist.gov/solution/Detail?id=1981HOE/BIS65-71:1,error,500,unknown,data/new_solution/boundary_probe/boundary_20260627_103328/boundary_detail_1981HOE_BIS65-71_1_20260627T104747_2a4eddbcaa81.html,2a4eddbcaa81d73288d9bee29b47b8e7a06fd4c15a1262b3143e43cfe12ce986,2026-06-27T10:47:47.739701+00:00,"retryable HTTP status 500",2,2026-07-29T12:26:06.765929+00:00
https://kinetics.nist.gov/solution/Detail?id=1981KUM5179-5182:1,error,500,unknown,data/new_solution/boundary_probe/boundary_20260627_103328/boundary_detail_1981KUM5179-5182_1_20260627T105317_a2618c8a382b.html,a2618c8a382b46fa946411006db9751d59cc04ecfbabb63db1f56833703ec5a2,2026-06-27T10:53:17.790328+00:00,"retryable HTTP status 500",2,2026-07-29T12:26:06.781478+00:00
https://kinetics.nist.gov/solution/Detail?id=1981MUR/BUR398-403:1,error,500,unknown,data/new_solution/boundary_probe/boundary_20260627_103328/boundary_detail_1981MUR_BUR398-403_1_20260627T110505_47f526207848.html,47f5262078489eccf77e57c6b179fd36b40f88c80e53b51807fe489809f63211,2026-06-27T11:05:05.462768+00:00,"retryable HTTP status 500",2,2026-06-27T11:05:12.619139+00:00
https://kinetics.nist.gov/solution/Detail?id=1981RYA/ESP4401-4404:1,error,500,unknown,data/new_solution/boundary_probe/boundary_20260627_103328/boundary_detail_1981RYA_ESP4401-4404_1_20260627T110316_8a1be2063e83.html,8a1be2063e83ae20c2112135db424931667b17a852bd90f1a7b71813f3c61e15,2026-06-27T11:03:16.021235+00:00,"retryable HTTP status 500",2,2026-06-27T11:03:17.808214+00:00
https://kinetics.nist.gov/solution/Detail?id=1981WIL/BRU809-999:1,error,500,unknown,data/new_solution/boundary_probe/boundary_20260630_095206/boundary_detail_1981WIL_BRU809-999_1_20260630T095212_f6a2695b9be4.html,f6a2695b9be489d54b4fd852e4c60c543cc8f0b83e92747a7bbc3047f25703e3,2026-06-30T09:52:12.903231+00:00,"retryable HTTP status 500",2,2026-07-29T12:26:06.813642+00:00
https://kinetics.nist.gov/solution/Detail?id=1982ALB/FOU37-54:1,error,500,unknown,data/new_solution/boundary_probe/boundary_20260627_103328/boundary_detail_1982ALB_FOU37-54_1_20260627T110206_565fc2d13e0d.html,565fc2d13e0dfcf4e10501a09f5b77251f9c99b1876ae6f132007ecd8c86accc,2026-06-27T11:02:06.065609+00:00,"retryable HTTP status 500",2,2026-06-27T11:02:07.975889+00:00
https://kinetics.nist.gov/solution/Detail?id=1982DEO/HAI3363-3366:1,error,500,unknown,data/new_solution/boundary_probe/boundary_20260627_103328/boundary_detail_1982DEO_HAI3363-3366_1_20260627T104356_c0bbf2e2443f.html,c0bbf2e2443f2223dd8b56ef3ef27ceca99e12b0badbcb1be34256ef5cddae1b,2026-06-27T10:43:56.984006+00:00,"retryable HTTP status 500",2,2026-06-27T10:43:59.331482+00:00
https://kinetics.nist.gov/solution/Detail?id=1982KAZ/SHO269-281:1,error,500,unknown,data/new_solution/boundary_probe/boundary_20260627_103328/boundary_detail_1982KAZ_SHO269-281_1_20260627T104054_9e1ec3446015.html,9e1ec34460153840e253134d91b4044511a3457cdba53844f9e0c67b9a6e4ab4,2026-06-27T10:40:54.575373+00:00,"retryable HTTP status 500",2,2026-06-27T10:40:56.233115+00:00
https://kinetics.nist.gov/solution/Detail?id=1982LAU/LOD1341-1355:1,error,500,unknown,data/new_solution/boundary_probe/boundary_20260627_103328/boundary_detail_1982LAU_LOD1341-1355_1_20260627T110252_e2f182858a30.html,e2f182858a30a756b96a421b373814a130dc4ee4be357b192573f1ff434d0296,2026-06-27T11:02:52.762469+00:00,"retryable HTTP status 500",2,2026-06-27T11:02:54.520181+00:00
https://kinetics.nist.gov/solution/Detail?id=1982MUL/COH4016-4020:1,error,500,unknown,data/new_solution/boundary_probe/boundary_20260627_103328/boundary_detail_1982MUL_COH4016-4020_1_20260627T105155_f99b8e0aa5dc.html,f99b8e0aa5dc691be09a602e1777b1ff0c6ed5ea081b89571c9a70d748ca85ea,2026-06-27T10:51:55.674736+00:00,"retryable HTTP status 500",2,2026-07-29T12:26:06.875345+00:00
https://kinetics.nist.gov/solution/Detail?id=1982MUL/MEY4124-4128:1,error,500,unknown,data/new_solution/boundary_probe/boundary_20260627_103328/boundary_detail_1982MUL_MEY4124-4128_1_20260627T105035_dc389de29777.html,dc389de29777466c6904897f74f9b7f2f6c498e8e6509b6544622fc7fd66adf8,2026-06-27T10:50:35.919761+00:00,"retryable HTTP status 500",2,2026-06-27T10:50:38.274837+00:00
https://kinetics.nist.gov/solution/Detail?id=1982RYA/ESP704-712:1,error,500,unknown,data/new_solution/boundary_probe/boundary_20260627_103328/boundary_detail_1982RYA_ESP704-712_1_20260627T103835_79a0dd48cdb1.html,79a0dd48cdb1635bbdcbcdc25f7396d6524cc769f1447006d5076c3fe8572aa2,2026-06-27T10:38:35.680406+00:00,"retryable HTTP status 500",2,2026-06-27T10:38:37.328521+00:00
https://kinetics.nist.gov/solution/Detail?id=1982SCH/VON1995-2000:1,error,500,unknown,data/new_solution/boundary_probe/boundary_20260627_103328/boundary_detail_1982SCH_VON1995-2000_1_20260627T103851_4493005bcc7e.html,4493005bcc7e865d5c40ef5bbb180e36b4ab5c557b12835ae2ca90264b06d529,2026-06-27T10:38:51.034738+00:00,"retryable HTTP status 500",2,2026-06-27T10:38:52.715418+00:00
https://kinetics.nist.gov/solution/Detail?id=1983ESP/CON1009-1013:1,error,500,unknown,data/new_solution/boundary_probe/boundary_20260627_103328/boundary_detail_1983ESP_CON1009-1013_1_20260627T110221_fad8fcd3438f.html,fad8fcd3438fbcf99ff5bb3a1b5e8873706a91e555947dd96ab65b47bfc5b3be,2026-06-27T11:02:21.713626+00:00,"retryable HTTP status 500",2,2026-07-29T12:26:06.937042+00:00
https://kinetics.nist.gov/solution/Detail?id=1983FOR/MON961-965:1,error,500,unknown,data/new_solution/boundary_probe/boundary_20260627_103328/boundary_detail_1983FOR_MON961-965_1_20260627T105810_64b3fc0846bc.html,64b3fc0846bcb8081b87ea47ae63a710140c1ca96afc53219faf00dbb3ffba51,2026-06-27T10:58:10.244020+00:00,"retryable HTTP status 500",2,2026-06-27T10:58:12.128054+00:00
https://kinetics.nist.gov/solution/Detail?id=1983KAN/MAR1301-1310:1,error,500,unknown,data/new_solution/boundary_probe/boundary_20260627_103328/boundary_detail_1983KAN_MAR1301-1310_1_20260627T110449_e57deb9c4504.html,e57deb9c45042c0204346d55e9defb5b5f3a0f4d6d7caf74cf5568171e2489f3,2026-06-27T11:04:49.614766+00:00,"retryable HTTP status 500",2,2026-07-29T12:26:06.944531+00:00
https://kinetics.nist.gov/solution/Detail?id=1983LEH/FIS733-757:2,error,500,unknown,data/new_solution/boundary_probe/boundary_20260627_103328/boundary_detail_1983LEH_FIS733-757_2_20260627T103342_5d2e2eec3de3.html,5d2e2eec3de31b464ff13af27b13b031ab45d457ce74df18aa31309668a7a4a0,2026-06-27T10:33:42.549892+00:00,"retryable HTTP status 500",1,2026-06-27T10:33:42.991482+00:00
https://kinetics.nist.gov/solution/Detail?id=1983MCH/ESP784-786:1,error,500,unknown,data/new_solution/boundary_probe/boundary_20260627_103328/boundary_detail_1983MCH_ESP784-786_1_20260627T105500_b8280491a630.html,b8280491a630a0659f59c33a37d4e23548d5eca6b342abc9ede082ced98fa26d,2026-06-27T10:55:00.505378+00:00,"retryable HTTP status 500",2,2026-06-27T10:55:02.467606+00:00
https://kinetics.nist.gov/solution/Detail?id=1983SCH/WHI1-116:1,error,500,unknown,data/new_solution/boundary_probe/boundary_20260627_103328/boundary_detail_1983SCH_WHI1-116_1_20260627T105524_e0d3928b0c77.html,e0d3928b0c7747f5de72a88769f2711949c542eb5852b35d21e8e9009dfc0c9a,2026-06-27T10:55:24.199813+00:00,"retryable HTTP status 500",2,2026-06-27T10:55:25.972400+00:00
https://kinetics.nist.gov/solution/Detail?id=1983SHI/ESP334-337:1,error,500,unknown,data/new_solution/boundary_probe/boundary_20260627_103328/boundary_detail_1983SHI_ESP334-337_1_20260627T105555_e031e7eec1df.html,e031e7eec1df17fc55c5a3c5c5befe839edc57a1f5d221f77518dd5a3d07a35d,2026-06-27T10:55:55.587977+00:00,"retryable HTTP status 500",2,2026-06-27T10:55:57.454782+00:00
https://kinetics.nist.gov/solution/Detail?id=1983SUB397-403:1,error,500,unknown,data/new_solution/boundary_probe/boundary_20260627_103328/boundary_detail_1983SUB397-403_1_20260627T104102_80a608333588.html,80a60833358881e1a6d54e3b704551cd08608060a3837d2fe8db261c6cc3f988,2026-06-27T10:41:02.251577+00:00,"retryable HTTP status 500",2,2026-07-29T12:26:06.988194+00:00
https://kinetics.nist.gov/solution/Detail?id=1983SWI/END56-61:1,error,500,unknown,data/new_solution/boundary_probe/boundary_20260627_103328/boundary_detail_1983SWI_END56-61_1_20260627T105139_3cfc30d8057d.html,3cfc30d8057dd4d63c151c22b54b0902e2efc6efe1704e0b4d51d07d3d08d653,2026-06-27T10:51:39.490017+00:00,"RetryableNistResponseError('NIST returned retryable HTTP 500 after 5 attempt(s).')",2,2026-07-29T12:25:25.134910+00:00
https://kinetics.nist.gov/solution/Detail?id=1984ALS/HIS601-608:1,error,500,unknown,data/new_solution/boundary_probe/boundary_20260627_103328/boundary_detail_1984ALS_HIS601-608_1_20260627T105253_d65090ea9a6d.html,d65090ea9a6d1da6e920f9daff7a361ae287c7b588843cfe29f3011837572ac0,2026-06-27T10:52:53.878090+00:00,"retryable HTTP status 500",2,2026-06-27T10:52:55.719034+00:00
https://kinetics.nist.gov/solution/Detail?id=1984BLA/ESP3526-3528:1,error,500,unknown,data/new_solution/boundary_probe/boundary_20260627_103328/boundary_detail_1984BLA_ESP3526-3528_1_20260627T105929_d8884b87bbc5.html,d8884b87bbc527a5a7f66099e168b81fd50a326b1b2d0d982d00dcf36529e167,2026-06-27T10:59:29.610104+00:00,"retryable HTTP status 500",2,2026-07-29T12:26:07.013942+00:00
https://kinetics.nist.gov/solution/Detail?id=1984BUT/LIN2227-2231:1,error,500,unknown,data/new_solution/boundary_probe/boundary_20260627_103328/boundary_detail_1984BUT_LIN2227-2231_1_20260627T105341_f1dc8aa77390.html,f1dc8aa77390eb51c28d29b9a3ae03f6294c444fbcdc4da5e7b43e4320bfa50c,2026-06-27T10:53:41.711863+00:00,"retryable HTTP status 500",2,2026-06-27T10:53:43.479654+00:00
https://kinetics.nist.gov/solution/Detail?id=1984HOE/BUT212-218:1,error,500,unknown,data/new_solution/boundary_probe/boundary_20260627_103328/boundary_detail_1984HOE_BUT212-218_1_20260627T103820_8d17ff547059.html,8d17ff547059cdf8ff3b30417f1ed7c304ca96bb9c03ef85c2dd95efbeede4a2,2026-06-27T10:38:20.289087+00:00,"retryable HTTP status 500",2,2026-07-29T12:26:07.049925+00:00
https://kinetics.nist.gov/solution/Detail?id=1984KAZ/SHO4332-4341:1,error,500,unknown,data/new_solution/boundary_probe/boundary_20260627_103328/boundary_detail_1984KAZ_SHO4332-4341_1_20260627T104413_3ac69e7b5f7e.html,3ac69e7b5f7ed15a2519e408672bcee986ad9b5600342c51e9a52e4bd99d6f52,2026-06-27T10:44:13.216364+00:00,"retryable HTTP status 500",2,2026-06-27T10:44:15.035214+00:00
https://kinetics.nist.gov/solution/Detail?id=1984LAD/ZIM241-244:1,error,500,unknown,data/new_solution/boundary_probe/boundary_20260627_103328/boundary_detail_1984LAD_ZIM241-244_1_20260627T103631_16cbac116909.html,16cbac116909bc9a01eea8a0fceadf4f22fe867c5ddec71883a334ca5dc2717f,2026-06-27T10:36:31.805250+00:00,"retryable HTTP status 500",2,2026-07-29T12:26:07.051149+00:00
https://kinetics.nist.gov/solution/Detail?id=1984MOR/NET3118-3120:1,error,500,unknown,data/new_solution/boundary_probe/boundary_20260627_103328/boundary_detail_1984MOR_NET3118-3120_1_20260627T110017_3b5b322bace5.html,3b5b322bace5fd11cc149b094508fbc17843996364b77b3d3d15e68c1def5745,2026-06-27T11:00:17.799384+00:00,"retryable HTTP status 500",2,2026-06-27T11:00:19.731501+00:00
https://kinetics.nist.gov/solution/Detail?id=1984SCA/LEI2355-2358:1,error,500,unknown,data/new_solution/boundary_probe/boundary_20260627_103328/boundary_detail_1984SCA_LEI2355-2358_1_20260627T104900_ff0519d3a98d.html,ff0519d3a98da5014081b87d1e364b282614ff64387313c04768b344b8377bc8,2026-06-27T10:49:00.619488+00:00,"retryable HTTP status 500",2,2026-06-27T10:49:02.424528+00:00
https://kinetics.nist.gov/solution/Detail?id=1984SOL/SOL2929-2934:1,error,500,unknown,data/new_solution/boundary_probe/boundary_20260627_103328/boundary_detail_1984SOL_SOL2929-2934_1_20260627T110518_2a4f7ce7cfde.html,2a4f7ce7cfde90db85171688522952a4ebf0426a6fd90dcff000e57c66d78822,2026-06-27T11:05:18.641403+00:00,"retryable HTTP status 500",2,2026-07-29T12:26:07.088853+00:00
https://kinetics.nist.gov/solution/Detail?id=1984STA/LED2847-2853:1,error,500,unknown,data/new_solution/boundary_probe/boundary_20260627_103328/boundary_detail_1984STA_LED2847-2853_1_20260627T105012_341f6493bec5.html,341f6493bec54c4cb625c616fcc60e2bd2855b466304458001c0e2dd8fdd4bc0,2026-06-27T10:50:12.009340+00:00,"retryable HTTP status 500",2,2026-07-29T12:26:07.092561+00:00
https://kinetics.nist.gov/solution/Detail?id=1984STA2879-2882:1,error,500,unknown,data/new_solution/boundary_probe/boundary_20260627_103328/boundary_detail_1984STA2879-2882_1_20260627T104341_981e22758614.html,981e2275861445566ae7c9d1ac23a0787e289b023454a0b5cea778173fa71c11,2026-06-27T10:43:41.117702+00:00,"retryable HTTP status 500",2,2026-06-27T10:43:43.149571+00:00
https://kinetics.nist.gov/solution/Detail?id=1984VEN/MUL229-236:1,error,500,unknown,data/new_solution/boundary_probe/boundary_20260627_103328/boundary_detail_1984VEN_MUL229-236_1_20260627T105309_8c8e6f6175d2.html,8c8e6f6175d20495c035aca53cdeaa27e92130b1eb7b4da7cdcc3c9891dc5436,2026-06-27T10:53:09.610996+00:00,"retryable HTTP status 500",2,2026-06-27T10:53:11.768208+00:00
https://kinetics.nist.gov/solution/Detail?id=1984ZEG/SCH5589-5593:1,error,500,unknown,data/new_solution/boundary_probe/boundary_20260627_103328/boundary_detail_1984ZEG_SCH5589-5593_1_20260627T105547_fb12860a6db8.html,fb12860a6db83e464ef7d2734794e4c46a3b40cac2c0bb7b0d3b3763fd10b077,2026-06-27T10:55:47.808937+00:00,"retryable HTTP status 500",2,2026-06-27T10:55:49.565790+00:00
https://kinetics.nist.gov/solution/Detail?id=1985BLA/ESP3530-3533:1,error,500,unknown,data/new_solution/boundary_probe/boundary_20260627_103328/boundary_detail_1985BLA_ESP3530-3533_1_20260627T105052_1e48109df850.html,1e48109df850adfa910528362b86707fd1f3f713c0d91b55bc1783c4ffd3c123,2026-06-27T10:50:52.082628+00:00,"retryable HTTP status 500",2,2026-07-29T12:26:07.115138+00:00
https://kinetics.nist.gov/solution/Detail?id=1985CLE/LES5178-5182:1,error,500,unknown,data/new_solution/boundary_probe/boundary_20260627_103328/boundary_detail_1985CLE_LES5178-5182_1_20260627T104948_7be12351306f.html,7be12351306fbdf0cdc6c7c3362676c8dc3211a54a1602a11c7916ef0db57bef,2026-06-27T10:49:48.435219+00:00,"retryable HTTP status 500",2,2026-06-27T10:49:50.272344+00:00
https://kinetics.nist.gov/solution/Detail?id=1985DAR/MOG1163-1166:1,error,500,unknown,data/new_solution/boundary_probe/boundary_20260627_103328/boundary_detail_1985DAR_MOG1163-1166_1_20260627T104207_264732885160.html,2647328851607088c14c4aa14286a25547a4dd10f85f02363aa1eadffb4ec0ec,2026-06-27T10:42:07.061955+00:00,"retryable HTTP status 500",2,2026-06-27T10:42:08.761163+00:00
https://kinetics.nist.gov/solution/Detail?id=1985GOL/CZA373-380:1,error,500,unknown,data/new_solution/boundary_probe/boundary_20260627_103328/boundary_detail_1985GOL_CZA373-380_1_20260627T110214_fdbea378c616.html,fdbea378c616be8870c4b72e649393055890b8b50684e27c35ddfb57a0f47648,2026-06-27T11:02:14.003131+00:00,"retryable HTTP status 500",2,2026-06-27T11:02:15.690829+00:00
https://kinetics.nist.gov/solution/Detail?id=1985KIM/YAM1527-1531:1,error,500,unknown,data/new_solution/boundary_probe/boundary_20260627_103328/boundary_detail_1985KIM_YAM1527-1531_1_20260627T103514_f1cfdbc15204.html,f1cfdbc15204d619651be85c5b4c639c39a8c7c9def769a07e6e59704b71f30d,2026-06-27T10:35:14.675972+00:00,"retryable HTTP status 500",2,2026-06-27T10:35:16.397618+00:00
https://kinetics.nist.gov/solution/Detail?id=1985NAH/RAB2468-2472:1,error,500,unknown,data/new_solution/boundary_probe/boundary_20260627_103328/boundary_detail_1985NAH_RAB2468-2472_1_20260627T105115_3a82fe767262.html,3a82fe7672620c48637d4291104ebc4ff447a0567d1a983439136da6186139f9,2026-06-27T10:51:15.748626+00:00,"retryable HTTP status 500",2,2026-06-27T10:51:17.694698+00:00
https://kinetics.nist.gov/solution/Detail?id=1985OHS/SAK222-225:1,error,500,unknown,data/new_solution/boundary_probe/boundary_20260627_103328/boundary_detail_1985OHS_SAK222-225_1_20260627T110134_77e0aec3e7b8.html,77e0aec3e7b82f00d05385595ab742a19a495bde87f739fb4a2de5de487fd7d6,2026-06-27T11:01:34.918787+00:00,"retryable HTTP status 500",2,2026-07-29T12:26:07.161362+00:00
https://kinetics.nist.gov/solution/Detail?id=1985TAM/BAD259-270:1,error,500,unknown,data/new_solution/boundary_probe/boundary_20260627_103328/boundary_detail_1985TAM_BAD259-270_1_20260627T103553_ec7f814e8221.html,ec7f814e8221ec8cf4dfe4373df49c3d117b23b66a807b9674a43ff0e349dc94,2026-06-27T10:35:53.227673+00:00,"retryable HTTP status 500",2,2026-06-27T10:35:54.874005+00:00
https://kinetics.nist.gov/solution/Detail?id=1986AVI/SHA567-572:1,error,500,unknown,data/new_solution/boundary_probe/boundary_20260627_103328/boundary_detail_1986AVI_SHA567-572_1_20260627T105842_e5aa0e635aac.html,e5aa0e635aacc6be339d4c80a424af0920e11da2a70824e218168be41f2c179a,2026-06-27T10:58:42.032199+00:00,"retryable HTTP status 500",2,2026-06-27T10:58:44.035421+00:00
https://kinetics.nist.gov/solution/Detail?id=1986BAK/BUT2562-2566:10,error,500,unknown,data/new_solution/boundary_probe/boundary_20260627_103328/boundary_detail_1986BAK_BUT2562-2566_10_20260627T103459_be94487b48fa.html,be94487b48fa3965f444d4d2ba8ebbda6a4b79b709c5eed75023a3187e8983b8,2026-06-27T10:34:59.751121+00:00,"retryable HTTP status 500",1,2026-06-27T10:35:00.818403+00:00
https://kinetics.nist.gov/solution/Detail?id=1986BAK/ESP713-719:1,error,500,unknown,data/new_solution/boundary_probe/boundary_20260627_103328/boundary_detail_1986BAK_ESP713-719_1_20260627T104436_416b7ad16bcf.html,416b7ad16bcf1db5adf157cb61521b00bf59dc95c3b414df2526986af82b5552,2026-06-27T10:44:36.730776+00:00,"retryable HTTP status 500",2,2026-06-27T10:44:38.537543+00:00
https://kinetics.nist.gov/solution/Detail?id=1986ELL/PAD314-320:1,error,500,unknown,data/new_solution/boundary_probe/boundary_20260627_103328/boundary_detail_1986ELL_PAD314-320_1_20260627T105059_ed39ccc1644d.html,ed39ccc1644dd8a6a8755f2f192c80c293e1255df8b55ae414eeb0771776808e,2026-06-27T10:50:59.897479+00:00,"retryable HTTP status 500",2,2026-07-29T12:26:07.237760+00:00
https://kinetics.nist.gov/solution/Detail?id=1986FIE/FOE5400-5407:1,error,500,unknown,data/new_solution/boundary_probe/boundary_20260627_103328/boundary_detail_1986FIE_FOE5400-5407_1_20260627T104508_40741e40bfe4.html,40741e40bfe4bd517ffc2e17f68c186dbc1e0213e5550def285d0a621ca2d098,2026-06-27T10:45:08.573480+00:00,"retryable HTTP status 500",2,2026-06-27T10:45:10.417433+00:00
https://kinetics.nist.gov/solution/Detail?id=1986GOL/KOZ627-628:1,error,500,unknown,data/new_solution/boundary_probe/boundary_20260627_103328/boundary_detail_1986GOL_KOZ627-628_1_20260627T103655_027b6f1d44a7.html,027b6f1d44a7a66b518e10eec311e88f2388a026fc3f8c24b9470f4ff8d88304,2026-06-27T10:36:55.228398+00:00,"retryable HTTP status 500",2,2026-06-27T10:36:56.894623+00:00
https://kinetics.nist.gov/solution/Detail?id=1986HOS/ARA2109-2111:1,error,500,unknown,data/new_solution/boundary_probe/boundary_20260627_103328/boundary_detail_1986HOS_ARA2109-2111_1_20260627T110245_739568b5ae9c.html,739568b5ae9c4f1e4ef886816c71db3b3815ae345a77a297d81e5dcb75bf65a5,2026-06-27T11:02:45.026803+00:00,"retryable HTTP status 500",2,2026-06-27T11:02:46.738153+00:00
https://kinetics.nist.gov/solution/Detail?id=1986LIT/HU3131-3135:1,error,500,unknown,data/new_solution/boundary_probe/boundary_20260627_103328/boundary_detail_1986LIT_HU3131-3135_1_20260627T104151_6e254d4ff4e4.html,6e254d4ff4e42effca4a79ce526690272e18e8331f611311fb9f8ae1123f196d,2026-06-27T10:41:51.698864+00:00,"retryable HTTP status 500",2,2026-06-27T10:41:53.349328+00:00
https://kinetics.nist.gov/solution/Detail?id=1986MEL/BAK3360-3367:1,error,500,unknown,data/new_solution/boundary_probe/boundary_20260627_103328/boundary_detail_1986MEL_BAK3360-3367_1_20260627T110457_8b6fd29fec33.html,8b6fd29fec339379af2a3e19ff76ecd27e9ae152bb08c20cc4f54893cb700c99,2026-06-27T11:04:57.408424+00:00,"retryable HTTP status 500",2,2026-06-27T11:04:59.447209+00:00
https://kinetics.nist.gov/solution/Detail?id=1986NAG/TAK2247-2251:1,error,500,unknown,data/new_solution/boundary_probe/boundary_20260627_103328/boundary_detail_1986NAG_TAK2247-2251_1_20260627T104317_c66e2c0f43e5.html,c66e2c0f43e5b7ae61df41c83c8caa00374cc241399e9b1f7ef356c8622e40c5,2026-06-27T10:43:17.734352+00:00,"retryable HTTP status 500",2,2026-06-27T10:43:19.501501+00:00
https://kinetics.nist.gov/solution/Detail?id=1986RAM/BAK3267-3272:1,error,500,unknown,data/new_solution/boundary_probe/boundary_20260627_103328/boundary_detail_1986RAM_BAK3267-3272_1_20260627T103608_eb99be3d998f.html,eb99be3d998f523494cab8ec5f77915ff95fc8596285b89a5bd3b115612785dc,2026-06-27T10:36:08.597680+00:00,"retryable HTTP status 500",2,2026-06-27T10:36:10.306384+00:00
https://kinetics.nist.gov/solution/Detail?id=1986SHA/MIT359-361:3,error,500,unknown,data/new_solution/boundary_probe/boundary_20260627_103328/boundary_detail_1986SHA_MIT359-361_3_20260627T110542_a67dd42d44ba.html,a67dd42d44baf7b8466b80ad79dfff0cd98bc6264098c4ad413e5b4cf664e949,2026-06-27T11:05:42.264906+00:00,"retryable HTTP status 500",1,2026-06-27T11:05:43.803986+00:00
https://kinetics.nist.gov/solution/Detail?id=1986SHI/MOR661-664:1,error,500,unknown,data/new_solution/boundary_probe/boundary_20260627_103328/boundary_detail_1986SHI_MOR661-664_1_20260627T105508_2912bedab089.html,2912bedab089e43fba071b8d24baf182bf3ef82db2b00149d71a390700a92d31,2026-06-27T10:55:08.487554+00:00,"retryable HTTP status 500",2,2026-06-27T10:55:10.388444+00:00
https://kinetics.nist.gov/solution/Detail?id=1987BAL/JOH3860-3863:1,error,500,unknown,data/new_solution/boundary_probe/boundary_20260627_103328/boundary_detail_1987BAL_JOH3860-3863_1_20260627T105516_c3c6fa77d46c.html,c3c6fa77d46c8ebc6eabb177d3cc49ccd41e624bd3b6bcafb7402ffe53d7a593,2026-06-27T10:55:16.406753+00:00,"retryable HTTP status 500",2,2026-07-29T12:26:07.301128+00:00
https://kinetics.nist.gov/solution/Detail?id=1987CHO/CHE3690-3693:1,error,500,unknown,data/new_solution/boundary_probe/boundary_20260627_103328/boundary_detail_1987CHO_CHE3690-3693_1_20260627T104620_8a354cc79dba.html,8a354cc79dbacc841c75cefa02e8684f011eea3a491045283261da8ec7d0a186,2026-06-27T10:46:20.406411+00:00,"retryable HTTP status 500",2,2026-07-29T12:26:07.322744+00:00
https://kinetics.nist.gov/solution/Detail?id=1987COH/MEY2342-2344:1,error,500,unknown,data/new_solution/boundary_probe/boundary_20260627_103328/boundary_detail_1987COH_MEY2342-2344_1_20260627T110037_0c1b8f756981.html,0c1b8f75698116021038ee3f7dc2260140eb9bd78af2bff58d70333a9ebeed17,2026-06-27T11:00:37.238193+00:00,"retryable HTTP status 500",2,2026-06-27T11:00:40.078846+00:00
https://kinetics.nist.gov/solution/Detail?id=1987KHU/MAR453-458:1,error,500,unknown,data/new_solution/boundary_probe/boundary_20260627_103328/boundary_detail_1987KHU_MAR453-458_1_20260627T104500_f331aafe9cd0.html,f331aafe9cd0b78eef609cbd62ad9385f8b0447f7b32ef8476602ef544b705b4,2026-06-27T10:45:00.340782+00:00,"retryable HTTP status 500",2,2026-06-27T10:45:02.549628+00:00
https://kinetics.nist.gov/solution/Detail?id=1987MAI/SHA728-731:1,error,500,unknown,data/new_solution/boundary_probe/boundary_20260627_103328/boundary_detail_1987MAI_SHA728-731_1_20260627T110426_5f6980be88db.html,5f6980be88dbdbfaacdf3aa9acefe0f95f9617b7654a255eff4962bc69d44392,2026-06-27T11:04:26.279080+00:00,"retryable HTTP status 500",2,2026-06-27T11:04:27.969102+00:00
https://kinetics.nist.gov/solution/Detail?id=1987SLA/GER2986-2989:1,error,500,unknown,data/new_solution/boundary_probe/boundary_20260627_103328/boundary_detail_1987SLA_GER2986-2989_1_20260627T110549_2e6db8ee282f.html,2e6db8ee282f9720f7eff45b4038952a48563f88084f5b13efd9bc9739b57524,2026-06-27T11:05:49.829892+00:00,"retryable HTTP status 500",2,2026-06-27T11:05:51.596467+00:00
https://kinetics.nist.gov/solution/Detail?id=1987THO/BAR2003-2009:1,error,500,unknown,data/new_solution/boundary_probe/boundary_20260627_103328/boundary_detail_1987THO_BAR2003-2009_1_20260627T104803_72d9071237c8.html,72d9071237c81cffd9349f82b64f71817872f16f45ed9305c84d00fa5bcbfc04,2026-06-27T10:48:03.925838+00:00,"retryable HTTP status 500",2,2026-06-27T10:48:05.707877+00:00
https://kinetics.nist.gov/solution/Detail?id=1988CHI/IND156-163:1,error,500,unknown,data/new_solution/boundary_probe/boundary_20260627_103328/boundary_detail_1988CHI_IND156-163_1_20260627T105421_af1c92362071.html,af1c92362071e05f140416751f6425421517499647ac1377032a0a28dc4aecec,2026-06-27T10:54:21.016162+00:00,"retryable HTTP status 500",2,2026-06-27T10:54:22.875455+00:00
https://kinetics.nist.gov/solution/Detail?id=1988LAF/RET329-333:1,error,500,unknown,data/new_solution/boundary_probe/boundary_20260627_103328/boundary_detail_1988LAF_RET329-333_1_20260627T110127_f32c12c33df1.html,f32c12c33df1f7517d4ee9b30fc82ce20f308722a5ac67e89f2841c5f5cc5bd5,2026-06-27T11:01:27.176434+00:00,"retryable HTTP status 500",2,2026-07-29T12:26:07.451009+00:00
https://kinetics.nist.gov/solution/Detail?id=1988NET/HUI1027-1284:1,error,500,unknown,data/new_solution/boundary_probe/boundary_20260627_103328/boundary_detail_1988NET_HUI1027-1284_1_20260627T104110_2d150451d87e.html,2d150451d87e58e2e16b4b30efb429d50e5dbfb894907deafe611fffc56e9f92,2026-06-27T10:41:10.016779+00:00,"retryable HTTP status 500",2,2026-06-27T10:41:11.701037+00:00
https://kinetics.nist.gov/solution/Detail?id=1988STA/MAR4277-4280:1,error,500,unknown,data/new_solution/boundary_probe/boundary_20260627_103328/boundary_detail_1988STA_MAR4277-4280_1_20260627T105850_591feb978331.html,591feb9783319db4f9e8950bfe2a28a78713f39a91cf669da377d65673e81492,2026-06-27T10:58:50.062396+00:00,"retryable HTTP status 500",2,2026-06-27T10:58:52.033671+00:00
https://kinetics.nist.gov/solution/Detail?id=1988TRI/SCH251-258:1,error,500,unknown,data/new_solution/boundary_probe/boundary_20260627_103328/boundary_detail_1988TRI_SCH251-258_1_20260627T110339_ccd40043fdaf.html,ccd40043fdaf5a87f0cd5bc8743ba239a9a90e6f0eb52b3ff630f18eefd848c3,2026-06-27T11:03:39.418536+00:00,"retryable HTTP status 500",2,2026-06-27T11:03:41.136723+00:00
https://kinetics.nist.gov/solution/Detail?id=1989ALS/SIM3103-3106:1,error,500,unknown,data/new_solution/boundary_probe/boundary_20260627_103328/boundary_detail_1989ALS_SIM3103-3106_1_20260627T103537_d8189a17b604.html,d8189a17b604b9797ce694c55280c8a2a9f1d21643b039788ef13f1e4c8ba362,2026-06-27T10:35:37.809710+00:00,"retryable HTTP status 500",2,2026-06-27T10:35:39.458555+00:00
https://kinetics.nist.gov/solution/Detail?id=1989BOU/BRU57-62:1,error,500,unknown,data/new_solution/boundary_probe/boundary_20260627_103328/boundary_detail_1989BOU_BRU57-62_1_20260627T105219_6db55a0e0708.html,6db55a0e0708a663b4bc9b7b8c7206e7ad3d976310610b7e0beb2ed7a69f3b1c,2026-06-27T10:52:19.286001+00:00,"retryable HTTP status 500",2,2026-06-27T10:52:22.441361+00:00
https://kinetics.nist.gov/solution/Detail?id=1989GOG/SHI120-123:1,error,500,unknown,data/new_solution/boundary_probe/boundary_20260627_103328/boundary_detail_1989GOG_SHI120-123_1_20260627T105044_06b79ef9f415.html,06b79ef9f4153a9a2bf54957fb6eb6a2b869989b39333ceb403bc9b20934aee6,2026-06-27T10:50:44.292961+00:00,"retryable HTTP status 500",2,2026-06-27T10:50:46.053618+00:00
https://kinetics.nist.gov/solution/Detail?id=1989JOV/SIM39-44:1,error,500,unknown,data/new_solution/boundary_probe/boundary_20260627_103328/boundary_detail_1989JOV_SIM39-44_1_20260627T105611_d9957dba5b89.html,d9957dba5b89c754b7dbff313e657c7295a1f961c9562f201d9ff72213f623aa,2026-06-27T10:56:11.269023+00:00,"retryable HTTP status 500",2,2026-06-27T10:56:13.419048+00:00
https://kinetics.nist.gov/solution/Detail?id=1989LAM/CHA12-20:1,error,500,unknown,data/new_solution/boundary_probe/boundary_20260627_103328/boundary_detail_1989LAM_CHA12-20_1_20260627T110103_0b34bf3b7989.html,0b34bf3b7989d414c5854b598f10738e3c345299f556284381dfac79c0bea018,2026-06-27T11:01:03.704724+00:00,"retryable HTTP status 500",2,2026-06-27T11:01:05.393994+00:00
https://kinetics.nist.gov/solution/Detail?id=1989MIE/SCH127-128:1,error,500,unknown,data/new_solution/boundary_probe/boundary_20260627_103328/boundary_detail_1989MIE_SCH127-128_1_20260627T103600_176e9b827708.html,176e9b827708c6d02965f85e9c2a40e612acff2c33e7caa6f2f841cf144dc5ec,2026-06-27T10:36:00.899454+00:00,"retryable HTTP status 500",2,2026-07-29T12:26:07.545148+00:00
https://kinetics.nist.gov/solution/Detail?id=1989MIE/VON2071-2078:1,error,500,unknown,data/new_solution/boundary_probe/boundary_20260627_103328/boundary_detail_1989MIE_VON2071-2078_1_20260627T110150_bc1780b44007.html,bc1780b44007ba45fe157188789c5703f73d6186dd65ef27729a92d59ee6bcbc,2026-06-27T11:01:50.389427+00:00,"retryable HTTP status 500",2,2026-06-27T11:01:52.236699+00:00
https://kinetics.nist.gov/solution/Detail?id=1989NAG/TYS707-713:1,error,500,unknown,data/new_solution/boundary_probe/boundary_20260627_103328/boundary_detail_1989NAG_TYS707-713_1_20260627T103804_f48db24d7a65.html,f48db24d7a65999097a1f931c3193fe45def34094a43625f299074f482e7ee91,2026-06-27T10:38:04.781955+00:00,"retryable HTTP status 500",2,2026-06-27T10:38:06.423446+00:00
https://kinetics.nist.gov/solution/Detail?id=1990ARM/FAR1974-1978:1,error,500,unknown,data/new_solution/boundary_probe/boundary_20260627_103328/boundary_detail_1990ARM_FAR1974-1978_1_20260627T110237_4238daf915a7.html,4238daf915a760d1f30da1ffc359bdbccf5c96182619501e560c9bac5e168c5d,2026-06-27T11:02:37.225024+00:00,"retryable HTTP status 500",2,2026-06-27T11:02:39.005965+00:00
https://kinetics.nist.gov/solution/Detail?id=1990CAN/WAY829-841:1,error,500,unknown,data/new_solution/boundary_probe/boundary_20260627_103328/boundary_detail_1990CAN_WAY829-841_1_20260627T103522_38d33734a5a4.html,38d33734a5a41c70925f41ab2001ff1572e87952601e62aefdd1513a615576f4,2026-06-27T10:35:22.413132+00:00,"retryable HTTP status 500",2,2026-07-29T12:26:07.595457+00:00
https://kinetics.nist.gov/solution/Detail?id=1990CHE/HO2889-2896:1,error,500,unknown,data/new_solution/boundary_probe/boundary_20260627_103328/boundary_detail_1990CHE_HO2889-2896_1_20260627T105627_2585ed7bd10e.html,2585ed7bd10e9a5da2fef83be5f609091e2028474cde2641ea26a940905e03f5,2026-06-27T10:56:27.278289+00:00,"retryable HTTP status 500",2,2026-06-27T10:56:29.231144+00:00
https://kinetics.nist.gov/solution/Detail?id=1990CHO/CHA361-364:1,error,500,unknown,data/new_solution/boundary_probe/boundary_20260627_103328/boundary_detail_1990CHO_CHA361-364_1_20260627T103530_d3b3c8280108.html,d3b3c8280108ef6c8c21de38c3bf48954a42679d5c540d39116d38ac43fcdc84,2026-06-27T10:35:30.141112+00:00,"retryable HTTP status 500",2,2026-07-29T12:26:07.604450+00:00
https://kinetics.nist.gov/solution/Detail?id=1990DAV/HAR2686-2690:1,error,500,unknown,data/new_solution/boundary_probe/boundary_20260627_103328/boundary_detail_1990DAV_HAR2686-2690_1_20260627T105147_0363f33880a9.html,0363f33880a9d23854c32c2b35b6a86d79b11360271a0678cc94fcbd73164bb3,2026-06-27T10:51:47.651343+00:00,"retryable HTTP status 500",2,2026-06-27T10:51:49.654097+00:00
https://kinetics.nist.gov/solution/Detail?id=1990DEI/WAR594-599:1,error,500,unknown,data/new_solution/boundary_probe/boundary_20260627_103328/boundary_detail_1990DEI_WAR594-599_1_20260627T105818_3dd7624f2b89.html,3dd7624f2b8932a1005ba8a8f7df573c6db2167b7d7359bd23817db97892b225,2026-06-27T10:58:18.143476+00:00,"retryable HTTP status 500",2,2026-06-27T10:58:20.040447+00:00
https://kinetics.nist.gov/solution/Detail?id=1990GOT/NIK1475-1478:1,error,500,unknown,data/new_solution/boundary_probe/boundary_20260627_103328/boundary_detail_1990GOT_NIK1475-1478_1_20260627T104819_f5d4ad9c20bc.html,f5d4ad9c20bc7d97243f283f0787de3c0e7624380a9ca768c6057ef13cfca838,2026-06-27T10:48:19.651921+00:00,"retryable HTTP status 500",2,2026-07-29T12:26:07.622224+00:00
https://kinetics.nist.gov/solution/Detail?id=1990KIM/CLA7711-7716:1,error,500,unknown,data/new_solution/boundary_probe/boundary_20260627_103328/boundary_detail_1990KIM_CLA7711-7716_1_20260627T103624_1e875a4ff141.html,1e875a4ff141530e76ef348e3cf2bff857e780f5e87e7ee067019b62e52dedcc,2026-06-27T10:36:24.124757+00:00,"retryable HTTP status 500",2,2026-07-29T12:26:07.636189+00:00
https://kinetics.nist.gov/solution/Detail?id=1990LAM/LAN319-324:1,error,500,unknown,data/new_solution/boundary_probe/boundary_20260627_103328/boundary_detail_1990LAM_LAN319-324_1_20260627T104932_37ea258f2f0b.html,37ea258f2f0bfcdd395a45cdf87ddba4ba1c2038b592f4e5f4c256723760c720,2026-06-27T10:49:32.474881+00:00,"retryable HTTP status 500",2,2026-06-27T10:49:34.233729+00:00
https://kinetics.nist.gov/solution/Detail?id=1991ABE/GAR1-5:1,error,500,unknown,data/new_solution/boundary_probe/boundary_20260627_103328/boundary_detail_1991ABE_GAR1-5_1_20260627T105650_f29f3e00def6.html,f29f3e00def61aa32629308ab2b41ce0f1f8af075f970c92432d1a9fa20b5528,2026-06-27T10:56:50.908060+00:00,"retryable HTTP status 500",2,2026-07-29T12:26:07.711402+00:00
https://kinetics.nist.gov/solution/Detail?id=1991BAK/BUT481-483:1,error,500,unknown,data/new_solution/boundary_probe/boundary_20260627_103328/boundary_detail_1991BAK_BUT481-483_1_20260627T104421_108ea70f8727.html,108ea70f8727eef6ef15b92e8ada433e04861fd28b5f747fa62c03e9cf137962,2026-06-27T10:44:21.063940+00:00,"retryable HTTP status 500",2,2026-06-27T10:44:22.870083+00:00
https://kinetics.nist.gov/solution/Detail?id=1991BLA/GRE19245-19249:1,error,500,unknown,data/new_solution/boundary_probe/boundary_20260627_103328/boundary_detail_1991BLA_GRE19245-19249_1_20260627T105325_56a0bae20ef3.html,56a0bae20ef360f2c31165e4a5c5197e4232e9cbca65f93fe5d3c544c402385b,2026-06-27T10:53:25.738200+00:00,"retryable HTTP status 500",2,2026-07-29T12:26:07.717885+00:00
https://kinetics.nist.gov/solution/Detail?id=1991BRE/WOJ159-164:1,error,500,unknown,data/new_solution/boundary_probe/boundary_20260627_103328/boundary_detail_1991BRE_WOJ159-164_1_20260627T104843_f203d008b4ad.html,f203d008b4ad347ddc0cc77314f1524c28954db6a585a6ae58a6078fce1797fe,2026-06-27T10:48:43.557957+00:00,"retryable HTTP status 500",2,2026-07-29T12:26:07.719419+00:00
https://kinetics.nist.gov/solution/Detail?id=1991CLE/YAN5251-5252:1,error,500,unknown,data/new_solution/boundary_probe/boundary_20260627_103328/boundary_detail_1991CLE_YAN5251-5252_1_20260627T105658_c6c1013c019d.html,c6c1013c019d20056c455640d29bf7b8b6af9f3edcb1cf39a2ddfcb506a82c77,2026-06-27T10:56:58.783702+00:00,"retryable HTTP status 500",2,2026-06-27T10:57:00.688044+00:00
https://kinetics.nist.gov/solution/Detail?id=1991SAN/SAB967-976:1,error,500,unknown,data/new_solution/boundary_probe/boundary_20260627_103328/boundary_detail_1991SAN_SAB967-976_1_20260627T105945_70641ae71506.html,70641ae7150691c0bbca3ba05aef561af636f373b88ea8188861820e8a81447f,2026-06-27T10:59:45.436156+00:00,"retryable HTTP status 500",2,2026-07-29T12:26:07.793479+00:00
https://kinetics.nist.gov/solution/Detail?id=1991SHA/BIE4306-4310:1,error,500,unknown,data/new_solution/boundary_probe/boundary_20260627_103328/boundary_detail_1991SHA_BIE4306-4310_1_20260627T103929_3f426325387a.html,3f426325387aa58e7323c08fafa6580c505ac747e7ca8c5e442202b8b0ac1e28,2026-06-27T10:39:29.591936+00:00,"retryable HTTP status 500",2,2026-06-27T10:39:31.248367+00:00
https://kinetics.nist.gov/solution/Detail?id=1991SZA/WOJ215-224:1,error,500,unknown,data/new_solution/boundary_probe/boundary_20260627_103328/boundary_detail_1991SZA_WOJ215-224_1_20260627T110331_a815f2a4f445.html,a815f2a4f44567f5ed4a81d6b8e6c469f983d4270455e0152223c07b94ed0837,2026-06-27T11:03:31.562218+00:00,"retryable HTTP status 500",2,2026-07-29T12:26:07.799331+00:00
https://kinetics.nist.gov/solution/Detail?id=1991SZO/HOR132-138:1,error,500,unknown,data/new_solution/boundary_probe/boundary_20260627_103328/boundary_detail_1991SZO_HOR132-138_1_20260627T104644_57a5c9475b24.html,57a5c9475b249914451002a59321e2876a12046a550f7d852c84bc3609c67f8f,2026-06-27T10:46:44.090449+00:00,"retryable HTTP status 500",2,2026-06-27T10:46:45.898103+00:00
https://kinetics.nist.gov/solution/Detail?id=1991WOL/THO155-164:1,error,500,unknown,data/new_solution/boundary_probe/boundary_20260627_103328/boundary_detail_1991WOL_THO155-164_1_20260627T103710_365ee55003e5.html,365ee55003e51026b7dcdfa7b6bb3a75eff7d80fa24003ff9f85c0f357665798,2026-06-27T10:37:10.694123+00:00,"retryable HTTP status 500",2,2026-06-27T10:37:12.355391+00:00
https://kinetics.nist.gov/solution/Detail?id=1991ZHA/LIU194-196:1,error,500,unknown,data/new_solution/boundary_probe/boundary_20260627_103328/boundary_detail_1991ZHA_LIU194-196_1_20260627T105405_2bc832503e81.html,2bc832503e81d7a3d5b7abfd097bf3869cc199d2a0cd424a6ea4181ac04027ce,2026-06-27T10:54:05.360018+00:00,"retryable HTTP status 500",2,2026-06-27T10:54:07.157686+00:00
https://kinetics.nist.gov/solution/Detail?id=1992CRO/GIL21-39:1,error,500,unknown,data/new_solution/boundary_probe/boundary_20260627_103328/boundary_detail_1992CRO_GIL21-39_1_20260627T104916_76ed99584725.html,76ed995847256921c9fd4ec3b628451d85af54e578bcf562df39a2e901786c75,2026-06-27T10:49:16.370378+00:00,"retryable HTTP status 500",2,2026-06-27T10:49:18.156043+00:00
https://kinetics.nist.gov/solution/Detail?id=1992DUN/SIM4856-4860:1,error,500,unknown,data/new_solution/boundary_probe/boundary_20260627_103328/boundary_detail_1992DUN_SIM4856-4860_1_20260627T104739_60e9fa796519.html,60e9fa796519c428180755ca2d5b96565fb426249fe0e96bf55a12e3cfe6f670,2026-06-27T10:47:39.695654+00:00,"retryable HTTP status 500",2,2026-07-29T12:26:07.829232+00:00
https://kinetics.nist.gov/solution/Detail?id=1992GRI/HIL265-277:1,error,500,unknown,data/new_solution/boundary_probe/boundary_20260627_103328/boundary_detail_1992GRI_HIL265-277_1_20260627T110402_fb4875e02149.html,fb4875e021498f871c332765b24e40856ce1aa68c03e5b14ccaa7492a9f3b8b5,2026-06-27T11:04:02.703746+00:00,"retryable HTTP status 500",2,2026-06-27T11:04:04.691100+00:00
https://kinetics.nist.gov/solution/Detail?id=1992HUS/ESP9510-9516:1,error,500,unknown,data/new_solution/boundary_probe/boundary_20260627_103328/boundary_detail_1992HUS_ESP9510-9516_1_20260627T105714_82d308b00e82.html,82d308b00e8236d162174d60ec2f0e1617669204070b687926b6ce021fb7a696,2026-06-27T10:57:14.682723+00:00,"retryable HTTP status 500",2,2026-06-27T10:57:16.452866+00:00
https://kinetics.nist.gov/solution/Detail?id=1993GAE/GER2065-2070:1,error,500,unknown,data/new_solution/boundary_probe/boundary_20260627_103328/boundary_detail_1993GAE_GER2065-2070_1_20260627T103937_869a97aa1fa6.html,869a97aa1fa6b5615960d514c1a1bb33ae0a520766d27dfec54949fb726acd50,2026-06-27T10:39:37.271542+00:00,"retryable HTTP status 500",2,2026-06-27T10:39:39.066923+00:00
https://kinetics.nist.gov/solution/Detail?id=1993MAY/LEM215-221:1,error,500,unknown,data/new_solution/boundary_probe/boundary_20260627_103328/boundary_detail_1993MAY_LEM215-221_1_20260627T110142_bea90b0c3ac3.html,bea90b0c3ac3691b839c3f4b6564a571849238f445d0c8d213ce40d684658e83,2026-06-27T11:01:42.672739+00:00,"retryable HTTP status 500",2,2026-06-27T11:01:44.367179+00:00
https://kinetics.nist.gov/solution/Detail?id=1993PAD/HUI539-544:1,error,500,unknown,data/new_solution/boundary_probe/boundary_20260627_103328/boundary_detail_1993PAD_HUI539-544_1_20260627T105754_344e4f9c25b3.html,344e4f9c25b37085ea76b09dfe2bb33dfa0ddc8575681e095b8018b5b63941ee,2026-06-27T10:57:54.511723+00:00,"retryable HTTP status 500",2,2026-06-27T10:57:56.323144+00:00
https://kinetics.nist.gov/solution/Detail?id=1994GOG/SHI352-355:1,error,500,unknown,data/new_solution/boundary_probe/boundary_20260627_103328/boundary_detail_1994GOG_SHI352-355_1_20260627T105131_53bc57731d0f.html,53bc57731d0fdc099db67a4c7d85b93d8b7e9f081391731b0b3a9b1a311c8587,2026-06-27T10:51:31.712037+00:00,"retryable HTTP status 500",2,2026-07-29T12:26:08.029631+00:00
https://kinetics.nist.gov/solution/Detail?id=1994GOG/SHI499-500:1,error,500,unknown,data/new_solution/boundary_probe/boundary_20260627_103328/boundary_detail_1994GOG_SHI499-500_1_20260627T105905_7adc0c015a59.html,7adc0c015a595c44a50a5d1d60ad48de18ff089ea7925a391b5daf1bb63c2c22,2026-06-27T10:59:05.930109+00:00,"retryable HTTP status 500",2,2026-06-27T10:59:07.722431+00:00
https://kinetics.nist.gov/solution/Detail?id=1962JOR/OTT2029-2036:1,queued,,unknown,,,,,1,2026-06-25T08:41:28.415921+00:00
https://kinetics.nist.gov/solution/Detail?id=1962TAU/DOR4053-4059:2,queued,,unknown,,,,,1,2026-06-30T11:38:30.559467+00:00
https://kinetics.nist.gov/solution/Detail?id=1962TAU/DOR4053-4059:3,queued,,unknown,,,,,1,2026-06-30T11:38:30.562304+00:00
https://kinetics.nist.gov/solution/Detail?id=1962TAU/DOR4053-4059:4,queued,,unknown,,,,,1,2026-06-30T11:38:30.564838+00:00
https://kinetics.nist.gov/solution/Detail?id=1964KEE14-20:2,queued,,unknown,,,,,1,2026-06-30T11:38:43.466764+00:00
https://kinetics.nist.gov/solution/Detail?id=1964KEE14-20:3,queued,,unknown,,,,,1,2026-06-30T11:38:43.470468+00:00
https://kinetics.nist.gov/solution/Detail?id=1964KEE14-20:4,queued,,unknown,,,,,1,2026-06-30T11:38:43.473567+00:00
https://kinetics.nist.gov/solution/Detail?id=1965KRA/TRU2547-2550:1,queued,,unknown,,,,,1,2026-06-25T08:40:01.726999+00:00
https://kinetics.nist.gov/solution/Detail?id=1965NAV/STE1384-1389:2,queued,,unknown,,,,,1,2026-06-30T11:58:47.372741+00:00
https://kinetics.nist.gov/solution/Detail?id=1965NAV/STE1384-1389:3,queued,,unknown,,,,,1,2026-06-30T11:58:47.375124+00:00
https://kinetics.nist.gov/solution/Detail?id=1965NAV/STE1384-1389:4,queued,,unknown,,,,,1,2026-06-30T11:58:47.377146+00:00
https://kinetics.nist.gov/solution/Detail?id=1965NAV/STE1384-1389:5,queued,,unknown,,,,,1,2026-06-30T11:58:47.379131+00:00
https://kinetics.nist.gov/solution/Detail?id=1965NAV/STE1384-1389:6,queued,,unknown,,,,,1,2026-06-30T11:58:47.381177+00:00
https://kinetics.nist.gov/solution/Detail?id=1965NAV/STE1384-1389:7,queued,,unknown,,,,,1,2026-06-30T11:58:47.383211+00:00
https://kinetics.nist.gov/solution/Detail?id=1965NAV/STE1384-1389:8,queued,,unknown,,,,,1,2026-06-30T11:58:47.385279+00:00
https://kinetics.nist.gov/solution/Detail?id=1966GLA/SPI237-249:2,queued,,unknown,,,,,1,2026-06-30T11:59:06.981581+00:00
https://kinetics.nist.gov/solution/Detail?id=1966GLA/SPI237-249:3,queued,,unknown,,,,,1,2026-06-30T11:59:06.984879+00:00
https://kinetics.nist.gov/solution/Detail?id=1966GLA/SPI237-249:4,queued,,unknown,,,,,1,2026-06-30T11:59:06.988562+00:00
https://kinetics.nist.gov/solution/Detail?id=1966GLA/SPI237-249:5,queued,,unknown,,,,,1,2026-06-30T11:59:06.991851+00:00
https://kinetics.nist.gov/solution/Detail?id=1966GLA/SPI237-249:6,queued,,unknown,,,,,1,2026-06-30T11:59:06.995281+00:00
https://kinetics.nist.gov/solution/Detail?id=1966GLA/SPI237-249:7,queued,,unknown,,,,,1,2026-06-30T11:59:06.998758+00:00
https://kinetics.nist.gov/solution/Detail?id=1966GLA/SPI237-249:8,queued,,unknown,,,,,1,2026-06-30T11:59:07.001862+00:00
https://kinetics.nist.gov/solution/Detail?id=1967HEN/FAR374-377:1,queued,,unknown,,,,,1,2026-06-25T08:56:48.169225+00:00
https://kinetics.nist.gov/solution/Detail?id=1967HUL/DAV1163-1170:2,queued,,unknown,,,,,1,2026-06-30T11:59:31.094449+00:00
https://kinetics.nist.gov/solution/Detail?id=1967HUL/DAV1163-1170:3,queued,,unknown,,,,,1,2026-06-30T11:59:31.098496+00:00
https://kinetics.nist.gov/solution/Detail?id=1967HUL/DAV1163-1170:4,queued,,unknown,,,,,1,2026-06-30T11:59:31.102204+00:00
https://kinetics.nist.gov/solution/Detail?id=1967HUL/DAV1163-1170:5,queued,,unknown,,,,,1,2026-06-30T11:59:31.106427+00:00
https://kinetics.nist.gov/solution/Detail?id=1967HUL/DAV1163-1170:6,queued,,unknown,,,,,1,2026-06-30T11:59:31.109709+00:00
https://kinetics.nist.gov/solution/Detail?id=1967HUL/DAV1163-1170:7,queued,,unknown,,,,,1,2026-06-30T11:59:31.113106+00:00
https://kinetics.nist.gov/solution/Detail?id=1967HUL/DAV1163-1170:8,queued,,unknown,,,,,1,2026-06-30T11:59:31.116231+00:00
https://kinetics.nist.gov/solution/Detail?id=1968BEH/CZA43-51:2,queued,,unknown,,,,,1,2026-06-30T11:59:50.279385+00:00
https://kinetics.nist.gov/solution/Detail?id=1968BEH/CZA43-51:3,queued,,unknown,,,,,1,2026-06-30T11:59:50.283986+00:00
https://kinetics.nist.gov/solution/Detail?id=1968BEH/CZA43-51:4,queued,,unknown,,,,,1,2026-06-30T11:59:50.288491+00:00
https://kinetics.nist.gov/solution/Detail?id=1968BEH/CZA43-51:5,queued,,unknown,,,,,1,2026-06-30T11:59:50.292297+00:00
https://kinetics.nist.gov/solution/Detail?id=1968BEH/CZA43-51:6,queued,,unknown,,,,,1,2026-06-30T11:59:50.295753+00:00
https://kinetics.nist.gov/solution/Detail?id=1968BEH/CZA43-51:7,queued,,unknown,,,,,1,2026-06-30T11:59:50.299532+00:00
https://kinetics.nist.gov/solution/Detail?id=1968BEH/CZA43-51:8,queued,,unknown,,,,,1,2026-06-30T11:59:50.302632+00:00
https://kinetics.nist.gov/solution/Detail?id=1968BUX/DAI441-447:2,queued,,unknown,,,,,1,2026-06-30T12:00:13.043964+00:00
https://kinetics.nist.gov/solution/Detail?id=1968BUX/DAI441-447:3,queued,,unknown,,,,,1,2026-06-30T12:00:13.047436+00:00
https://kinetics.nist.gov/solution/Detail?id=1968BUX/DAI441-447:4,queued,,unknown,,,,,1,2026-06-30T12:00:13.050824+00:00
https://kinetics.nist.gov/solution/Detail?id=1968BUX/DAI441-447:5,queued,,unknown,,,,,1,2026-06-30T12:00:13.053895+00:00
https://kinetics.nist.gov/solution/Detail?id=1968BUX/DAI441-447:6,queued,,unknown,,,,,1,2026-06-30T12:00:13.056835+00:00
https://kinetics.nist.gov/solution/Detail?id=1968BUX/DAI441-447:7,queued,,unknown,,,,,1,2026-06-30T12:00:13.059656+00:00
https://kinetics.nist.gov/solution/Detail?id=1968BUX/DAI441-447:8,queued,,unknown,,,,,1,2026-06-30T12:00:13.062512+00:00
https://kinetics.nist.gov/solution/Detail?id=1969ADS/GOL353-354:1,queued,,unknown,,,,,2,2026-06-30T12:00:27.326852+00:00
https://kinetics.nist.gov/solution/Detail?id=1969ADS/GOL353-354:2,queued,,unknown,,,,,1,2026-06-30T12:00:27.333572+00:00
https://kinetics.nist.gov/solution/Detail?id=1969ADS/GOL353-354:3,queued,,unknown,,,,,1,2026-06-30T12:00:27.338275+00:00
https://kinetics.nist.gov/solution/Detail?id=1969ADS/GOL353-354:4,queued,,unknown,,,,,1,2026-06-30T12:00:27.342265+00:00
https://kinetics.nist.gov/solution/Detail?id=1969ADS/GOL353-354:5,queued,,unknown,,,,,1,2026-06-30T12:00:27.345777+00:00
https://kinetics.nist.gov/solution/Detail?id=1969ADS/GOL353-354:6,queued,,unknown,,,,,1,2026-06-30T12:00:27.349169+00:00
https://kinetics.nist.gov/solution/Detail?id=1969ADS/GOL353-354:7,queued,,unknown,,,,,1,2026-06-30T12:00:27.353039+00:00
https://kinetics.nist.gov/solution/Detail?id=1969ADS/GOL353-354:8,queued,,unknown,,,,,1,2026-06-30T12:00:27.356086+00:00
https://kinetics.nist.gov/solution/Detail?id=1969RAB/NIE3736-3744:1,queued,,unknown,,,,,1,2026-06-25T08:41:28.404861+00:00
https://kinetics.nist.gov/solution/Detail?id=1969SIM/NET4214-4219:2,queued,,unknown,,,,,1,2026-06-30T12:00:46.272131+00:00
https://kinetics.nist.gov/solution/Detail?id=1969SIM/NET4214-4219:3,queued,,unknown,,,,,1,2026-06-30T12:00:46.277217+00:00
https://kinetics.nist.gov/solution/Detail?id=1969SIM/NET4214-4219:4,queued,,unknown,,,,,1,2026-06-30T12:00:46.281637+00:00
https://kinetics.nist.gov/solution/Detail?id=1969SIM/NET4214-4219:5,queued,,unknown,,,,,1,2026-06-30T12:00:46.285179+00:00
https://kinetics.nist.gov/solution/Detail?id=1969SIM/NET4214-4219:6,queued,,unknown,,,,,1,2026-06-30T12:00:46.288686+00:00
https://kinetics.nist.gov/solution/Detail?id=1969SIM/NET4214-4219:7,queued,,unknown,,,,,1,2026-06-30T12:00:46.292001+00:00
https://kinetics.nist.gov/solution/Detail?id=1969SIM/NET4214-4219:8,queued,,unknown,,,,,1,2026-06-30T12:00:46.295530+00:00
https://kinetics.nist.gov/solution/Detail?id=1970AMI/TRE3670-3674:2,queued,,unknown,,,,,1,2026-06-30T12:01:07.435015+00:00
https://kinetics.nist.gov/solution/Detail?id=1970AMI/TRE3670-3674:3,queued,,unknown,,,,,1,2026-06-30T12:01:07.442136+00:00
https://kinetics.nist.gov/solution/Detail?id=1970AMI/TRE3670-3674:4,queued,,unknown,,,,,1,2026-06-30T12:01:07.446881+00:00
https://kinetics.nist.gov/solution/Detail?id=1970AMI/TRE3670-3674:5,queued,,unknown,,,,,1,2026-06-30T12:01:07.450745+00:00
https://kinetics.nist.gov/solution/Detail?id=1970AMI/TRE3670-3674:6,queued,,unknown,,,,,1,2026-06-30T12:01:07.454399+00:00
https://kinetics.nist.gov/solution/Detail?id=1970AMI/TRE3670-3674:7,queued,,unknown,,,,,1,2026-06-30T12:01:07.458128+00:00
https://kinetics.nist.gov/solution/Detail?id=1970ASM/GRU2625-2628:1,queued,,unknown,,,,,1,2026-06-25T08:40:01.714527+00:00
https://kinetics.nist.gov/solution/Detail?id=1970BEH/CZA3209-3213:2,queued,,unknown,,,,,1,2026-06-30T12:01:20.286030+00:00
https://kinetics.nist.gov/solution/Detail?id=1970BEH/CZA3209-3213:3,queued,,unknown,,,,,1,2026-06-30T12:01:20.291687+00:00
https://kinetics.nist.gov/solution/Detail?id=1970BEH/CZA3209-3213:4,queued,,unknown,,,,,1,2026-06-30T12:01:20.296536+00:00
https://kinetics.nist.gov/solution/Detail?id=1970BEH/CZA3209-3213:5,queued,,unknown,,,,,1,2026-06-30T12:01:20.300237+00:00
https://kinetics.nist.gov/solution/Detail?id=1970BEH/CZA3209-3213:6,queued,,unknown,,,,,1,2026-06-30T12:01:20.304061+00:00
https://kinetics.nist.gov/solution/Detail?id=1970BEH/CZA3209-3213:7,queued,,unknown,,,,,1,2026-06-30T12:01:20.307369+00:00
https://kinetics.nist.gov/solution/Detail?id=1970BEH/CZA3209-3213:8,queued,,unknown,,,,,1,2026-06-30T12:01:20.310454+00:00
https://kinetics.nist.gov/solution/Detail?id=1970STO/FOJ34-40:2,queued,,unknown,,,,,1,2026-06-30T12:01:33.034748+00:00
https://kinetics.nist.gov/solution/Detail?id=1970STO/FOJ34-40:3,queued,,unknown,,,,,1,2026-06-30T12:01:33.039621+00:00
https://kinetics.nist.gov/solution/Detail?id=1970STO/FOJ34-40:4,queued,,unknown,,,,,1,2026-06-30T12:01:33.044503+00:00
https://kinetics.nist.gov/solution/Detail?id=1970STO/FOJ34-40:5,queued,,unknown,,,,,1,2026-06-30T12:01:33.048795+00:00
https://kinetics.nist.gov/solution/Detail?id=1970STO/FOJ34-40:6,queued,,unknown,,,,,1,2026-06-30T12:01:33.052481+00:00
https://kinetics.nist.gov/solution/Detail?id=1970STO/FOJ34-40:7,queued,,unknown,,,,,1,2026-06-30T12:01:33.055861+00:00
https://kinetics.nist.gov/solution/Detail?id=1970STO/FOJ34-40:8,queued,,unknown,,,,,1,2026-06-30T12:01:33.059186+00:00
https://kinetics.nist.gov/solution/Detail?id=1971BAR/GIL2177-2181:2,queued,,unknown,,,,,1,2026-06-30T12:01:49.069878+00:00
https://kinetics.nist.gov/solution/Detail?id=1971BAR/GIL2177-2181:3,queued,,unknown,,,,,1,2026-06-30T12:01:49.073981+00:00
https://kinetics.nist.gov/solution/Detail?id=1971BAR/GIL2177-2181:4,queued,,unknown,,,,,1,2026-06-30T12:01:49.076933+00:00
https://kinetics.nist.gov/solution/Detail?id=1971BAR/GIL2177-2181:5,queued,,unknown,,,,,1,2026-06-30T12:01:49.079866+00:00
https://kinetics.nist.gov/solution/Detail?id=1971BAR/GIL2177-2181:6,queued,,unknown,,,,,1,2026-06-30T12:01:49.083269+00:00
https://kinetics.nist.gov/solution/Detail?id=1971BAR/GIL2177-2181:7,queued,,unknown,,,,,1,2026-06-30T12:01:49.086093+00:00
https://kinetics.nist.gov/solution/Detail?id=1971BAR/GIL2177-2181:8,queued,,unknown,,,,,1,2026-06-30T12:01:49.089093+00:00
https://kinetics.nist.gov/solution/Detail?id=1971FAR/ZEH2057-2067:2,queued,,unknown,,,,,1,2026-06-30T12:02:05.143272+00:00
https://kinetics.nist.gov/solution/Detail?id=1971FAR/ZEH2057-2067:3,queued,,unknown,,,,,1,2026-06-30T12:02:05.148436+00:00
https://kinetics.nist.gov/solution/Detail?id=1971FAR/ZEH2057-2067:4,queued,,unknown,,,,,1,2026-06-30T12:02:05.153339+00:00
https://kinetics.nist.gov/solution/Detail?id=1971FAR/ZEH2057-2067:5,queued,,unknown,,,,,1,2026-06-30T12:02:05.157060+00:00
https://kinetics.nist.gov/solution/Detail?id=1971FAR/ZEH2057-2067:6,queued,,unknown,,,,,1,2026-06-30T12:02:05.160802+00:00
https://kinetics.nist.gov/solution/Detail?id=1971FAR/ZEH2057-2067:7,queued,,unknown,,,,,1,2026-06-30T12:02:05.164058+00:00
https://kinetics.nist.gov/solution/Detail?id=1971FAR/ZEH2057-2067:8,queued,,unknown,,,,,1,2026-06-30T12:02:05.167385+00:00
https://kinetics.nist.gov/solution/Detail?id=1971FIN/SNE545-551:1,queued,,unknown,,,,,1,2026-06-25T08:56:48.158541+00:00
https://kinetics.nist.gov/solution/Detail?id=1971PHI/POW236-250:2,queued,,unknown,,,,,1,2026-06-30T12:02:23.536256+00:00
https://kinetics.nist.gov/solution/Detail?id=1971PHI/POW236-250:3,queued,,unknown,,,,,1,2026-06-30T12:02:23.539601+00:00
https://kinetics.nist.gov/solution/Detail?id=1971PHI/POW236-250:4,queued,,unknown,,,,,1,2026-06-30T12:02:23.542382+00:00
https://kinetics.nist.gov/solution/Detail?id=1971PHI/POW236-250:5,queued,,unknown,,,,,1,2026-06-30T12:02:23.544498+00:00
https://kinetics.nist.gov/solution/Detail?id=1971PHI/POW236-250:6,queued,,unknown,,,,,1,2026-06-30T12:02:23.546873+00:00
https://kinetics.nist.gov/solution/Detail?id=1971PHI/POW236-250:7,queued,,unknown,,,,,1,2026-06-30T12:02:23.549068+00:00
https://kinetics.nist.gov/solution/Detail?id=1971PHI/POW236-250:8,queued,,unknown,,,,,1,2026-06-30T12:02:23.551273+00:00
https://kinetics.nist.gov/solution/Detail?id=1972BEH/FES3945-3950:1,queued,,unknown,,,,,2,2026-06-30T12:02:40.428081+00:00
https://kinetics.nist.gov/solution/Detail?id=1972BEH/FES3945-3950:2,queued,,unknown,,,,,1,2026-06-30T12:02:40.433583+00:00
https://kinetics.nist.gov/solution/Detail?id=1972BEH/FES3945-3950:3,queued,,unknown,,,,,1,2026-06-30T12:02:40.438283+00:00
https://kinetics.nist.gov/solution/Detail?id=1972BEH/FES3945-3950:4,queued,,unknown,,,,,1,2026-06-30T12:02:40.442859+00:00
https://kinetics.nist.gov/solution/Detail?id=1972BEH/FES3945-3950:5,queued,,unknown,,,,,1,2026-06-30T12:02:40.446961+00:00
https://kinetics.nist.gov/solution/Detail?id=1972BEH/FES3945-3950:6,queued,,unknown,,,,,1,2026-06-30T12:02:40.450747+00:00
https://kinetics.nist.gov/solution/Detail?id=1972BEH/FES3945-3950:7,queued,,unknown,,,,,1,2026-06-30T12:02:40.454487+00:00
https://kinetics.nist.gov/solution/Detail?id=1972BEH/FES3945-3950:8,queued,,unknown,,,,,1,2026-06-30T12:02:40.457905+00:00
https://kinetics.nist.gov/solution/Detail?id=1972BUR/WOL1751-1756:1,queued,,unknown,,,,,1,2026-06-25T08:56:28.217482+00:00
https://kinetics.nist.gov/solution/Detail?id=1972DAV/DEM3321-3325:2,queued,,unknown,,,,,1,2026-06-30T12:02:58.977340+00:00
https://kinetics.nist.gov/solution/Detail?id=1972DAV/DEM3321-3325:3,queued,,unknown,,,,,1,2026-06-30T12:02:58.982115+00:00
https://kinetics.nist.gov/solution/Detail?id=1972DAV/DEM3321-3325:4,queued,,unknown,,,,,1,2026-06-30T12:02:58.986081+00:00
https://kinetics.nist.gov/solution/Detail?id=1972DAV/DEM3321-3325:5,queued,,unknown,,,,,1,2026-06-30T12:02:58.989861+00:00
https://kinetics.nist.gov/solution/Detail?id=1972DAV/DEM3321-3325:6,queued,,unknown,,,,,1,2026-06-30T12:02:58.993358+00:00
https://kinetics.nist.gov/solution/Detail?id=1972DAV/DEM3321-3325:7,queued,,unknown,,,,,1,2026-06-30T12:02:58.996456+00:00
https://kinetics.nist.gov/solution/Detail?id=1972DAV/DEM3321-3325:8,queued,,unknown,,,,,1,2026-06-30T12:02:58.999651+00:00
https://kinetics.nist.gov/solution/Detail?id=1972HOW/BEN2374-2377:2,queued,,unknown,,,,,1,2026-06-30T12:03:21.625945+00:00
https://kinetics.nist.gov/solution/Detail?id=1972HOW/BEN2374-2377:3,queued,,unknown,,,,,1,2026-06-30T12:03:21.630875+00:00
https://kinetics.nist.gov/solution/Detail?id=1972HOW/BEN2374-2377:4,queued,,unknown,,,,,1,2026-06-30T12:03:21.634874+00:00
https://kinetics.nist.gov/solution/Detail?id=1972HOW/BEN2374-2377:5,queued,,unknown,,,,,1,2026-06-30T12:03:21.638257+00:00
https://kinetics.nist.gov/solution/Detail?id=1972HOW/BEN2374-2377:6,queued,,unknown,,,,,1,2026-06-30T12:03:21.641786+00:00
https://kinetics.nist.gov/solution/Detail?id=1972HOW/BEN2374-2377:7,queued,,unknown,,,,,1,2026-06-30T12:03:21.644864+00:00
https://kinetics.nist.gov/solution/Detail?id=1972HOW/BEN2374-2377:8,queued,,unknown,,,,,1,2026-06-30T12:03:21.648047+00:00
https://kinetics.nist.gov/solution/Detail?id=1972LAR/FES9062-9073:2,queued,,unknown,,,,,1,2026-06-30T12:03:37.444369+00:00
https://kinetics.nist.gov/solution/Detail?id=1972LAR/FES9062-9073:3,queued,,unknown,,,,,1,2026-06-30T12:03:37.449021+00:00
https://kinetics.nist.gov/solution/Detail?id=1972LAR/FES9062-9073:4,queued,,unknown,,,,,1,2026-06-30T12:03:37.453442+00:00
https://kinetics.nist.gov/solution/Detail?id=1972LAR/FES9062-9073:5,queued,,unknown,,,,,1,2026-06-30T12:03:37.457552+00:00
https://kinetics.nist.gov/solution/Detail?id=1972LAR/FES9062-9073:6,queued,,unknown,,,,,1,2026-06-30T12:03:37.461494+00:00
https://kinetics.nist.gov/solution/Detail?id=1972LAR/FES9062-9073:7,queued,,unknown,,,,,1,2026-06-30T12:03:37.464725+00:00
https://kinetics.nist.gov/solution/Detail?id=1972LAR/FES9062-9073:8,queued,,unknown,,,,,1,2026-06-30T12:03:37.467875+00:00
https://kinetics.nist.gov/solution/Detail?id=1972MAR/HAR9238-9240:2,queued,,unknown,,,,,1,2026-06-30T12:03:52.052156+00:00
https://kinetics.nist.gov/solution/Detail?id=1972MAR/HAR9238-9240:3,queued,,unknown,,,,,1,2026-06-30T12:03:52.055609+00:00
https://kinetics.nist.gov/solution/Detail?id=1972MAR/HAR9238-9240:4,queued,,unknown,,,,,1,2026-06-30T12:03:52.059172+00:00
https://kinetics.nist.gov/solution/Detail?id=1972MAR/HAR9238-9240:5,queued,,unknown,,,,,1,2026-06-30T12:03:52.062814+00:00
https://kinetics.nist.gov/solution/Detail?id=1972MAR/HAR9238-9240:6,queued,,unknown,,,,,1,2026-06-30T12:03:52.066583+00:00
https://kinetics.nist.gov/solution/Detail?id=1972MAR/HAR9238-9240:7,queued,,unknown,,,,,1,2026-06-30T12:03:52.069812+00:00
https://kinetics.nist.gov/solution/Detail?id=1972MAR/HAR9238-9240:8,queued,,unknown,,,,,1,2026-06-30T12:03:52.073501+00:00
https://kinetics.nist.gov/solution/Detail?id=1972NET2399-2402:1,queued,,unknown,,,,,1,2026-06-25T08:41:28.378193+00:00
https://kinetics.nist.gov/solution/Detail?id=1972OLM/KAR3305-3313:2,queued,,unknown,,,,,1,2026-06-30T12:04:04.995355+00:00
https://kinetics.nist.gov/solution/Detail?id=1972OLM/KAR3305-3313:3,queued,,unknown,,,,,1,2026-06-30T12:04:04.998651+00:00
https://kinetics.nist.gov/solution/Detail?id=1972OLM/KAR3305-3313:4,queued,,unknown,,,,,1,2026-06-30T12:04:05.000969+00:00
https://kinetics.nist.gov/solution/Detail?id=1972OLM/KAR3305-3313:5,queued,,unknown,,,,,1,2026-06-30T12:04:05.003385+00:00
https://kinetics.nist.gov/solution/Detail?id=1972OLM/KAR3305-3313:6,queued,,unknown,,,,,1,2026-06-30T12:04:05.005765+00:00
https://kinetics.nist.gov/solution/Detail?id=1972OLM/KAR3305-3313:7,queued,,unknown,,,,,1,2026-06-30T12:04:05.007830+00:00
https://kinetics.nist.gov/solution/Detail?id=1972OLM/KAR3305-3313:8,queued,,unknown,,,,,1,2026-06-30T12:04:05.009956+00:00
https://kinetics.nist.gov/solution/Detail?id=1972SEL:3,queued,,unknown,,,,,2,2026-06-30T15:20:54.538176+00:00
https://kinetics.nist.gov/solution/Detail?id=1973ASM/MOE1218-1221:2,queued,,unknown,,,,,1,2026-06-30T12:04:24.070734+00:00
https://kinetics.nist.gov/solution/Detail?id=1973ASM/MOE1218-1221:3,queued,,unknown,,,,,1,2026-06-30T12:04:24.073647+00:00
https://kinetics.nist.gov/solution/Detail?id=1973ASM/MOE1218-1221:4,queued,,unknown,,,,,1,2026-06-30T12:04:24.077734+00:00
https://kinetics.nist.gov/solution/Detail?id=1973ASM/MOE1218-1221:5,queued,,unknown,,,,,1,2026-06-30T12:04:24.080434+00:00
https://kinetics.nist.gov/solution/Detail?id=1973ASM/MOE1218-1221:6,queued,,unknown,,,,,1,2026-06-30T12:04:24.083629+00:00
https://kinetics.nist.gov/solution/Detail?id=1973ASM/MOE1218-1221:7,queued,,unknown,,,,,1,2026-06-30T12:04:24.086883+00:00
https://kinetics.nist.gov/solution/Detail?id=1973ASM/MOE1218-1221:8,queued,,unknown,,,,,1,2026-06-30T12:04:24.089549+00:00
https://kinetics.nist.gov/solution/Detail?id=1973BEH/SAM2055-2059:1,queued,,unknown,,,,,2,2026-06-30T12:04:42.342357+00:00
https://kinetics.nist.gov/solution/Detail?id=1973BEH/SAM2055-2059:2,queued,,unknown,,,,,1,2026-06-30T12:04:42.349577+00:00
https://kinetics.nist.gov/solution/Detail?id=1973BEH/SAM2055-2059:3,queued,,unknown,,,,,1,2026-06-30T12:04:42.357322+00:00
https://kinetics.nist.gov/solution/Detail?id=1973BEH/SAM2055-2059:4,queued,,unknown,,,,,1,2026-06-30T12:04:42.362288+00:00
https://kinetics.nist.gov/solution/Detail?id=1973BEH/SAM2055-2059:5,queued,,unknown,,,,,1,2026-06-30T12:04:42.365647+00:00
https://kinetics.nist.gov/solution/Detail?id=1973BEH/SAM2055-2059:6,queued,,unknown,,,,,1,2026-06-30T12:04:42.369332+00:00
https://kinetics.nist.gov/solution/Detail?id=1973BEH/SAM2055-2059:7,queued,,unknown,,,,,1,2026-06-30T12:04:42.372840+00:00
https://kinetics.nist.gov/solution/Detail?id=1973BEH/SAM2055-2059:8,queued,,unknown,,,,,1,2026-06-30T12:04:42.376267+00:00
https://kinetics.nist.gov/solution/Detail?id=1973BHA/SCH1356-1365:1,queued,,unknown,,,,,1,2026-06-25T08:41:28.366706+00:00
https://kinetics.nist.gov/solution/Detail?id=1973BUX/DAI243-254:2,queued,,unknown,,,,,1,2026-06-30T12:05:01.315574+00:00
https://kinetics.nist.gov/solution/Detail?id=1973BUX/DAI243-254:3,queued,,unknown,,,,,1,2026-06-30T12:05:01.320350+00:00
https://kinetics.nist.gov/solution/Detail?id=1973BUX/DAI243-254:4,queued,,unknown,,,,,1,2026-06-30T12:05:01.323897+00:00
https://kinetics.nist.gov/solution/Detail?id=1973BUX/DAI243-254:5,queued,,unknown,,,,,1,2026-06-30T12:05:01.327108+00:00
https://kinetics.nist.gov/solution/Detail?id=1973BUX/DAI243-254:6,queued,,unknown,,,,,1,2026-06-30T12:05:01.330779+00:00
https://kinetics.nist.gov/solution/Detail?id=1973BUX/DAI243-254:7,queued,,unknown,,,,,1,2026-06-30T12:05:01.334196+00:00
https://kinetics.nist.gov/solution/Detail?id=1973BUX/DAI243-254:8,queued,,unknown,,,,,1,2026-06-30T12:05:01.337886+00:00
https://kinetics.nist.gov/solution/Detail?id=1973GRA/GET405-417:2,queued,,unknown,,,,,1,2026-06-30T12:05:13.483604+00:00
https://kinetics.nist.gov/solution/Detail?id=1973GRA/GET405-417:3,queued,,unknown,,,,,1,2026-06-30T12:05:13.489155+00:00
https://kinetics.nist.gov/solution/Detail?id=1973GRA/GET405-417:4,queued,,unknown,,,,,1,2026-06-30T12:05:13.494078+00:00
https://kinetics.nist.gov/solution/Detail?id=1973GRA/GET405-417:5,queued,,unknown,,,,,1,2026-06-30T12:05:13.497794+00:00
https://kinetics.nist.gov/solution/Detail?id=1973GRA/GET405-417:6,queued,,unknown,,,,,1,2026-06-30T12:05:13.501463+00:00
https://kinetics.nist.gov/solution/Detail?id=1973GRA/GET405-417:7,queued,,unknown,,,,,1,2026-06-30T12:05:13.505018+00:00
https://kinetics.nist.gov/solution/Detail?id=1973GRA/GET405-417:8,queued,,unknown,,,,,1,2026-06-30T12:05:13.508874+00:00
https://kinetics.nist.gov/solution/Detail?id=1973HOW/FUR3738-3745:2,queued,,unknown,,,,,1,2026-06-30T12:05:29.389440+00:00
https://kinetics.nist.gov/solution/Detail?id=1973HOW/FUR3738-3745:3,queued,,unknown,,,,,1,2026-06-30T12:05:29.394358+00:00
https://kinetics.nist.gov/solution/Detail?id=1973HOW/FUR3738-3745:4,queued,,unknown,,,,,1,2026-06-30T12:05:29.398883+00:00
https://kinetics.nist.gov/solution/Detail?id=1973HOW/FUR3738-3745:5,queued,,unknown,,,,,1,2026-06-30T12:05:29.402691+00:00
https://kinetics.nist.gov/solution/Detail?id=1973HOW/FUR3738-3745:6,queued,,unknown,,,,,1,2026-06-30T12:05:29.406308+00:00
https://kinetics.nist.gov/solution/Detail?id=1973HOW/FUR3738-3745:7,queued,,unknown,,,,,1,2026-06-30T12:05:29.409646+00:00
https://kinetics.nist.gov/solution/Detail?id=1973HOW/FUR3738-3745:8,queued,,unknown,,,,,1,2026-06-30T12:05:29.412926+00:00
https://kinetics.nist.gov/solution/Detail?id=1973LAR/FES1283-1288:2,queued,,unknown,,,,,1,2026-06-30T12:05:47.524241+00:00
https://kinetics.nist.gov/solution/Detail?id=1973LAR/FES1283-1288:3,queued,,unknown,,,,,1,2026-06-30T12:05:47.527116+00:00
https://kinetics.nist.gov/solution/Detail?id=1973LAR/FES1283-1288:4,queued,,unknown,,,,,1,2026-06-30T12:05:47.530002+00:00
https://kinetics.nist.gov/solution/Detail?id=1973LAR/FES1283-1288:5,queued,,unknown,,,,,1,2026-06-30T12:05:47.532468+00:00
https://kinetics.nist.gov/solution/Detail?id=1973LAR/FES1283-1288:6,queued,,unknown,,,,,1,2026-06-30T12:05:47.535445+00:00
https://kinetics.nist.gov/solution/Detail?id=1973LAR/FES1283-1288:7,queued,,unknown,,,,,1,2026-06-30T12:05:47.537934+00:00
https://kinetics.nist.gov/solution/Detail?id=1973LAR/FES1283-1288:8,queued,,unknown,,,,,1,2026-06-30T12:05:47.540296+00:00
https://kinetics.nist.gov/solution/Detail?id=1974HAM/CHO3029-3031:2,queued,,unknown,,,,,1,2026-06-30T12:06:27.305715+00:00
https://kinetics.nist.gov/solution/Detail?id=1974HAM/CHO3029-3031:3,queued,,unknown,,,,,1,2026-06-30T12:06:27.311642+00:00
https://kinetics.nist.gov/solution/Detail?id=1974HAM/CHO3029-3031:4,queued,,unknown,,,,,1,2026-06-30T12:06:27.317286+00:00
https://kinetics.nist.gov/solution/Detail?id=1974HAM/CHO3029-3031:5,queued,,unknown,,,,,1,2026-06-30T12:06:27.321564+00:00
https://kinetics.nist.gov/solution/Detail?id=1974HAM/CHO3029-3031:6,queued,,unknown,,,,,1,2026-06-30T12:06:27.325365+00:00
https://kinetics.nist.gov/solution/Detail?id=1974HAM/CHO3029-3031:7,queued,,unknown,,,,,1,2026-06-30T12:06:27.329256+00:00
https://kinetics.nist.gov/solution/Detail?id=1974HAM/CHO3029-3031:8,queued,,unknown,,,,,1,2026-06-30T12:06:27.333124+00:00
https://kinetics.nist.gov/solution/Detail?id=1974MAT/CUR3348-3351:2,queued,,unknown,,,,,1,2026-06-30T12:06:43.456336+00:00
https://kinetics.nist.gov/solution/Detail?id=1974MAT/CUR3348-3351:3,queued,,unknown,,,,,1,2026-06-30T12:06:43.460116+00:00
https://kinetics.nist.gov/solution/Detail?id=1974MAT/CUR3348-3351:4,queued,,unknown,,,,,1,2026-06-30T12:06:43.464252+00:00
https://kinetics.nist.gov/solution/Detail?id=1974MAT/CUR3348-3351:5,queued,,unknown,,,,,1,2026-06-30T12:06:43.467805+00:00
https://kinetics.nist.gov/solution/Detail?id=1974MAT/CUR3348-3351:6,queued,,unknown,,,,,1,2026-06-30T12:06:43.471300+00:00
https://kinetics.nist.gov/solution/Detail?id=1974MAT/CUR3348-3351:7,queued,,unknown,,,,,1,2026-06-30T12:06:43.474575+00:00
https://kinetics.nist.gov/solution/Detail?id=1974MAT/CUR3348-3351:8,queued,,unknown,,,,,1,2026-06-30T12:06:43.477820+00:00
https://kinetics.nist.gov/solution/Detail?id=1974MIC/CER285-289:1,queued,,unknown,,,,,1,2026-06-25T08:41:28.357655+00:00
https://kinetics.nist.gov/solution/Detail?id=1974MOG/MIN512-517:2,queued,,unknown,,,,,1,2026-06-30T12:06:58.928961+00:00
https://kinetics.nist.gov/solution/Detail?id=1974MOG/MIN512-517:3,queued,,unknown,,,,,1,2026-06-30T12:06:58.931890+00:00
https://kinetics.nist.gov/solution/Detail?id=1974MOG/MIN512-517:4,queued,,unknown,,,,,1,2026-06-30T12:06:58.934555+00:00
https://kinetics.nist.gov/solution/Detail?id=1974MOG/MIN512-517:5,queued,,unknown,,,,,1,2026-06-30T12:06:58.937412+00:00
https://kinetics.nist.gov/solution/Detail?id=1974MOG/MIN512-517:6,queued,,unknown,,,,,1,2026-06-30T12:06:58.939734+00:00
https://kinetics.nist.gov/solution/Detail?id=1974MOG/MIN512-517:7,queued,,unknown,,,,,1,2026-06-30T12:06:58.942116+00:00
https://kinetics.nist.gov/solution/Detail?id=1974MOG/MIN512-517:8,queued,,unknown,,,,,1,2026-06-30T12:06:58.944700+00:00
https://kinetics.nist.gov/solution/Detail?id=1974SIM/LIL291-292:1,queued,,unknown,,,,,2,2026-06-30T12:07:17.131835+00:00
https://kinetics.nist.gov/solution/Detail?id=1974SIM/LIL291-292:2,queued,,unknown,,,,,1,2026-06-30T12:07:17.136951+00:00
https://kinetics.nist.gov/solution/Detail?id=1974SIM/LIL291-292:3,queued,,unknown,,,,,1,2026-06-30T12:07:17.141260+00:00
https://kinetics.nist.gov/solution/Detail?id=1974SIM/LIL291-292:4,queued,,unknown,,,,,1,2026-06-30T12:07:17.145405+00:00
https://kinetics.nist.gov/solution/Detail?id=1974SIM/LIL291-292:5,queued,,unknown,,,,,1,2026-06-30T12:07:17.149339+00:00
https://kinetics.nist.gov/solution/Detail?id=1974SIM/LIL291-292:6,queued,,unknown,,,,,1,2026-06-30T12:07:17.152860+00:00
https://kinetics.nist.gov/solution/Detail?id=1974SIM/LIL291-292:7,queued,,unknown,,,,,1,2026-06-30T12:07:17.156459+00:00
https://kinetics.nist.gov/solution/Detail?id=1974SIM/LIL291-292:8,queued,,unknown,,,,,1,2026-06-30T12:07:17.160393+00:00
https://kinetics.nist.gov/solution/Detail?id=1975CHE/HOW623-627:2,queued,,unknown,,,,,1,2026-06-30T12:07:33.045389+00:00
https://kinetics.nist.gov/solution/Detail?id=1975CHE/HOW623-627:3,queued,,unknown,,,,,1,2026-06-30T12:07:33.048498+00:00
https://kinetics.nist.gov/solution/Detail?id=1975CHE/HOW623-627:4,queued,,unknown,,,,,1,2026-06-30T12:07:33.051201+00:00
https://kinetics.nist.gov/solution/Detail?id=1975CHE/HOW623-627:5,queued,,unknown,,,,,1,2026-06-30T12:07:33.054509+00:00
https://kinetics.nist.gov/solution/Detail?id=1975CHE/HOW623-627:6,queued,,unknown,,,,,1,2026-06-30T12:07:33.057485+00:00
https://kinetics.nist.gov/solution/Detail?id=1975CHE/HOW623-627:7,queued,,unknown,,,,,1,2026-06-30T12:07:33.060085+00:00
https://kinetics.nist.gov/solution/Detail?id=1975CHE/HOW623-627:8,queued,,unknown,,,,,1,2026-06-30T12:07:33.063253+00:00
https://kinetics.nist.gov/solution/Detail?id=1975KUZ/KHU2319-2322:1,queued,,unknown,,,,,1,2026-06-25T09:11:07.506217+00:00
https://kinetics.nist.gov/solution/Detail?id=1975MEY1716-1717:2,queued,,unknown,,,,,1,2026-06-30T12:07:46.847540+00:00
https://kinetics.nist.gov/solution/Detail?id=1975MEY1716-1717:3,queued,,unknown,,,,,1,2026-06-30T12:07:46.850448+00:00
https://kinetics.nist.gov/solution/Detail?id=1975MEY1716-1717:4,queued,,unknown,,,,,1,2026-06-30T12:07:46.854683+00:00
https://kinetics.nist.gov/solution/Detail?id=1975MEY1716-1717:5,queued,,unknown,,,,,1,2026-06-30T12:07:46.857922+00:00
https://kinetics.nist.gov/solution/Detail?id=1975MEY1716-1717:6,queued,,unknown,,,,,1,2026-06-30T12:07:46.860474+00:00
https://kinetics.nist.gov/solution/Detail?id=1975MEY1716-1717:7,queued,,unknown,,,,,1,2026-06-30T12:07:46.863536+00:00
https://kinetics.nist.gov/solution/Detail?id=1975MEY1716-1717:8,queued,,unknown,,,,,1,2026-06-30T12:07:46.867458+00:00
https://kinetics.nist.gov/solution/Detail?id=1975PAS/COB866-873:2,queued,,unknown,,,,,1,2026-06-30T12:08:02.066244+00:00
https://kinetics.nist.gov/solution/Detail?id=1975PAS/COB866-873:3,queued,,unknown,,,,,1,2026-06-30T12:08:02.069705+00:00
https://kinetics.nist.gov/solution/Detail?id=1975PAS/COB866-873:4,queued,,unknown,,,,,1,2026-06-30T12:08:02.072559+00:00
https://kinetics.nist.gov/solution/Detail?id=1975PAS/COB866-873:5,queued,,unknown,,,,,1,2026-06-30T12:08:02.075762+00:00
https://kinetics.nist.gov/solution/Detail?id=1975PAS/COB866-873:6,queued,,unknown,,,,,1,2026-06-30T12:08:02.078743+00:00
https://kinetics.nist.gov/solution/Detail?id=1975PAS/COB866-873:7,queued,,unknown,,,,,1,2026-06-30T12:08:02.081418+00:00
https://kinetics.nist.gov/solution/Detail?id=1975PAS/COB866-873:8,queued,,unknown,,,,,1,2026-06-30T12:08:02.084111+00:00
https://kinetics.nist.gov/solution/Detail?id=1975PIK/ERS3025-3034:1,queued,,unknown,,,,,1,2026-06-25T08:41:28.354555+00:00
https://kinetics.nist.gov/solution/Detail?id=1975RAO/HAY2986-2989:2,queued,,unknown,,,,,1,2026-06-30T12:08:19.793800+00:00
https://kinetics.nist.gov/solution/Detail?id=1975RAO/HAY2986-2989:3,queued,,unknown,,,,,1,2026-06-30T12:08:19.796618+00:00
https://kinetics.nist.gov/solution/Detail?id=1975RAO/HAY2986-2989:4,queued,,unknown,,,,,1,2026-06-30T12:08:19.800474+00:00
https://kinetics.nist.gov/solution/Detail?id=1975RAO/HAY2986-2989:5,queued,,unknown,,,,,1,2026-06-30T12:08:19.803367+00:00
https://kinetics.nist.gov/solution/Detail?id=1975RAO/HAY2986-2989:6,queued,,unknown,,,,,1,2026-06-30T12:08:19.806518+00:00
https://kinetics.nist.gov/solution/Detail?id=1975RAO/HAY2986-2989:7,queued,,unknown,,,,,1,2026-06-30T12:08:19.810067+00:00
https://kinetics.nist.gov/solution/Detail?id=1975RAO/HAY2986-2989:8,queued,,unknown,,,,,1,2026-06-30T12:08:19.813382+00:00
https://kinetics.nist.gov/solution/Detail?id=1975RAO/HAY865-868:1,queued,,unknown,,,,,1,2026-06-25T08:41:28.351290+00:00
https://kinetics.nist.gov/solution/Detail?id=1975TEA/KLA475-477:2,queued,,unknown,,,,,1,2026-06-30T12:08:32.708491+00:00
https://kinetics.nist.gov/solution/Detail?id=1975TEA/KLA475-477:3,queued,,unknown,,,,,1,2026-06-30T12:08:32.711300+00:00
https://kinetics.nist.gov/solution/Detail?id=1975TEA/KLA475-477:4,queued,,unknown,,,,,1,2026-06-30T12:08:32.714609+00:00
https://kinetics.nist.gov/solution/Detail?id=1975TEA/KLA475-477:5,queued,,unknown,,,,,1,2026-06-30T12:08:32.717464+00:00
https://kinetics.nist.gov/solution/Detail?id=1975TEA/KLA475-477:6,queued,,unknown,,,,,1,2026-06-30T12:08:32.720275+00:00
https://kinetics.nist.gov/solution/Detail?id=1975TEA/KLA475-477:7,queued,,unknown,,,,,1,2026-06-30T12:08:32.722993+00:00
https://kinetics.nist.gov/solution/Detail?id=1975TEA/KLA475-477:8,queued,,unknown,,,,,1,2026-06-30T12:08:32.725722+00:00
https://kinetics.nist.gov/solution/Detail?id=1976BAN/FES1743-1745:2,queued,,unknown,,,,,1,2026-06-30T12:08:51.783684+00:00
https://kinetics.nist.gov/solution/Detail?id=1976BAN/FES1743-1745:3,queued,,unknown,,,,,1,2026-06-30T12:08:51.789995+00:00
https://kinetics.nist.gov/solution/Detail?id=1976BAN/FES1743-1745:4,queued,,unknown,,,,,1,2026-06-30T12:08:51.793518+00:00
https://kinetics.nist.gov/solution/Detail?id=1976BAN/FES1743-1745:5,queued,,unknown,,,,,1,2026-06-30T12:08:51.796659+00:00
https://kinetics.nist.gov/solution/Detail?id=1976BAN/FES1743-1745:6,queued,,unknown,,,,,1,2026-06-30T12:08:51.799949+00:00
https://kinetics.nist.gov/solution/Detail?id=1976BAN/FES1743-1745:7,queued,,unknown,,,,,1,2026-06-30T12:08:51.803513+00:00
https://kinetics.nist.gov/solution/Detail?id=1976BAN/FES1743-1745:8,queued,,unknown,,,,,1,2026-06-30T12:08:51.807060+00:00
https://kinetics.nist.gov/solution/Detail?id=1976FRA/GRA294-300:2,queued,,unknown,,,,,1,2026-06-30T12:09:08.683733+00:00
https://kinetics.nist.gov/solution/Detail?id=1976FRA/GRA294-300:3,queued,,unknown,,,,,1,2026-06-30T12:09:08.687093+00:00
https://kinetics.nist.gov/solution/Detail?id=1976FRA/GRA294-300:4,queued,,unknown,,,,,1,2026-06-30T12:09:08.690132+00:00
https://kinetics.nist.gov/solution/Detail?id=1976FRA/GRA294-300:5,queued,,unknown,,,,,1,2026-06-30T12:09:08.692717+00:00
https://kinetics.nist.gov/solution/Detail?id=1976FRA/GRA294-300:6,queued,,unknown,,,,,1,2026-06-30T12:09:08.695231+00:00
https://kinetics.nist.gov/solution/Detail?id=1976FRA/GRA294-300:7,queued,,unknown,,,,,1,2026-06-30T12:09:08.698008+00:00
https://kinetics.nist.gov/solution/Detail?id=1976FRA/GRA294-300:8,queued,,unknown,,,,,1,2026-06-30T12:09:08.700960+00:00
https://kinetics.nist.gov/solution/Detail?id=1976ILA/RAB1558-1562:2,queued,,unknown,,,,,1,2026-06-30T12:09:31.090323+00:00
https://kinetics.nist.gov/solution/Detail?id=1976ILA/RAB1558-1562:3,queued,,unknown,,,,,1,2026-06-30T12:09:31.093569+00:00
https://kinetics.nist.gov/solution/Detail?id=1976ILA/RAB1558-1562:4,queued,,unknown,,,,,1,2026-06-30T12:09:31.096204+00:00
https://kinetics.nist.gov/solution/Detail?id=1976ILA/RAB1558-1562:5,queued,,unknown,,,,,1,2026-06-30T12:09:31.099163+00:00
https://kinetics.nist.gov/solution/Detail?id=1976ILA/RAB1558-1562:6,queued,,unknown,,,,,1,2026-06-30T12:09:31.101752+00:00
https://kinetics.nist.gov/solution/Detail?id=1976ILA/RAB1558-1562:7,queued,,unknown,,,,,1,2026-06-30T12:09:31.104245+00:00
https://kinetics.nist.gov/solution/Detail?id=1976ILA/RAB1558-1562:8,queued,,unknown,,,,,1,2026-06-30T12:09:31.107150+00:00
https://kinetics.nist.gov/solution/Detail?id=1976MAY/KRO267-275:2,queued,,unknown,,,,,1,2026-06-30T12:09:50.583437+00:00
https://kinetics.nist.gov/solution/Detail?id=1976MAY/KRO267-275:3,queued,,unknown,,,,,1,2026-06-30T12:09:50.588484+00:00
https://kinetics.nist.gov/solution/Detail?id=1976MAY/KRO267-275:4,queued,,unknown,,,,,1,2026-06-30T12:09:50.593330+00:00
https://kinetics.nist.gov/solution/Detail?id=1976MAY/KRO267-275:5,queued,,unknown,,,,,1,2026-06-30T12:09:50.597342+00:00
https://kinetics.nist.gov/solution/Detail?id=1976MAY/KRO267-275:6,queued,,unknown,,,,,1,2026-06-30T12:09:50.601319+00:00
https://kinetics.nist.gov/solution/Detail?id=1976MAY/KRO267-275:7,queued,,unknown,,,,,1,2026-06-30T12:09:50.604829+00:00
https://kinetics.nist.gov/solution/Detail?id=1976MAY/KRO267-275:8,queued,,unknown,,,,,1,2026-06-30T12:09:50.608372+00:00
https://kinetics.nist.gov/solution/Detail?id=1976POS/ADA2231-2239:1,queued,,unknown,,,,,2,2026-06-30T12:10:03.377328+00:00
https://kinetics.nist.gov/solution/Detail?id=1976POS/ADA2231-2239:2,queued,,unknown,,,,,1,2026-06-30T12:10:03.384453+00:00
https://kinetics.nist.gov/solution/Detail?id=1976POS/ADA2231-2239:3,queued,,unknown,,,,,1,2026-06-30T12:10:03.390159+00:00
https://kinetics.nist.gov/solution/Detail?id=1976POS/ADA2231-2239:4,queued,,unknown,,,,,1,2026-06-30T12:10:03.394611+00:00
https://kinetics.nist.gov/solution/Detail?id=1976POS/ADA2231-2239:5,queued,,unknown,,,,,1,2026-06-30T12:10:03.398207+00:00
https://kinetics.nist.gov/solution/Detail?id=1976POS/ADA2231-2239:6,queued,,unknown,,,,,1,2026-06-30T12:10:03.401836+00:00
https://kinetics.nist.gov/solution/Detail?id=1976POS/ADA2231-2239:7,queued,,unknown,,,,,1,2026-06-30T12:10:03.405108+00:00
https://kinetics.nist.gov/solution/Detail?id=1976POS/ADA2231-2239:8,queued,,unknown,,,,,1,2026-06-30T12:10:03.408397+00:00
https://kinetics.nist.gov/solution/Detail?id=1976SHU/MOR760-766:1,queued,,unknown,,,,,2,2026-06-30T12:10:23.616632+00:00
https://kinetics.nist.gov/solution/Detail?id=1976SHU/MOR760-766:2,queued,,unknown,,,,,1,2026-06-30T12:10:23.623316+00:00
https://kinetics.nist.gov/solution/Detail?id=1976SHU/MOR760-766:3,queued,,unknown,,,,,1,2026-06-30T12:10:23.628645+00:00
https://kinetics.nist.gov/solution/Detail?id=1976SHU/MOR760-766:4,queued,,unknown,,,,,1,2026-06-30T12:10:23.633115+00:00
https://kinetics.nist.gov/solution/Detail?id=1976SHU/MOR760-766:5,queued,,unknown,,,,,1,2026-06-30T12:10:23.636921+00:00
https://kinetics.nist.gov/solution/Detail?id=1976SHU/MOR760-766:6,queued,,unknown,,,,,1,2026-06-30T12:10:23.640879+00:00
https://kinetics.nist.gov/solution/Detail?id=1976SHU/MOR760-766:7,queued,,unknown,,,,,1,2026-06-30T12:10:23.644553+00:00
https://kinetics.nist.gov/solution/Detail?id=1976SHU/MOR760-766:8,queued,,unknown,,,,,1,2026-06-30T12:10:23.648175+00:00
https://kinetics.nist.gov/solution/Detail?id=1977BIE/ALL1048-1050:2,queued,,unknown,,,,,1,2026-06-30T12:10:43.040447+00:00
https://kinetics.nist.gov/solution/Detail?id=1977BIE/ALL1048-1050:3,queued,,unknown,,,,,1,2026-06-30T12:10:43.046032+00:00
https://kinetics.nist.gov/solution/Detail?id=1977BIE/ALL1048-1050:4,queued,,unknown,,,,,1,2026-06-30T12:10:43.050497+00:00
https://kinetics.nist.gov/solution/Detail?id=1977BIE/ALL1048-1050:5,queued,,unknown,,,,,1,2026-06-30T12:10:43.054333+00:00
https://kinetics.nist.gov/solution/Detail?id=1977BIE/ALL1048-1050:6,queued,,unknown,,,,,1,2026-06-30T12:10:43.057955+00:00
https://kinetics.nist.gov/solution/Detail?id=1977BIE/ALL1048-1050:7,queued,,unknown,,,,,1,2026-06-30T12:10:43.061419+00:00
https://kinetics.nist.gov/solution/Detail?id=1977BIE/ALL1048-1050:8,queued,,unknown,,,,,1,2026-06-30T12:10:43.065107+00:00
https://kinetics.nist.gov/solution/Detail?id=1977CAS/KUK3371-3372:2,queued,,unknown,,,,,1,2026-06-30T12:11:01.215681+00:00
https://kinetics.nist.gov/solution/Detail?id=1977CAS/KUK3371-3372:3,queued,,unknown,,,,,1,2026-06-30T12:11:01.218811+00:00
https://kinetics.nist.gov/solution/Detail?id=1977CAS/KUK3371-3372:4,queued,,unknown,,,,,1,2026-06-30T12:11:01.222116+00:00
https://kinetics.nist.gov/solution/Detail?id=1977CAS/KUK3371-3372:5,queued,,unknown,,,,,1,2026-06-30T12:11:01.224895+00:00
https://kinetics.nist.gov/solution/Detail?id=1977CAS/KUK3371-3372:6,queued,,unknown,,,,,1,2026-06-30T12:11:01.228254+00:00
https://kinetics.nist.gov/solution/Detail?id=1977CAS/KUK3371-3372:7,queued,,unknown,,,,,1,2026-06-30T12:11:01.230760+00:00
https://kinetics.nist.gov/solution/Detail?id=1977CAS/KUK3371-3372:8,queued,,unknown,,,,,1,2026-06-30T12:11:01.233623+00:00
https://kinetics.nist.gov/solution/Detail?id=1977FRE/MEY127-128:2,queued,,unknown,,,,,1,2026-06-30T12:11:14.766255+00:00
https://kinetics.nist.gov/solution/Detail?id=1977FRE/MEY127-128:3,queued,,unknown,,,,,1,2026-06-30T12:11:14.771314+00:00
https://kinetics.nist.gov/solution/Detail?id=1977FRE/MEY127-128:4,queued,,unknown,,,,,1,2026-06-30T12:11:14.776321+00:00
https://kinetics.nist.gov/solution/Detail?id=1977FRE/MEY127-128:5,queued,,unknown,,,,,1,2026-06-30T12:11:14.780357+00:00
https://kinetics.nist.gov/solution/Detail?id=1977FRE/MEY127-128:6,queued,,unknown,,,,,1,2026-06-30T12:11:14.784284+00:00
https://kinetics.nist.gov/solution/Detail?id=1977FRE/MEY127-128:7,queued,,unknown,,,,,1,2026-06-30T12:11:14.787659+00:00
https://kinetics.nist.gov/solution/Detail?id=1977FRE/MEY127-128:8,queued,,unknown,,,,,1,2026-06-30T12:11:14.790955+00:00
https://kinetics.nist.gov/solution/Detail?id=1977MAR/TAN1944-1948:2,queued,,unknown,,,,,1,2026-06-30T12:11:34.227469+00:00
https://kinetics.nist.gov/solution/Detail?id=1977MAR/TAN1944-1948:3,queued,,unknown,,,,,1,2026-06-30T12:11:34.230343+00:00
https://kinetics.nist.gov/solution/Detail?id=1977MAR/TAN1944-1948:4,queued,,unknown,,,,,1,2026-06-30T12:11:34.233162+00:00
https://kinetics.nist.gov/solution/Detail?id=1977MAR/TAN1944-1948:5,queued,,unknown,,,,,1,2026-06-30T12:11:34.235567+00:00
https://kinetics.nist.gov/solution/Detail?id=1977MAR/TAN1944-1948:6,queued,,unknown,,,,,1,2026-06-30T12:11:34.238314+00:00
https://kinetics.nist.gov/solution/Detail?id=1977MAR/TAN1944-1948:7,queued,,unknown,,,,,1,2026-06-30T12:11:34.240925+00:00
https://kinetics.nist.gov/solution/Detail?id=1977MAR/TAN1944-1948:8,queued,,unknown,,,,,1,2026-06-30T12:11:34.243297+00:00
https://kinetics.nist.gov/solution/Detail?id=1977PIK/SHI602-606:1,queued,,unknown,,,,,1,2026-06-25T12:01:36.541389+00:00
https://kinetics.nist.gov/solution/Detail?id=1978ASM/BON1820-1826:1,queued,,unknown,,,,,2,2026-06-30T12:11:53.140510+00:00
https://kinetics.nist.gov/solution/Detail?id=1978ASM/BON1820-1826:2,queued,,unknown,,,,,1,2026-06-30T12:11:53.144396+00:00
https://kinetics.nist.gov/solution/Detail?id=1978ASM/BON1820-1826:3,queued,,unknown,,,,,1,2026-06-30T12:11:53.147622+00:00
https://kinetics.nist.gov/solution/Detail?id=1978ASM/BON1820-1826:4,queued,,unknown,,,,,1,2026-06-30T12:11:53.152129+00:00
https://kinetics.nist.gov/solution/Detail?id=1978ASM/BON1820-1826:5,queued,,unknown,,,,,1,2026-06-30T12:11:53.155364+00:00
https://kinetics.nist.gov/solution/Detail?id=1978ASM/BON1820-1826:6,queued,,unknown,,,,,1,2026-06-30T12:11:53.159416+00:00
https://kinetics.nist.gov/solution/Detail?id=1978ASM/BON1820-1826:7,queued,,unknown,,,,,1,2026-06-30T12:11:53.163065+00:00
https://kinetics.nist.gov/solution/Detail?id=1978ASM/BON1820-1826:8,queued,,unknown,,,,,1,2026-06-30T12:11:53.166225+00:00
https://kinetics.nist.gov/solution/Detail?id=1978BOT/SCH416-420:1,queued,,unknown,,,,,1,2026-06-25T08:54:01.295236+00:00
https://kinetics.nist.gov/solution/Detail?id=1978BRO/HAR2539-2542:1,queued,,unknown,,,,,2,2026-06-30T12:12:12.261012+00:00
https://kinetics.nist.gov/solution/Detail?id=1978BRO/HAR2539-2542:2,queued,,unknown,,,,,1,2026-06-30T12:12:12.266976+00:00
https://kinetics.nist.gov/solution/Detail?id=1978BRO/HAR2539-2542:3,queued,,unknown,,,,,1,2026-06-30T12:12:12.271425+00:00
https://kinetics.nist.gov/solution/Detail?id=1978BRO/HAR2539-2542:4,queued,,unknown,,,,,1,2026-06-30T12:12:12.275819+00:00
https://kinetics.nist.gov/solution/Detail?id=1978BRO/HAR2539-2542:5,queued,,unknown,,,,,1,2026-06-30T12:12:12.280551+00:00
https://kinetics.nist.gov/solution/Detail?id=1978BRO/HAR2539-2542:6,queued,,unknown,,,,,1,2026-06-30T12:12:12.284631+00:00
https://kinetics.nist.gov/solution/Detail?id=1978BRO/HAR2539-2542:7,queued,,unknown,,,,,1,2026-06-30T12:12:12.288653+00:00
https://kinetics.nist.gov/solution/Detail?id=1978BRO/HAR2539-2542:8,queued,,unknown,,,,,1,2026-06-30T12:12:12.292726+00:00
https://kinetics.nist.gov/solution/Detail?id=1978JOS/RUS205-229:2,queued,,unknown,,,,,1,2026-06-30T12:12:34.683599+00:00
https://kinetics.nist.gov/solution/Detail?id=1978JOS/RUS205-229:3,queued,,unknown,,,,,1,2026-06-30T12:12:34.686535+00:00
https://kinetics.nist.gov/solution/Detail?id=1978JOS/RUS205-229:4,queued,,unknown,,,,,1,2026-06-30T12:12:34.689647+00:00
https://kinetics.nist.gov/solution/Detail?id=1978JOS/RUS205-229:5,queued,,unknown,,,,,1,2026-06-30T12:12:34.693120+00:00
https://kinetics.nist.gov/solution/Detail?id=1978JOS/RUS205-229:6,queued,,unknown,,,,,1,2026-06-30T12:12:34.696410+00:00
https://kinetics.nist.gov/solution/Detail?id=1978JOS/RUS205-229:7,queued,,unknown,,,,,1,2026-06-30T12:12:34.699650+00:00
https://kinetics.nist.gov/solution/Detail?id=1978JOS/RUS205-229:8,queued,,unknown,,,,,1,2026-06-30T12:12:34.702908+00:00
https://kinetics.nist.gov/solution/Detail?id=1978MAD/LEV15-22:2,queued,,unknown,,,,,1,2026-06-30T12:12:52.700846+00:00
https://kinetics.nist.gov/solution/Detail?id=1978MAD/LEV15-22:3,queued,,unknown,,,,,1,2026-06-30T12:12:52.703560+00:00
https://kinetics.nist.gov/solution/Detail?id=1978MAD/LEV15-22:4,queued,,unknown,,,,,1,2026-06-30T12:12:52.706414+00:00
https://kinetics.nist.gov/solution/Detail?id=1978MAD/LEV15-22:5,queued,,unknown,,,,,1,2026-06-30T12:12:52.709763+00:00
https://kinetics.nist.gov/solution/Detail?id=1978MAD/LEV15-22:6,queued,,unknown,,,,,1,2026-06-30T12:12:52.712873+00:00
https://kinetics.nist.gov/solution/Detail?id=1978MAD/LEV15-22:7,queued,,unknown,,,,,1,2026-06-30T12:12:52.716322+00:00
https://kinetics.nist.gov/solution/Detail?id=1978MAD/LEV15-22:8,queued,,unknown,,,,,1,2026-06-30T12:12:52.719060+00:00
https://kinetics.nist.gov/solution/Detail?id=1978MER/HER350-354:2,queued,,unknown,,,,,1,2026-06-30T12:13:16.295936+00:00
https://kinetics.nist.gov/solution/Detail?id=1978MER/HER350-354:3,queued,,unknown,,,,,1,2026-06-30T12:13:16.300100+00:00
https://kinetics.nist.gov/solution/Detail?id=1978MER/HER350-354:4,queued,,unknown,,,,,1,2026-06-30T12:13:16.304672+00:00
https://kinetics.nist.gov/solution/Detail?id=1978MER/HER350-354:5,queued,,unknown,,,,,1,2026-06-30T12:13:16.307460+00:00
https://kinetics.nist.gov/solution/Detail?id=1978MER/HER350-354:6,queued,,unknown,,,,,1,2026-06-30T12:13:16.310053+00:00
https://kinetics.nist.gov/solution/Detail?id=1978MER/HER350-354:7,queued,,unknown,,,,,1,2026-06-30T12:13:16.313473+00:00
https://kinetics.nist.gov/solution/Detail?id=1978MER/HER350-354:8,queued,,unknown,,,,,1,2026-06-30T12:13:16.316139+00:00
https://kinetics.nist.gov/solution/Detail?id=1978RAB/MAT1-10:2,queued,,unknown,,,,,1,2026-06-30T12:15:53.823949+00:00
https://kinetics.nist.gov/solution/Detail?id=1978RAB/MAT1-10:3,queued,,unknown,,,,,1,2026-06-30T12:15:53.827386+00:00
https://kinetics.nist.gov/solution/Detail?id=1978RAB/MAT1-10:4,queued,,unknown,,,,,1,2026-06-30T12:15:53.830792+00:00
https://kinetics.nist.gov/solution/Detail?id=1978RAB/MAT1-10:5,queued,,unknown,,,,,1,2026-06-30T12:15:53.833948+00:00
https://kinetics.nist.gov/solution/Detail?id=1978RAB/MAT1-10:6,queued,,unknown,,,,,1,2026-06-30T12:15:53.837038+00:00
https://kinetics.nist.gov/solution/Detail?id=1978RAB/MAT1-10:7,queued,,unknown,,,,,1,2026-06-30T12:15:53.840056+00:00
https://kinetics.nist.gov/solution/Detail?id=1978RAB/MAT1-10:8,queued,,unknown,,,,,1,2026-06-30T12:15:53.842913+00:00
https://kinetics.nist.gov/solution/Detail?id=1978SCH/SUL429-434:1,queued,,unknown,,,,,2,2026-06-30T12:16:12.800189+00:00
https://kinetics.nist.gov/solution/Detail?id=1978SCH/SUL429-434:2,queued,,unknown,,,,,1,2026-06-30T12:16:12.803861+00:00
https://kinetics.nist.gov/solution/Detail?id=1978SCH/SUL429-434:3,queued,,unknown,,,,,1,2026-06-30T12:16:12.806492+00:00
https://kinetics.nist.gov/solution/Detail?id=1978SCH/SUL429-434:4,queued,,unknown,,,,,1,2026-06-30T12:16:12.809793+00:00
https://kinetics.nist.gov/solution/Detail?id=1978SCH/SUL429-434:5,queued,,unknown,,,,,1,2026-06-30T12:16:12.813783+00:00
https://kinetics.nist.gov/solution/Detail?id=1978SCH/SUL429-434:6,queued,,unknown,,,,,1,2026-06-30T12:16:12.817504+00:00
https://kinetics.nist.gov/solution/Detail?id=1978SCH/SUL429-434:7,queued,,unknown,,,,,1,2026-06-30T12:16:12.819890+00:00
https://kinetics.nist.gov/solution/Detail?id=1978SCH/SUL429-434:8,queued,,unknown,,,,,1,2026-06-30T12:16:12.822089+00:00
https://kinetics.nist.gov/solution/Detail?id=1978SUB/KAU1341-1344:2,queued,,unknown,,,,,1,2026-06-30T12:16:31.760834+00:00
https://kinetics.nist.gov/solution/Detail?id=1978SUB/KAU1341-1344:3,queued,,unknown,,,,,1,2026-06-30T12:16:31.763700+00:00
https://kinetics.nist.gov/solution/Detail?id=1978SUB/KAU1341-1344:4,queued,,unknown,,,,,1,2026-06-30T12:16:31.766994+00:00
https://kinetics.nist.gov/solution/Detail?id=1978SUB/KAU1341-1344:5,queued,,unknown,,,,,1,2026-06-30T12:16:31.769784+00:00
https://kinetics.nist.gov/solution/Detail?id=1978SUB/KAU1341-1344:6,queued,,unknown,,,,,1,2026-06-30T12:16:31.772789+00:00
https://kinetics.nist.gov/solution/Detail?id=1978SUB/KAU1341-1344:7,queued,,unknown,,,,,1,2026-06-30T12:16:31.775716+00:00
https://kinetics.nist.gov/solution/Detail?id=1978SUB/KAU1341-1344:8,queued,,unknown,,,,,1,2026-06-30T12:16:31.778491+00:00
https://kinetics.nist.gov/solution/Detail?id=1978SUT/SED1961-1964:2,queued,,unknown,,,,,1,2026-06-30T12:16:52.032302+00:00
https://kinetics.nist.gov/solution/Detail?id=1978SUT/SED1961-1964:3,queued,,unknown,,,,,1,2026-06-30T12:16:52.037603+00:00
https://kinetics.nist.gov/solution/Detail?id=1978SUT/SED1961-1964:4,queued,,unknown,,,,,1,2026-06-30T12:16:52.042611+00:00
https://kinetics.nist.gov/solution/Detail?id=1978SUT/SED1961-1964:5,queued,,unknown,,,,,1,2026-06-30T12:16:52.047189+00:00
https://kinetics.nist.gov/solution/Detail?id=1978SUT/SED1961-1964:6,queued,,unknown,,,,,1,2026-06-30T12:16:52.051697+00:00
https://kinetics.nist.gov/solution/Detail?id=1978SUT/SED1961-1964:7,queued,,unknown,,,,,1,2026-06-30T12:16:52.055352+00:00
https://kinetics.nist.gov/solution/Detail?id=1978SUT/SED1961-1964:8,queued,,unknown,,,,,1,2026-06-30T12:16:52.059180+00:00
https://kinetics.nist.gov/solution/Detail?id=1978WIE/COH388-392:1,queued,,unknown,,,,,2,2026-06-30T12:17:12.057920+00:00
https://kinetics.nist.gov/solution/Detail?id=1978WIE/COH388-392:2,queued,,unknown,,,,,1,2026-06-30T12:17:12.061489+00:00
https://kinetics.nist.gov/solution/Detail?id=1978WIE/COH388-392:3,queued,,unknown,,,,,1,2026-06-30T12:17:12.064724+00:00
https://kinetics.nist.gov/solution/Detail?id=1978WIE/COH388-392:4,queued,,unknown,,,,,1,2026-06-30T12:17:12.068276+00:00
https://kinetics.nist.gov/solution/Detail?id=1978WIE/COH388-392:5,queued,,unknown,,,,,1,2026-06-30T12:17:12.071372+00:00
https://kinetics.nist.gov/solution/Detail?id=1978WIE/COH388-392:6,queued,,unknown,,,,,1,2026-06-30T12:17:12.074712+00:00
https://kinetics.nist.gov/solution/Detail?id=1978WIE/COH388-392:7,queued,,unknown,,,,,1,2026-06-30T12:17:12.077063+00:00
https://kinetics.nist.gov/solution/Detail?id=1978WIE/COH388-392:8,queued,,unknown,,,,,1,2026-06-30T12:17:12.079373+00:00
https://kinetics.nist.gov/solution/Detail?id=1978ZEM/FES2670-2676:1,queued,,unknown,,,,,1,2026-06-25T08:41:28.326530+00:00
https://kinetics.nist.gov/solution/Detail?id=1979FER/HAR874-879:5,queued,,unknown,,,,,2,2026-06-30T15:20:38.284876+00:00
https://kinetics.nist.gov/solution/Detail?id=1979NET/SCH3624-3629:1,queued,,unknown,,,,,1,2026-06-25T08:40:01.660326+00:00
https://kinetics.nist.gov/solution/Detail?id=1979PIN/JOR3191-3194:1,queued,,unknown,,,,,1,2026-06-25T08:55:49.315502+00:00
https://kinetics.nist.gov/solution/Detail?id=1979SCH/VON780-784:1,queued,,unknown,,,,,1,2026-06-25T08:41:28.320811+00:00
https://kinetics.nist.gov/solution/Detail?id=1980HEN253-259:1,queued,,unknown,,,,,1,2026-06-25T08:54:34.800470+00:00
https://kinetics.nist.gov/solution/Detail?id=1980PAC/HEI965-977:1,queued,,unknown,,,,,1,2026-06-25T10:22:25.452816+00:00
https://kinetics.nist.gov/solution/Detail?id=1981FRY/MUU365-371:1,queued,,unknown,,,,,1,2026-06-25T12:07:00.883719+00:00
https://kinetics.nist.gov/solution/Detail?id=1981HAR/POR833-844:2,queued,,unknown,,,,,2,2026-06-30T15:20:48.512228+00:00
https://kinetics.nist.gov/solution/Detail?id=1981MEI/MUL179-187:1,queued,,unknown,,,,,1,2026-06-25T08:41:28.305318+00:00
https://kinetics.nist.gov/solution/Detail?id=1981MUR/FER2306-2311:1,queued,,unknown,,,,,1,2026-06-25T08:55:49.304834+00:00
https://kinetics.nist.gov/solution/Detail?id=1982AMO/ZID117-124:1,queued,,unknown,,,,,1,2026-06-25T09:12:16.517173+00:00
https://kinetics.nist.gov/solution/Detail?id=1982BIE81-100:1,queued,,unknown,,,,,1,2026-06-25T10:19:03.946151+00:00
https://kinetics.nist.gov/solution/Detail?id=1982KOR/KHU471-474:1,queued,,unknown,,,,,1,2026-06-25T09:11:07.498467+00:00
https://kinetics.nist.gov/solution/Detail?id=1982KOR/KHU471-474:2,queued,,unknown,,,,,2,2026-06-30T15:20:44.295122+00:00
https://kinetics.nist.gov/solution/Detail?id=1982RYA/ESP527-530:1,queued,,unknown,,,,,3,2026-06-30T15:20:50.119031+00:00
https://kinetics.nist.gov/solution/Detail?id=1982RYA/ESP527-530:2,queued,,unknown,,,,,2,2026-06-30T15:20:50.126796+00:00
https://kinetics.nist.gov/solution/Detail?id=1982RYA/ESP527-530:3,queued,,unknown,,,,,2,2026-06-30T15:20:50.122929+00:00
https://kinetics.nist.gov/solution/Detail?id=1983BAL/FER3990-3992:1,queued,,unknown,,,,,1,2026-06-25T08:55:49.291632+00:00
https://kinetics.nist.gov/solution/Detail?id=1983CHE/ESP1651-1655:1,queued,,unknown,,,,,1,2026-06-25T08:55:49.289179+00:00
https://kinetics.nist.gov/solution/Detail?id=1983FIT/GOO2169-2173:4,queued,,unknown,,,,,2,2026-06-30T15:20:49.411161+00:00
https://kinetics.nist.gov/solution/Detail?id=1984SAN/GAN3017-3023:1,queued,,unknown,,,,,1,2026-06-25T08:55:49.271445+00:00
https://kinetics.nist.gov/solution/Detail?id=1984VEN/MUL912-918:1,queued,,unknown,,,,,1,2026-06-25T08:41:28.288821+00:00
https://kinetics.nist.gov/solution/Detail?id=1984WU/FIS1111-1115:1,queued,,unknown,,,,,1,2026-06-25T08:53:10.270296+00:00
https://kinetics.nist.gov/solution/Detail?id=1985BUR/DOB7053-7065:1,queued,,unknown,,,,,1,2026-06-25T08:40:01.610642+00:00
https://kinetics.nist.gov/solution/Detail?id=1985RAV/BLI1273-1281:1,queued,,unknown,,,,,1,2026-06-25T08:57:29.015513+00:00
https://kinetics.nist.gov/solution/Detail?id=1986BAZ/SAN235-242:1,queued,,unknown,,,,,1,2026-06-25T08:55:29.597186+00:00
https://kinetics.nist.gov/solution/Detail?id=1986JOR/FER557-558:1,queued,,unknown,,,,,1,2026-06-25T08:51:56.487871+00:00
https://kinetics.nist.gov/solution/Detail?id=1986RAM/STA3691-3696:1,queued,,unknown,,,,,1,2026-06-25T08:41:28.256268+00:00
https://kinetics.nist.gov/solution/Detail?id=1986ZIM/KOS171-175:1,queued,,unknown,,,,,1,2026-06-25T08:57:05.191727+00:00
https://kinetics.nist.gov/solution/Detail?id=1987BAL/BLI1439-1442:1,queued,,unknown,,,,,1,2026-06-25T08:55:49.244133+00:00
https://kinetics.nist.gov/solution/Detail?id=1987BOR/SAR289-294:1,queued,,unknown,,,,,1,2026-06-25T09:13:26.439122+00:00
https://kinetics.nist.gov/solution/Detail?id=1987QIN/TRI1905-1910:1,queued,,unknown,,,,,1,2026-06-25T08:41:28.249730+00:00
https://kinetics.nist.gov/solution/Detail?id=1989CRE/SCH1153-1154:1,queued,,unknown,,,,,1,2026-06-25T08:40:01.596636+00:00
https://kinetics.nist.gov/solution/Detail?id=1989SCH/SCH5320-5323:1,queued,,unknown,,,,,1,2026-06-25T08:41:28.222223+00:00
https://kinetics.nist.gov/solution/Detail?id=1989WAL/LIL2247-2256:10,queued,,unknown,,,,,2,2026-06-30T15:20:50.581808+00:00
https://kinetics.nist.gov/solution/Detail?id=1989WAL/LIL2247-2256:11,queued,,unknown,,,,,2,2026-06-30T15:20:50.589945+00:00
https://kinetics.nist.gov/solution/Detail?id=1990ALK/ONE6666-6670:1,queued,,unknown,,,,,1,2026-06-25T08:41:28.218707+00:00
https://kinetics.nist.gov/solution/Detail?id=1990BIG/CRA619-622:2,queued,,unknown,,,,,2,2026-06-30T15:20:54.780890+00:00
https://kinetics.nist.gov/solution/Detail?id=1990GOG/SHI412-414:1,queued,,unknown,,,,,1,2026-06-25T12:01:36.382454+00:00
https://kinetics.nist.gov/solution/Detail?id=1990LAM/PER6141-6144:2,queued,,unknown,,,,,2,2026-06-30T15:20:37.870716+00:00
https://kinetics.nist.gov/solution/Detail?id=1990PAC/AND533-536:1,queued,,unknown,,,,,1,2026-06-25T08:51:56.478284+00:00
https://kinetics.nist.gov/solution/Detail?id=1991KHU/SAF1625-1629:1,queued,,unknown,,,,,1,2026-06-25T10:26:49.715439+00:00
https://kinetics.nist.gov/solution/Detail?id=1992ALK/ONE657-661:1,queued,,unknown,,,,,1,2026-06-25T08:54:01.263460+00:00
https://kinetics.nist.gov/solution/Detail?id=1992MAY/LEM579-585:2,queued,,unknown,,,,,2,2026-06-30T15:20:52.746054+00:00
https://kinetics.nist.gov/solution/Detail?id=1993ALB/BOR691-695:1,queued,,unknown,,,,,1,2026-06-25T08:54:01.258707+00:00
https://kinetics.nist.gov/solution/Detail?id=1994ERS/SUK820-824:3,queued,,unknown,,,,,2,2026-06-30T15:20:42.813638+00:00
https://kinetics.nist.gov/solution/Detail?id=1994FAR/KLA1062-1069:1,queued,,unknown,,,,,1,2026-06-25T10:20:16.925763+00:00
https://kinetics.nist.gov/solution/Detail?id=1995BUX/MUL1055-1349:1,queued,,unknown,,,,,1,2026-06-25T08:41:28.098316+00:00
https://kinetics.nist.gov/solution/Detail?id=1995WAN/LUO41-45:1,queued,,unknown,,,,,1,2026-06-25T08:51:56.359342+00:00
https://kinetics.nist.gov/solution/Detail?id=1942TAU2468-2474:2,queued,500,unknown,data/new_solution/boundary_probe/boundary_20260624_161614/boundary_detail_1942TAU2468-2474_2_20260624T170318_89b959e11541.html,89b959e11541ffd4d723a2392d11094a615cee0be402b49057a15497f1cd41c5,2026-06-24T17:03:18.552500+00:00,"repair-v1: legacy Detail is not accepted: retryable HTTP 500",1,2026-08-03T14:27:20.913892+00:00
https://kinetics.nist.gov/solution/Detail?id=1958BAX/HUG306-322:2,queued,500,unknown,data/new_solution/boundary_probe/boundary_20260624_161614/boundary_detail_1958BAX_HUG306-322_2_20260624T165116_8915a3e973eb.html,8915a3e973ebe0be3b483a64ec7f6d0047a336bd67a0ce400c13ae0d4a78708c,2026-06-24T16:51:16.942755+00:00,"repair-v1: legacy Detail is not accepted: retryable HTTP 500",1,2026-08-03T14:27:20.913892+00:00
https://kinetics.nist.gov/solution/Detail?id=1958SCH/GOL892-898:3,queued,500,unknown,data/new_solution/boundary_probe/boundary_20260624_155905/boundary_detail_1958SCH_GOL892-898_3_20260624T161116_61046bb59dfd.html,61046bb59dfd41c1a538999a8e2a72646f906fb326da2f9abbbd573602783369,2026-06-24T16:11:16.852034+00:00,"repair-v1: legacy Detail is not accepted: retryable HTTP 500",0,2026-08-03T14:27:20.913892+00:00
https://kinetics.nist.gov/solution/Detail?id=1958SCH/NEU194-201:3,queued,500,unknown,data/new_solution/boundary_probe/boundary_20260624_155905/boundary_detail_1958SCH_NEU194-201_3_20260624T160625_90e7cc751205.html,90e7cc751205e4df16ea25e8b723aeb9a8bc5d7e624e0197a434e36d1a76de47,2026-06-24T16:06:25.588130+00:00,"repair-v1: legacy Detail is not accepted: retryable HTTP 500",0,2026-08-03T14:27:20.913892+00:00
https://kinetics.nist.gov/solution/Detail?id=1959BOY/WEI892-896:2,queued,500,unknown,data/new_solution/boundary_probe/boundary_20260624_161614/boundary_detail_1959BOY_WEI892-896_2_20260624T164903_f81455742dc5.html,f81455742dc52fedc85a0de29fb3b3cb2f555840a4ded4007324693ade878d85,2026-06-24T16:49:03.436649+00:00,"repair-v1: legacy Detail is not accepted: retryable HTTP 500",1,2026-08-03T14:27:20.913892+00:00
https://kinetics.nist.gov/solution/Detail?id=1959BUN/DAI1760-1767:3,queued,500,unknown,data/new_solution/boundary_probe/boundary_20260624_161614/boundary_detail_1959BUN_DAI1760-1767_3_20260624T164708_f0c653ed7bf9.html,f0c653ed7bf9e4812ae4387484417515cfdb6170894001e9bfe19310f8daab69,2026-06-24T16:47:08.705541+00:00,"repair-v1: legacy Detail is not accepted: retryable HTTP 500",1,2026-08-03T14:27:20.913892+00:00
https://kinetics.nist.gov/solution/Detail?id=1960NAK/AND269-276:43,queued,500,unknown,data/new_solution/boundary_probe/boundary_20260624_161614/boundary_detail_1960NAK_AND269-276_43_20260624T170439_8e1e47f251f4.html,8e1e47f251f41862061b192183d6409d743ec8b4ad4237b6833a015250b75138,2026-06-24T17:04:39.588390+00:00,"repair-v1: legacy Detail is not accepted: retryable HTTP 500",1,2026-08-03T14:27:20.913892+00:00
https://kinetics.nist.gov/solution/Detail?id=1961MCC/MAC1107-1116:2,queued,500,unknown,data/new_solution/boundary_probe/boundary_20260624_161614/boundary_detail_1961MCC_MAC1107-1116_2_20260624T165822_a5df136af471.html,a5df136af471962dbe5be961a0e703a10de08c8a1b0ac25098dc69d7ebfd5209,2026-06-24T16:58:22.902486+00:00,"repair-v1: legacy Detail is not accepted: retryable HTTP 500",1,2026-08-03T14:27:20.913892+00:00
https://kinetics.nist.gov/solution/Detail?id=1961MCC/MAC1625-1627:2,queued,500,unknown,data/new_solution/boundary_probe/boundary_20260620_190527/boundary_detail_1961MCC_MAC1625-1627_2_20260620T190538_03e567c7ac2e.html,03e567c7ac2e3aeb92212392cd447b7ec510c32d7d8ca9e3a419b9c91c85d7c8,2026-06-20T19:05:38.694442+00:00,"repair-v1: legacy Detail is not accepted: retryable HTTP 500",0,2026-08-03T14:27:20.913892+00:00
https://kinetics.nist.gov/solution/Detail?id=1961SLU989-1002:4,queued,500,unknown,data/new_solution/boundary_probe/boundary_20260624_161614/boundary_detail_1961SLU989-1002_4_20260624T163811_55f290963640.html,55f290963640d568b07ca914eafc9330067eb7b6bbc0bc20a4d9446fb2c3f4aa,2026-06-24T16:38:11.358509+00:00,"repair-v1: legacy Detail is not accepted: retryable HTTP 500",1,2026-08-03T14:27:20.913892+00:00
https://kinetics.nist.gov/solution/Detail?id=1962DOR/TAU3051-3061:3,queued,500,unknown,data/new_solution/boundary_probe/boundary_20260624_161614/boundary_detail_1962DOR_TAU3051-3061_3_20260624T163417_6d7f6f323072.html,6d7f6f323072d33edc362aafa0c97852dc3249d4d4b0c948558e09ea1b09cd3a,2026-06-24T16:34:17.777230+00:00,"repair-v1: legacy Detail is not accepted: retryable HTTP 500",1,2026-08-03T14:27:20.913892+00:00
https://kinetics.nist.gov/solution/Detail?id=1962RAB/STE1865-1873:3,queued,500,unknown,data/new_solution/boundary_probe/boundary_20260624_155905/boundary_detail_1962RAB_STE1865-1873_3_20260624T160021_b6a80013dabf.html,b6a80013dabf306a255740f43779e33adf2a7ca11ddfada60f867a73f0438ba8,2026-06-24T16:00:21.813514+00:00,"repair-v1: legacy Detail is not accepted: retryable HTTP 500",0,2026-08-03T14:27:20.913892+00:00
https://kinetics.nist.gov/solution/Detail?id=1962TAU/DOR4053-4059:1,queued,500,unknown,data/new_solution/boundary_probe/boundary_20260627_103328/boundary_detail_1962TAU_DOR4053-4059_1_20260627T105123_6ff98bbedf44.html,6ff98bbedf441a5113266febdc1172662464cd44e214eadc2ea348f3b29808dd,2026-06-27T10:51:23.715063+00:00,"repair-v1: legacy Detail is not accepted: retryable HTTP 500",3,2026-08-03T14:27:20.913892+00:00
https://kinetics.nist.gov/solution/Detail?id=1963APP/SCH3891-3892:6,queued,500,unknown,data/new_solution/boundary_probe/boundary_20260624_161614/boundary_detail_1963APP_SCH3891-3892_6_20260624T161949_d00d812c113a.html,d00d812c113aaa716e9e2eab71da74161298fa91e82974f0d7a2b258945b019d,2026-06-24T16:19:49.068933+00:00,"repair-v1: legacy Detail is not accepted: retryable HTTP 500",1,2026-08-03T14:27:20.913892+00:00
https://kinetics.nist.gov/solution/Detail?id=1964ANB/HAR5633-5637:15,queued,500,unknown,data/nist_solution/archive/e_minus_search_check/detail_rr_20260529T085736_3e97fb03c8d8.html,3e97fb03c8d8f4922ac5f7b6144ec928ec57aa2a602f0f042fcea251fd9919d8,2026-05-29T08:57:36.928301+00:00,"repair-v1: legacy Detail is not accepted: retryable HTTP 500",1,2026-08-03T14:27:20.913892+00:00
https://kinetics.nist.gov/solution/Detail?id=1964ASM/HEN657-663:7,queued,500,unknown,data/new_solution/boundary_probe/boundary_20260624_161614/boundary_detail_1964ASM_HEN657-663_7_20260624T170313_16dd81ebbf79.html,16dd81ebbf796aab327e8892b44451ad41c379c1d85acd999d5bbb0894faace8,2026-06-24T17:03:13.829637+00:00,"repair-v1: legacy Detail is not accepted: retryable HTTP 500",1,2026-08-03T14:27:20.913892+00:00
https://kinetics.nist.gov/solution/Detail?id=1964KEE14-20:1,queued,500,unknown,data/new_solution/boundary_probe/boundary_20260627_103328/boundary_detail_1964KEE14-20_1_20260627T104046_074e49946e03.html,074e49946e03a4c8247eb2e486720412e693d8b8542e9c8a6093e8e8d2fbab1c,2026-06-27T10:40:46.887280+00:00,"repair-v1: legacy Detail is not accepted: retryable HTTP 500",3,2026-08-03T14:27:20.913892+00:00
https://kinetics.nist.gov/solution/Detail?id=1964SCH/SIM1738-1743:6,queued,500,unknown,data/new_solution/boundary_probe/boundary_20260624_161614/boundary_detail_1964SCH_SIM1738-1743_6_20260624T162231_c232d0a13ce8.html,c232d0a13ce894da6b59bc0d2df078b9361da4b63723e8a8fc4b9ab1665f0509,2026-06-24T16:22:31.529552+00:00,"repair-v1: legacy Detail is not accepted: retryable HTTP 500",1,2026-08-03T14:27:20.913892+00:00
https://kinetics.nist.gov/solution/Detail?id=1964SWE/THO1363-1368:2,queued,500,unknown,data/new_solution/boundary_probe/boundary_20260620_190527/boundary_detail_1964SWE_THO1363-1368_2_20260620T190855_6e738efb0526.html,6e738efb05266b798d87dbadfb2e560000bd2ad6bb2abfac0c407483022f6531,2026-06-20T19:08:55.069021+00:00,"repair-v1: legacy Detail is not accepted: retryable HTTP 500",0,2026-08-03T14:27:20.913892+00:00
https://kinetics.nist.gov/solution/Detail?id=1965ADA/BOA492-505:1,queued,500,unknown,data/nist_solution/archive/oh_20260522T072818Z/detail_rr_20260618T113833_a5a962f79538.html,a5a962f79538fbaf51fcac24cfac3b7f8720dd4ec8536642ecf315e74f3153d4,2026-06-18T11:38:33.868718+00:00,"repair-v1: legacy Detail is not accepted: retryable HTTP 500",1,2026-08-03T14:27:20.913892+00:00
https://kinetics.nist.gov/solution/Detail?id=1965ADA/BOA492-505:4,queued,500,unknown,data/new_solution/boundary_probe/boundary_20260624_161614/boundary_detail_1965ADA_BOA492-505_4_20260624T165530_f5b4d6328abb.html,f5b4d6328abb26425c9af1d9149d472ac712206d70d0b03201be2697fc67aa69,2026-06-24T16:55:30.272959+00:00,"repair-v1: legacy Detail is not accepted: retryable HTTP 500",1,2026-08-03T14:27:20.913892+00:00
https://kinetics.nist.gov/solution/Detail?id=1965BAX/FIE207-216B:3,queued,500,unknown,data/new_solution/boundary_probe/boundary_20260624_161614/boundary_detail_1965BAX_FIE207-216B_3_20260624T163349_ccf34c2cab37.html,ccf34c2cab376658c984b2e9b556c88a1b4a2d3b30a21ba91af94555d9986fd1,2026-06-24T16:33:49.310062+00:00,"repair-v1: legacy Detail is not accepted: retryable HTTP 500",1,2026-08-03T14:27:20.913892+00:00
https://kinetics.nist.gov/solution/Detail?id=1965CER/EBE83-98B:5,queued,500,unknown,data/new_solution/boundary_probe/boundary_20260624_161614/boundary_detail_1965CER_EBE83-98B_5_20260624T163801_f4783a16d733.html,f4783a16d733b214c5d0b46cc1d083bbfa41b85ca1c7d41d54939ed2f6cf89c1,2026-06-24T16:38:01.943970+00:00,"repair-v1: legacy Detail is not accepted: retryable HTTP 500",1,2026-08-03T14:27:20.913892+00:00
https://kinetics.nist.gov/solution/Detail?id=1965HAI1149-1154:2,queued,500,unknown,data/new_solution/boundary_probe/boundary_20260624_161614/boundary_detail_1965HAI1149-1154_2_20260624T170249_7e79f7cb080b.html,7e79f7cb080b64b40e5988d3d1b216fb02546331452705e18a7241b6516edf58,2026-06-24T17:02:49.814140+00:00,"repair-v1: legacy Detail is not accepted: retryable HTTP 500",1,2026-08-03T14:27:20.913892+00:00
https://kinetics.nist.gov/solution/Detail?id=1965KEE/RAE99-106B:5,queued,500,unknown,data/new_solution/boundary_probe/boundary_20260624_161614/boundary_detail_1965KEE_RAE99-106B_5_20260624T164644_7aba42d3fe4f.html,7aba42d3fe4f7d89cceb7231a2ef8ede0c84d5a8a383755f17aaa939170d89ae,2026-06-24T16:46:44.673061+00:00,"repair-v1: legacy Detail is not accepted: retryable HTTP 500",1,2026-08-03T14:27:20.913892+00:00
https://kinetics.nist.gov/solution/Detail?id=1965MAC960-964:4,queued,500,unknown,data/new_solution/boundary_probe/boundary_20260624_155905/boundary_detail_1965MAC960-964_4_20260624T160142_75d41bf02b02.html,75d41bf02b025743d059d6fd263022a7149dec8fe3a3aad867728634d5cc5932,2026-06-24T16:01:42.271200+00:00,"repair-v1: legacy Detail is not accepted: retryable HTTP 500",0,2026-08-03T14:27:20.913892+00:00
https://kinetics.nist.gov/solution/Detail?id=1965MAT/RAB1324-1335:7,queued,500,unknown,data/new_solution/boundary_probe/boundary_20260624_161614/boundary_detail_1965MAT_RAB1324-1335_7_20260624T162032_c16d5b57af7c.html,c16d5b57af7c67bafa78d070e6f0aa198d9e86e0d38d819c05c0ce7e24851491,2026-06-24T16:20:32.499140+00:00,"repair-v1: legacy Detail is not accepted: retryable HTTP 500",1,2026-08-03T14:27:20.913892+00:00
https://kinetics.nist.gov/solution/Detail?id=1965MEI/HEN3-7:2,queued,500,unknown,data/new_solution/boundary_probe/boundary_20260624_161614/boundary_detail_1965MEI_HEN3-7_2_20260624T162522_878130863137.html,878130863137442d01b788bc9d769258b4811b6f2853adb00db8e2ba9c38da7a,2026-06-24T16:25:22.986967+00:00,"repair-v1: legacy Detail is not accepted: retryable HTTP 500",1,2026-08-03T14:27:20.913892+00:00
https://kinetics.nist.gov/solution/Detail?id=1965NAV/STE1390-1394:3,queued,500,unknown,data/new_solution/boundary_probe/boundary_20260624_161614/boundary_detail_1965NAV_STE1390-1394_3_20260624T163922_386b20f6a722.html,386b20f6a7221ffeda6573f31ba52b3a5b18fe24ab4c4ae3d1d5af6953c27ea0,2026-06-24T16:39:22.869323+00:00,"repair-v1: legacy Detail is not accepted: retryable HTTP 500",1,2026-08-03T14:27:20.913892+00:00
https://kinetics.nist.gov/solution/Detail?id=1965SUT/ADA61-81B:5,queued,500,unknown,data/new_solution/boundary_probe/boundary_20260624_161614/boundary_detail_1965SUT_ADA61-81B_5_20260624T170022_7587649b4199.html,7587649b41997666938cac6f36f7bf68d83468b49be4858a582d758b263ea95e,2026-06-24T17:00:22.307339+00:00,"repair-v1: legacy Detail is not accepted: retryable HTTP 500",1,2026-08-03T14:27:20.913892+00:00
https://kinetics.nist.gov/solution/Detail?id=1966ADA/BOA321-341:3,queued,500,unknown,data/new_solution/boundary_probe/boundary_20260624_161614/boundary_detail_1966ADA_BOA321-341_3_20260624T164015_44ce49000f72.html,44ce49000f72b1b3543ae0f2b67b7e2af8804efc23252ee368f6c26d99ea6ba5,2026-06-24T16:40:15.685385+00:00,"repair-v1: legacy Detail is not accepted: retryable HTTP 500",1,2026-08-03T14:27:20.913892+00:00
https://kinetics.nist.gov/solution/Detail?id=1966AIR/DAI478-486:2,queued,500,unknown,data/new_solution/boundary_probe/boundary_20260624_161614/boundary_detail_1966AIR_DAI478-486_2_20260624T165656_37bb3a9878c2.html,37bb3a9878c2754b848286f9690dbaef0b5a4209ca33edeed928dc140cc11e57,2026-06-24T16:56:56.714562+00:00,"repair-v1: legacy Detail is not accepted: retryable HTTP 500",1,2026-08-03T14:27:20.913892+00:00
https://kinetics.nist.gov/solution/Detail?id=1966ANB/MEY742-747:38,queued,500,unknown,data/new_solution/boundary_probe/boundary_20260624_161614/boundary_detail_1966ANB_MEY742-747_38_20260624T165209_cfc5ba66152c.html,cfc5ba66152c73748520d26c100e7152521d80345e134da8e5fc581b6c3f957d,2026-06-24T16:52:09.258781+00:00,"repair-v1: legacy Detail is not accepted: retryable HTTP 500",1,2026-08-03T14:27:20.913892+00:00
https://kinetics.nist.gov/solution/Detail?id=1966ASM/HEN756-758:1,queued,500,unknown,data/new_solution/boundary_probe/boundary_20260627_103328/boundary_detail_1966ASM_HEN756-758_1_20260627T105826_0053501b48eb.html,0053501b48ebed34da9b87a87ad62f4658cffa5cf6d90f765cf92781c72d9d72,2026-06-27T10:58:26.059906+00:00,"repair-v1: legacy Detail is not accepted: retryable HTTP 500",2,2026-08-03T14:27:20.913892+00:00
https://kinetics.nist.gov/solution/Detail?id=1966ASM/WIG862-868:8,queued,500,unknown,data/new_solution/boundary_probe/boundary_20260624_155905/boundary_detail_1966ASM_WIG862-868_8_20260624T160857_d855aa0ce59e.html,d855aa0ce59ec9c57230c06681d054263e56d0d5e562c37a8f354749aecad4cf,2026-06-24T16:08:57.098439+00:00,"repair-v1: legacy Detail is not accepted: retryable HTTP 500",0,2026-08-03T14:27:20.913892+00:00
https://kinetics.nist.gov/solution/Detail?id=1966BAX/KEE715-716:7,queued,500,unknown,data/new_solution/boundary_probe/boundary_20260624_161614/boundary_detail_1966BAX_KEE715-716_7_20260624T170045_b76ed192ad01.html,b76ed192ad0181decbbb487d4a9f551a24af3c70f59769250c28f6e22b102222,2026-06-24T17:00:45.981427+00:00,"repair-v1: legacy Detail is not accepted: retryable HTTP 500",1,2026-08-03T14:27:20.913892+00:00
https://kinetics.nist.gov/solution/Detail?id=1966GLA/SPI237-249:1,queued,500,unknown,data/new_solution/boundary_probe/boundary_20260627_103328/boundary_detail_1966GLA_SPI237-249_1_20260627T110055_b566bd98a7a6.html,b566bd98a7a69d044f81defa56f3765d75214f2da8c30fd38b41d5e70be956fa,2026-06-27T11:00:55.025241+00:00,"repair-v1: legacy Detail is not accepted: retryable HTTP 500",3,2026-08-03T14:27:20.913892+00:00
https://kinetics.nist.gov/solution/Detail?id=1966HAR641-651:2,queued,500,unknown,data/new_solution/boundary_probe/boundary_20260624_155905/boundary_detail_1966HAR641-651_2_20260624T160302_f15691ba464e.html,f15691ba464e34b6c4f9e027f7084039028601325ce5517c00db44d6c820a18b,2026-06-24T16:03:02.717447+00:00,"repair-v1: legacy Detail is not accepted: retryable HTTP 500",0,2026-08-03T14:27:20.913892+00:00
https://kinetics.nist.gov/solution/Detail?id=1966NAV/STE3630-3640:7,queued,500,unknown,data/new_solution/boundary_probe/boundary_20260624_161614/boundary_detail_1966NAV_STE3630-3640_7_20260624T164737_cfd1b47ecbf0.html,cfd1b47ecbf025f75950f4ed0393e0c76bb511c0ddde5cd33b1bd490a4f59a3b,2026-06-24T16:47:37.420975+00:00,"repair-v1: legacy Detail is not accepted: retryable HTTP 500",1,2026-08-03T14:27:20.913892+00:00
https://kinetics.nist.gov/solution/Detail?id=1966STO/SAN2907-2910:4,queued,500,unknown,data/new_solution/boundary_probe/boundary_20260624_161614/boundary_detail_1966STO_SAN2907-2910_4_20260624T163358_5e1c1e6bb3e6.html,5e1c1e6bb3e64d898d3c2ea0685e26a9e3e68f9b64b5f022adb450c1bb072ed7,2026-06-24T16:33:58.807758+00:00,"repair-v1: legacy Detail is not accepted: retryable HTTP 500",1,2026-08-03T14:27:20.913892+00:00
https://kinetics.nist.gov/solution/Detail?id=1966WEE/RAB2100-2106:4,queued,500,unknown,data/new_solution/boundary_probe/boundary_20260624_161614/boundary_detail_1966WEE_RAB2100-2106_4_20260624T163854_091b6fa16cf5.html,091b6fa16cf503be43c379604b25feb9847c1bf133bb35e2dfd884b5d61ea235,2026-06-24T16:38:54.268666+00:00,"repair-v1: legacy Detail is not accepted: retryable HTTP 500",1,2026-08-03T14:27:20.913892+00:00
https://kinetics.nist.gov/solution/Detail?id=1966ZEL/LIV1946-1954:2,queued,500,unknown,data/new_solution/boundary_probe/boundary_20260624_161614/boundary_detail_1966ZEL_LIV1946-1954_2_20260624T165735_d3ee2e3e752b.html,d3ee2e3e752b34af366ddc0b88223512a7c4d70848cedda346bd6c322e4c875f,2026-06-24T16:57:35.209229+00:00,"repair-v1: legacy Detail is not accepted: retryable HTTP 500",1,2026-08-03T14:27:20.913892+00:00
https://kinetics.nist.gov/solution/Detail?id=1967AHR611-619:2,queued,500,unknown,data/new_solution/boundary_probe/boundary_20260624_161614/boundary_detail_1967AHR611-619_2_20260624T162551_3684e61a8421.html,3684e61a8421027c28b092e66dfb452f72ac74d35e965a4f41ad4c8bf6c359b6,2026-06-24T16:25:51.740423+00:00,"repair-v1: legacy Detail is not accepted: retryable HTTP 500",1,2026-08-03T14:27:20.913892+00:00
https://kinetics.nist.gov/solution/Detail?id=1967ANB/NET141-146:2,queued,500,unknown,data/new_solution/boundary_probe/boundary_20260624_161614/boundary_detail_1967ANB_NET141-146_2_20260624T170259_97faf7550873.html,97faf7550873e8628baa0589c8acab73395b4d0badae372d45a6e333fcf782f9,2026-06-24T17:02:59.304139+00:00,"repair-v1: legacy Detail is not accepted: retryable HTTP 500",1,2026-08-03T14:27:20.913892+00:00
https://kinetics.nist.gov/solution/Detail?id=1967ANB/NET493-523:4,queued,500,unknown,data/new_solution/boundary_probe/boundary_20260624_161614/boundary_detail_1967ANB_NET493-523_4_20260624T164001_8173a065fb02.html,8173a065fb0281d94afd2954dd0c611834654cbefcd825ab7af52cd46b129e27,2026-06-24T16:40:01.413132+00:00,"repair-v1: legacy Detail is not accepted: retryable HTTP 500",1,2026-08-03T14:27:20.913892+00:00
https://kinetics.nist.gov/solution/Detail?id=1967CER/EBE1687-1698:5,queued,500,unknown,data/new_solution/boundary_probe/boundary_20260624_155905/boundary_detail_1967CER_EBE1687-1698_5_20260624T160224_b1a4b8d4fcfc.html,b1a4b8d4fcfcab31ec836194b461c3733e4ce383aed4679d3081deb3675b97ad,2026-06-24T16:02:24.576065+00:00,"repair-v1: legacy Detail is not accepted: retryable HTTP 500",0,2026-08-03T14:27:20.913892+00:00
https://kinetics.nist.gov/solution/Detail?id=1967DAN/WIG1024-1033:2,queued,500,unknown,data/new_solution/boundary_probe/boundary_20260624_161614/boundary_detail_1967DAN_WIG1024-1033_2_20260624T164010_d61c462ce413.html,d61c462ce413ab3a560199b4f6ecf62bb221929213262d4867ab06daf7f186e0,2026-06-24T16:40:10.955733+00:00,"repair-v1: legacy Detail is not accepted: retryable HTTP 500",1,2026-08-03T14:27:20.913892+00:00
https://kinetics.nist.gov/solution/Detail?id=1967DOG/HAY3802-3808:15,queued,500,unknown,data/new_solution/boundary_probe/boundary_20260624_161614/boundary_detail_1967DOG_HAY3802-3808_15_20260624T161742_ebaa6029ac5e.html,ebaa6029ac5e54c14670cb46fd58552e9e637b6c2a4745a6a92a6f628c1528c0,2026-06-24T16:17:42.601447+00:00,"repair-v1: legacy Detail is not accepted: retryable HTTP 500",1,2026-08-03T14:27:20.913892+00:00
https://kinetics.nist.gov/solution/Detail?id=1967FEL/DOL132-138:4,queued,500,unknown,data/new_solution/boundary_probe/boundary_20260624_161614/boundary_detail_1967FEL_DOL132-138_4_20260624T163130_5c81be3a7a16.html,5c81be3a7a161c61b2fe20529f69cd32a54d93124b1c0f1a9fbef50b210dc35d,2026-06-24T16:31:30.395146+00:00,"repair-v1: legacy Detail is not accepted: retryable HTTP 500",1,2026-08-03T14:27:20.913892+00:00
https://kinetics.nist.gov/solution/Detail?id=1967HAR/FIE3993-3998:16,queued,500,unknown,data/new_solution/boundary_probe/boundary_20260624_161614/boundary_detail_1967HAR_FIE3993-3998_16_20260624T163335_2d771f183f99.html,2d771f183f99f14c4f2da42ab7d477f37824e41f63bf097be11bf4b3a01a250e,2026-06-24T16:33:35.141046+00:00,"repair-v1: legacy Detail is not accepted: retryable HTTP 500",1,2026-08-03T14:27:20.913892+00:00
https://kinetics.nist.gov/solution/Detail?id=1967KRA303-309B:4,queued,500,unknown,data/new_solution/boundary_probe/boundary_20260624_161614/boundary_detail_1967KRA303-309B_4_20260624T170100_fb6c63042aee.html,fb6c63042aeeda8ad672a34970f6cb876689f0c5af1fc9a8828bf2d2a573d996,2026-06-24T17:01:00.236630+00:00,"repair-v1: legacy Detail is not accepted: retryable HTTP 500",1,2026-08-03T14:27:20.913892+00:00
https://kinetics.nist.gov/solution/Detail?id=1967MUR/ONC573-581:2,queued,500,unknown,data/new_solution/boundary_probe/boundary_20260624_155905/boundary_detail_1967MUR_ONC573-581_2_20260624T161145_b95b7fc2cfb9.html,b95b7fc2cfb907efb40222782cafcf731b32eb3032aef99ac6593db752af3fec,2026-06-24T16:11:45.832153+00:00,"repair-v1: legacy Detail is not accepted: retryable HTTP 500",0,2026-08-03T14:27:20.913892+00:00
https://kinetics.nist.gov/solution/Detail?id=1967SUT688-690:6,queued,500,unknown,data/new_solution/boundary_probe/boundary_20260624_161614/boundary_detail_1967SUT688-690_6_20260624T164839_bb1aeb162bdf.html,bb1aeb162bdf0c8e0b3e03cb6e8c09653bd3d4e01cf4dd8e2968c317fd6ee6fc,2026-06-24T16:48:39.723142+00:00,"repair-v1: legacy Detail is not accepted: retryable HTTP 500",1,2026-08-03T14:27:20.913892+00:00
https://kinetics.nist.gov/solution/Detail?id=1967THO1919-1925:21,queued,500,unknown,data/new_solution/boundary_probe/boundary_20260624_161614/boundary_detail_1967THO1919-1925_21_20260624T170434_36e89991c49d.html,36e89991c49df0e432e92551acf6b845353a1dffd9ad3535a27a8c2cf227aa47,2026-06-24T17:04:34.865558+00:00,"repair-v1: legacy Detail is not accepted: retryable HTTP 500",1,2026-08-03T14:27:20.913892+00:00
https://kinetics.nist.gov/solution/Detail?id=1967WIL/GAR452-462:4,queued,500,unknown,data/new_solution/boundary_probe/boundary_20260624_155905/boundary_detail_1967WIL_GAR452-462_4_20260624T160552_bfb197477d6d.html,bfb197477d6d4aa51cde268d4054aaae284f7576438d17092d3226c61a95a4b5,2026-06-24T16:05:52.396018+00:00,"repair-v1: legacy Detail is not accepted: retryable HTTP 500",0,2026-08-03T14:27:20.913892+00:00
https://kinetics.nist.gov/solution/Detail?id=1968AMP/ADA231-250:7,queued,500,unknown,data/new_solution/boundary_probe/boundary_20260624_161614/boundary_detail_1968AMP_ADA231-250_7_20260624T165024_4ca07f46f71a.html,4ca07f46f71ab3bd0fff026c531b9ce9021c993c1d39a309d55554e215412c91,2026-06-24T16:50:24.425773+00:00,"repair-v1: legacy Detail is not accepted: retryable HTTP 500",1,2026-08-03T14:27:20.913892+00:00
https://kinetics.nist.gov/solution/Detail?id=1968ASM/TAU3382-3387:2,queued,500,unknown,data/new_solution/boundary_probe/boundary_20260624_161614/boundary_detail_1968ASM_TAU3382-3387_2_20260624T170347_a35c9252a61c.html,a35c9252a61cf92235a29c82b376c153539a48a85b54486b9a3f2152f24f14ed,2026-06-24T17:03:47.214318+00:00,"repair-v1: legacy Detail is not accepted: retryable HTTP 500",1,2026-08-03T14:27:20.913892+00:00
https://kinetics.nist.gov/solution/Detail?id=1968BAL/DAV1429-1433:4,queued,500,unknown,data/new_solution/boundary_probe/boundary_20260624_161614/boundary_detail_1968BAL_DAV1429-1433_4_20260624T163622_59b60c545f47.html,59b60c545f478838dc6f30def671316549236d7fe47927e0bf560a74fb503de6,2026-06-24T16:36:22.004861+00:00,"repair-v1: legacy Detail is not accepted: retryable HTTP 500",1,2026-08-03T14:27:20.913892+00:00
https://kinetics.nist.gov/solution/Detail?id=1968BIE/SCH3836-3841:1,queued,500,unknown,data/new_solution/boundary_probe/boundary_20260627_103328/boundary_detail_1968BIE_SCH3836-3841_1_20260627T103914_f3336a96b559.html,f3336a96b5596cf94167a37d0afdef20179aba5f4dd0b0abe9e23c0bc9198443,2026-06-27T10:39:14.167946+00:00,"repair-v1: legacy Detail is not accepted: retryable HTTP 500",2,2026-08-03T14:27:20.913892+00:00
https://kinetics.nist.gov/solution/Detail?id=1968BUX/DAI427-439:15,queued,500,unknown,data/new_solution/boundary_probe/boundary_20260625_071124/boundary_detail_1968BUX_DAI427-439_15_20260625T071856_b9ffc68970ce.html,b9ffc68970ceaa444408cc986546764fe58811265d818c2baa8f92b337a8c45d,2026-06-25T07:18:56.030239+00:00,"repair-v1: legacy Detail is not accepted: retryable HTTP 500",1,2026-08-03T14:27:20.913892+00:00
https://kinetics.nist.gov/solution/Detail?id=1968CHR465-479:7,queued,500,unknown,data/new_solution/boundary_probe/boundary_20260624_155905/boundary_detail_1968CHR465-479_7_20260624T155920_a74577fcd281.html,a74577fcd281e5a5f7afddab7c9d6b004bdd75011ad99ec09d610f629d9e8327,2026-06-24T15:59:20.702305+00:00,"repair-v1: legacy Detail is not accepted: retryable HTTP 500",0,2026-08-03T14:27:20.913892+00:00
https://kinetics.nist.gov/solution/Detail?id=1968CZA/OTT75-83:3,queued,500,unknown,data/new_solution/boundary_probe/boundary_20260625_071124/boundary_detail_1968CZA_OTT75-83_3_20260625T071721_f0c3b477e447.html,f0c3b477e4472fd527943c13d09bf8396ddd0ba449c6272a4313da96f4186023,2026-06-25T07:17:21.037320+00:00,"repair-v1: legacy Detail is not accepted: retryable HTTP 500",1,2026-08-03T14:27:20.913892+00:00
https://kinetics.nist.gov/solution/Detail?id=1968CZA/PEL421-436:2,queued,500,unknown,data/new_solution/boundary_probe/boundary_20260624_161614/boundary_detail_1968CZA_PEL421-436_2_20260624T164258_a5afa2008883.html,a5afa2008883a889a69dd2d18ca81cf8957d8cc6f5cf6e4fbb93db74294e2801,2026-06-24T16:42:58.990685+00:00,"repair-v1: legacy Detail is not accepted: retryable HTTP 500",1,2026-08-03T14:27:20.913892+00:00
https://kinetics.nist.gov/solution/Detail?id=1968FEL/ZOL326:2,queued,500,unknown,data/new_solution/boundary_probe/boundary_20260624_155905/boundary_detail_1968FEL_ZOL326_2_20260624T160950_18df488503f2.html,18df488503f20b5bf8bc27acc4d5005c491059a9ce9d5e8f1d15fbc469ddaddf,2026-06-24T16:09:50.006226+00:00,"repair-v1: legacy Detail is not accepted: retryable HTTP 500",0,2026-08-03T14:27:20.913892+00:00
https://kinetics.nist.gov/solution/Detail?id=1968GOL78-101:13,queued,500,unknown,data/new_solution/boundary_probe/boundary_20260624_161614/boundary_detail_1968GOL78-101_13_20260624T161648_1878b5a86edb.html,1878b5a86edb2a85db4cc2c81c749d45c971439cac180ce946d5fcbc7ebf1d9f,2026-06-24T16:16:48.876465+00:00,"repair-v1: legacy Detail is not accepted: retryable HTTP 500",1,2026-08-03T14:27:20.913892+00:00
https://kinetics.nist.gov/solution/Detail?id=1968LAN/SWA327-337:8,queued,500,unknown,data/new_solution/boundary_probe/boundary_20260624_161614/boundary_detail_1968LAN_SWA327-337_8_20260624T163631_d2f345b723c8.html,d2f345b723c8deb50ec32b379702b3b33bc24a22e95f21c3cc4a94e0590e28a9,2026-06-24T16:36:31.451033+00:00,"repair-v1: legacy Detail is not accepted: retryable HTTP 500",1,2026-08-03T14:27:20.913892+00:00
https://kinetics.nist.gov/solution/Detail?id=1968LAN457-471:2,queued,500,unknown,data/new_solution/boundary_probe/boundary_20260620_190527/boundary_detail_1968LAN457-471_2_20260620T190552_f90b615fa664.html,f90b615fa664e2f5858273be3c0a23107e530658c3f7252d3183273b87b34977,2026-06-20T19:05:52.798605+00:00,"repair-v1: legacy Detail is not accepted: retryable HTTP 500",0,2026-08-03T14:27:20.913892+00:00
https://kinetics.nist.gov/solution/Detail?id=1968LAN457-471:3,queued,500,unknown,data/new_solution/boundary_probe/boundary_20260624_155905/boundary_detail_1968LAN457-471_3_20260624T161038_91f3de5e513f.html,91f3de5e513f343c4c9e43717d9756cd7b8c51819cb8877b1c4137aabbf6f9e0,2026-06-24T16:10:38.456094+00:00,"repair-v1: legacy Detail is not accepted: retryable HTTP 500",0,2026-08-03T14:27:20.913892+00:00
https://kinetics.nist.gov/solution/Detail?id=1968LOM/EBE549-557:3,queued,500,unknown,data/new_solution/boundary_probe/boundary_20260624_161614/boundary_detail_1968LOM_EBE549-557_3_20260624T170411_44c60125b5dd.html,44c60125b5ddcfc2c8332a59b22e725f8fc698176573e7af2b07fefde962aba6,2026-06-24T17:04:11.190210+00:00,"repair-v1: legacy Detail is not accepted: retryable HTTP 500",1,2026-08-03T14:27:20.913892+00:00
https://kinetics.nist.gov/solution/Detail?id=1968RAB131-152:2,queued,500,unknown,data/new_solution/boundary_probe/boundary_20260625_071124/boundary_detail_1968RAB131-152_2_20260625T071943_3138ea532916.html,3138ea5329167db945e1abc2cfbb1d72cc457441a30516245025caf9ad4bd297,2026-06-25T07:19:43.888932+00:00,"repair-v1: legacy Detail is not accepted: retryable HTTP 500",1,2026-08-03T14:27:20.913892+00:00
https://kinetics.nist.gov/solution/Detail?id=1968WAR/KUO368-373:12,queued,500,unknown,data/new_solution/boundary_probe/boundary_20260624_161614/boundary_detail_1968WAR_KUO368-373_12_20260624T163903_bc2fd3808ac2.html,bc2fd3808ac23d007ed5bedd231ebb3af37c5995cdd9935b57efcddad6c91ced,2026-06-24T16:39:03.740453+00:00,"repair-v1: legacy Detail is not accepted: retryable HTTP 500",1,2026-08-03T14:27:20.913892+00:00
https://kinetics.nist.gov/solution/Detail?id=1968WIL/CVE3668-3672:10,queued,500,unknown,data/new_solution/boundary_probe/boundary_20260620_190527/boundary_detail_1968WIL_CVE3668-3672_10_20260620T190658_26ece540f631.html,26ece540f6316c7e5c7e6e7e3f348a0dc93d687f57c1f095d7c86bb2ed0323c9,2026-06-20T19:06:58.204965+00:00,"repair-v1: legacy Detail is not accepted: retryable HTTP 500",0,2026-08-03T14:27:20.913892+00:00
https://kinetics.nist.gov/solution/Detail?id=1969ADA/WIL333-342:5,queued,500,unknown,data/new_solution/boundary_probe/boundary_20260624_161614/boundary_detail_1969ADA_WIL333-342_5_20260624T163042_c028bc7458fd.html,c028bc7458fd6f9ecaa5a6a90847b002627173c2e0a325ed7782c70b099e40bc,2026-06-24T16:30:42.212761+00:00,"repair-v1: legacy Detail is not accepted: retryable HTTP 500",1,2026-08-03T14:27:20.913892+00:00
https://kinetics.nist.gov/solution/Detail?id=1969AMI/CZA351-359:6,queued,500,unknown,data/new_solution/boundary_probe/boundary_20260625_071124/boundary_detail_1969AMI_CZA351-359_6_20260625T071730_670f37d233de.html,670f37d233de20246be8ee9f2ec1cb9fe0e310a337d5f3f630d75a9c85b9a117,2026-06-25T07:17:30.495218+00:00,"repair-v1: legacy Detail is not accepted: retryable HTTP 500",1,2026-08-03T14:27:20.913892+00:00
https://kinetics.nist.gov/solution/Detail?id=1969ANB/MEY1812-1817:33,queued,500,unknown,data/new_solution/boundary_probe/boundary_20260624_161614/boundary_detail_1969ANB_MEY1812-1817_33_20260624T170527_6aa93288e1a7.html,6aa93288e1a738f97d8d8d24643558ca514a7d153f80caf16b4901bcce34c9bc,2026-06-24T17:05:27.271976+00:00,"repair-v1: legacy Detail is not accepted: retryable HTTP 500",1,2026-08-03T14:27:20.913892+00:00
https://kinetics.nist.gov/solution/Detail?id=1969BAX/KHA11-24:8,queued,500,unknown,data/new_solution/boundary_probe/boundary_20260624_161614/boundary_detail_1969BAX_KHA11-24_8_20260624T165233_ae0efeaac0b6.html,ae0efeaac0b625e7186aa32ab5bb709317351475ce40bf703bf1cae63c03ab63,2026-06-24T16:52:33.429069+00:00,"repair-v1: legacy Detail is not accepted: retryable HTTP 500",1,2026-08-03T14:27:20.913892+00:00
https://kinetics.nist.gov/solution/Detail?id=1969BOY/GHO2886-2890:2,queued,500,unknown,data/new_solution/boundary_probe/boundary_20260625_071124/boundary_detail_1969BOY_GHO2886-2890_2_20260625T071906_9381fd22912b.html,9381fd22912b2bd6e7621eda90aa088a5ef4eec0be5ddc0dc2d90cff74cf2b82,2026-06-25T07:19:06.051361+00:00,"repair-v1: legacy Detail is not accepted: retryable HTTP 500",1,2026-08-03T14:27:20.913892+00:00
https://kinetics.nist.gov/solution/Detail?id=1969ERI/CLA3997-4000:5,queued,500,unknown,data/new_solution/boundary_probe/boundary_20260624_155905/boundary_detail_1969ERI_CLA3997-4000_5_20260624T160847_c29955cdb55f.html,c29955cdb55f9c4442c2955cea787bf4a97f7260df5c097a47b99d55696c77c7,2026-06-24T16:08:47.524047+00:00,"repair-v1: legacy Detail is not accepted: retryable HTTP 500",0,2026-08-03T14:27:20.913892+00:00
https://kinetics.nist.gov/solution/Detail?id=1969GRA/HEN646-653:4,queued,500,unknown,data/new_solution/boundary_probe/boundary_20260624_161614/boundary_detail_1969GRA_HEN646-653_4_20260624T165701_de548f97e1dc.html,de548f97e1dcaa686aabc8b03137574040de586afd4c5e3f147da3922800dde7,2026-06-24T16:57:01.433482+00:00,"repair-v1: legacy Detail is not accepted: retryable HTTP 500",1,2026-08-03T14:27:20.913892+00:00
https://kinetics.nist.gov/solution/Detail?id=1969JAY/KEE2453-2464:3,queued,500,unknown,data/new_solution/boundary_probe/boundary_20260624_161614/boundary_detail_1969JAY_KEE2453-2464_3_20260624T170624_aaffecb8991e.html,aaffecb8991ecc8c3220889ec1753dda4062d6f07555c833d1ec8d6a1f8202fc,2026-06-24T17:06:24.605988+00:00,"repair-v1: legacy Detail is not accepted: retryable HTTP 500",1,2026-08-03T14:27:20.913892+00:00
https://kinetics.nist.gov/solution/Detail?id=1969LAN/SWA2117-2125:4,queued,500,unknown,data/new_solution/boundary_probe/boundary_20260624_161614/boundary_detail_1969LAN_SWA2117-2125_4_20260624T162703_56519cf3a9a4.html,56519cf3a9a488e4eefbef6fdf9133f0b9925a3776db9370c415984536a93d8a,2026-06-24T16:27:03.445302+00:00,"repair-v1: legacy Detail is not accepted: retryable HTTP 500",1,2026-08-03T14:27:20.913892+00:00
https://kinetics.nist.gov/solution/Detail?id=1969MAR306-321:3,queued,500,unknown,data/new_solution/boundary_probe/boundary_20260624_161614/boundary_detail_1969MAR306-321_3_20260624T162528_5f7d549b9574.html,5f7d549b9574d72eff6fe0d1f588fc3048bfc1c5801cc07e993e2177291c7960,2026-06-24T16:25:28.008070+00:00,"repair-v1: legacy Detail is not accepted: retryable HTTP 500",1,2026-08-03T14:27:20.913892+00:00
https://kinetics.nist.gov/solution/Detail?id=1969MOR/SCH433-440:3,queued,500,unknown,data/new_solution/boundary_probe/boundary_20260625_071124/boundary_detail_1969MOR_SCH433-440_3_20260625T071347_c906e5bafca4.html,c906e5bafca4026642965dedbe85d77126f4986f5d18bc2ed3e517f28cc1fd1b,2026-06-25T07:13:47.929716+00:00,"repair-v1: legacy Detail is not accepted: retryable HTTP 500",1,2026-08-03T14:27:20.913892+00:00
https://kinetics.nist.gov/solution/Detail?id=1969NET/DOR413-417:12,queued,500,unknown,data/new_solution/boundary_probe/boundary_20260624_161614/boundary_detail_1969NET_DOR413-417_12_20260624T163013_5d700db31b44.html,5d700db31b44dbad78ba9c2ae648d7e23c6e33d832feb063bdd6fb447f12f34a,2026-06-24T16:30:13.747995+00:00,"repair-v1: legacy Detail is not accepted: retryable HTTP 500",1,2026-08-03T14:27:20.913892+00:00
https://kinetics.nist.gov/solution/Detail?id=1969ROE/REN39-44:9,queued,500,unknown,data/new_solution/boundary_probe/boundary_20260625_071124/boundary_detail_1969ROE_REN39-44_9_20260625T071609_cf209af2eb68.html,cf209af2eb689fa10e1513741c1a2259c05338079b80aea56ea966517eba706b,2026-06-25T07:16:09.913392+00:00,"repair-v1: legacy Detail is not accepted: retryable HTTP 500",1,2026-08-03T14:27:20.913892+00:00
https://kinetics.nist.gov/solution/Detail?id=1969SIM/NET3794-3800:4,queued,500,unknown,data/new_solution/boundary_probe/boundary_20260624_161614/boundary_detail_1969SIM_NET3794-3800_4_20260624T163018_24598fc3d1ab.html,24598fc3d1ab21e70e2d1cc35dd736acd5f106647e16864c399e2ccdb4c187e9,2026-06-24T16:30:18.452899+00:00,"repair-v1: legacy Detail is not accepted: retryable HTTP 500",1,2026-08-03T14:27:20.913892+00:00
https://kinetics.nist.gov/solution/Detail?id=1969SIM/NET4214-4219:1,queued,500,unknown,data/new_solution/boundary_probe/boundary_20260627_103328/boundary_detail_1969SIM_NET4214-4219_1_20260627T105833_3d37c400e155.html,3d37c400e15517069726e8e0824772c8b843e84d892fbda107a6c35c3d588b3c,2026-06-27T10:58:33.900694+00:00,"repair-v1: legacy Detail is not accepted: retryable HTTP 500",3,2026-08-03T14:27:20.913892+00:00
https://kinetics.nist.gov/solution/Detail?id=1969VAC/VON1256-1257:2,queued,500,unknown,data/new_solution/boundary_probe/boundary_20260624_161614/boundary_detail_1969VAC_VON1256-1257_2_20260624T165102_26eec880cf1c.html,26eec880cf1c85e252f2b3c1c434763af958963f4b004c33ba914180af194387,2026-06-24T16:51:02.464444+00:00,"repair-v1: legacy Detail is not accepted: retryable HTTP 500",1,2026-08-03T14:27:20.913892+00:00
https://kinetics.nist.gov/solution/Detail?id=1969WAL/PEA1941-1952:5,queued,500,unknown,data/new_solution/boundary_probe/boundary_20260620_190527/boundary_detail_1969WAL_PEA1941-1952_5_20260620T190712_ea66d86fd041.html,ea66d86fd041ec91d5152eec7f217502899d8e2c53e16631016f4d8e7fae5561,2026-06-20T19:07:12.093144+00:00,"repair-v1: legacy Detail is not accepted: retryable HTTP 500",0,2026-08-03T14:27:20.913892+00:00
https://kinetics.nist.gov/solution/Detail?id=1970AMI/TRE3670-3674:1,queued,500,unknown,data/new_solution/boundary_probe/boundary_20260627_103328/boundary_detail_1970AMI_TRE3670-3674_1_20260627T110605_98776ada87ba.html,98776ada87ba889b656710deb7874078a08470aff78a94783c7083c651401117,2026-06-27T11:06:05.421873+00:00,"repair-v1: legacy Detail is not accepted: retryable HTTP 500",3,2026-08-03T14:27:20.913892+00:00
https://kinetics.nist.gov/solution/Detail?id=1970AMI/TRE3670-3674:8,queued,500,unknown,data/nist_solution/archive/squib_bibliography_robin/squib_robin_1970ami_tre3670-3674_20260630T120056Z/detail_rr_20260702T101454_da3d1ef01317.html,da3d1ef01317fcfddadeb654b66297067aed1e2f28b33365bfafb46f1cedbc17,2026-07-02T10:14:54.340414+00:00,"repair-v1: legacy Detail is not accepted: retryable HTTP 500",1,2026-08-03T14:27:20.913892+00:00
https://kinetics.nist.gov/solution/Detail?id=1970BAR/FOW1509-1519:5,queued,500,unknown,data/new_solution/boundary_probe/boundary_20260624_161614/boundary_detail_1970BAR_FOW1509-1519_5_20260624T170027_e8c372ca6e85.html,e8c372ca6e85381bf5f90c81739b13540fba64fd63d76653114eeecccc529103,2026-06-24T17:00:27.024295+00:00,"repair-v1: legacy Detail is not accepted: retryable HTTP 500",1,2026-08-03T14:27:20.913892+00:00
https://kinetics.nist.gov/solution/Detail?id=1970BAX/ROD1246-1250:7,queued,500,unknown,data/new_solution/boundary_probe/boundary_20260624_161614/boundary_detail_1970BAX_ROD1246-1250_7_20260624T164420_965302efa03b.html,965302efa03b173038615e127fafd2dd93a9b8019717ffae1bfbe9f6eb8fd64a,2026-06-24T16:44:20.659167+00:00,"repair-v1: legacy Detail is not accepted: retryable HTTP 500",1,2026-08-03T14:27:20.913892+00:00
https://kinetics.nist.gov/solution/Detail?id=1970BEH/CZA3209-3213:1,queued,500,unknown,data/new_solution/boundary_probe/boundary_20260625_140556/boundary_detail_1970BEH_CZA3209-3213_1_20260625T140718_12f2a56fb59d.html,12f2a56fb59d97120fb19350ea128170c955856dcc82c35c56fca3c56ad71086,2026-06-25T14:07:18.689966+00:00,"reset retryable HTTP status from boundary probe",3,2026-06-30T12:01:20.279512+00:00
https://kinetics.nist.gov/solution/Detail?id=1970BEN/BRO386-396:5,queued,500,unknown,data/new_solution/boundary_probe/boundary_20260624_161614/boundary_detail_1970BEN_BRO386-396_5_20260624T163306_d18bb3e8607e.html,d18bb3e8607e72773ffc257d14abfdca3d1a6e184ed7b81717a3d97e3e5b8c56,2026-06-24T16:33:06.254569+00:00,"repair-v1: legacy Detail is not accepted: retryable HTTP 500",1,2026-08-03T14:27:20.913892+00:00
https://kinetics.nist.gov/solution/Detail?id=1970BET/WIL1178-1179:3,queued,500,unknown,data/new_solution/boundary_probe/boundary_20260624_161614/boundary_detail_1970BET_WIL1178-1179_3_20260624T162624_7861874c2f5d.html,7861874c2f5db1913ed94162b337c3a58ce8ba20252aafe426eb4724d43a3c7b,2026-06-24T16:26:24.958171+00:00,"repair-v1: legacy Detail is not accepted: retryable HTTP 500",1,2026-08-03T14:27:20.913892+00:00
https://kinetics.nist.gov/solution/Detail?id=1970BUR/GIN1232-1238:2,queued,500,unknown,data/new_solution/boundary_probe/boundary_20260624_155905/boundary_detail_1970BUR_GIN1232-1238_2_20260624T160035_6ac5ca40ea11.html,6ac5ca40ea1141733566c15cc1a219792c453e35d9b6e715848bfb5d5d1f866b,2026-06-24T16:00:35.993300+00:00,"repair-v1: legacy Detail is not accepted: retryable HTTP 500",0,2026-08-03T14:27:20.913892+00:00
https://kinetics.nist.gov/solution/Detail?id=1970BUX1656-1660:5,queued,500,unknown,data/new_solution/boundary_probe/boundary_20260624_161614/boundary_detail_1970BUX1656-1660_5_20260624T164742_c497bbb1b34f.html,c497bbb1b34fca2871c6a790167a5bb13ac8ee81a454008dd0dd8e957b5410a2,2026-06-24T16:47:42.150427+00:00,"repair-v1: legacy Detail is not accepted: retryable HTTP 500",1,2026-08-03T14:27:20.913892+00:00
https://kinetics.nist.gov/solution/Detail?id=1970DAV/EBE87-93B:7,queued,500,unknown,data/new_solution/boundary_probe/boundary_20260625_071124/boundary_detail_1970DAV_EBE87-93B_7_20260625T071454_895defd7ad66.html,895defd7ad6695c945bc0ee5175431b65e543edeb0490c013b9575c73a5458e3,2026-06-25T07:14:54.259575+00:00,"repair-v1: legacy Detail is not accepted: retryable HTTP 500",1,2026-08-03T14:27:20.913892+00:00
https://kinetics.nist.gov/solution/Detail?id=1970KRA59-68:6,queued,500,unknown,data/new_solution/boundary_probe/boundary_20260624_155905/boundary_detail_1970KRA59-68_6_20260624T161102_00402438d34e.html,00402438d34e4dafd293889be18b2b76e6e89f03c5534b3d6ea36a5aa0e28380,2026-06-24T16:11:02.453306+00:00,"repair-v1: legacy Detail is not accepted: retryable HTTP 500",0,2026-08-03T14:27:20.913892+00:00
https://kinetics.nist.gov/solution/Detail?id=1970LAN/SWA1890-1894:3,queued,500,unknown,data/nist_solution/archive/ch3oh_20260525T160930Z/detail_rr_20260611T064200_19fd9e42f814.html,19fd9e42f814d3e26a105e9102d9d371fcb0c26e1a3f996ee986e84d00150bd6,2026-06-11T06:42:00.838123+00:00,"repair-v1: legacy Detail is not accepted: retryable HTTP 500",7,2026-08-03T14:27:20.913892+00:00
https://kinetics.nist.gov/solution/Detail?id=1970LAN/SWA1890-1894:4,queued,500,unknown,data/new_solution/boundary_probe/boundary_20260624_161614/boundary_detail_1970LAN_SWA1890-1894_4_20260624T170152_a73c28308c4a.html,a73c28308c4a09cac33b169e3bf5ed2ee0a62b9cf58dc3950f4d6d278bf2620f,2026-06-24T17:01:52.558155+00:00,"repair-v1: legacy Detail is not accepted: retryable HTTP 500",1,2026-08-03T14:27:20.913892+00:00
https://kinetics.nist.gov/solution/Detail?id=1970LOE/LUT141-146:2,queued,500,unknown,data/new_solution/boundary_probe/boundary_20260624_161614/boundary_detail_1970LOE_LUT141-146_2_20260624T165053_c6b0f18c71f6.html,c6b0f18c71f601396751508515c425a6c0886227e937c1ea657fe19c74861ad6,2026-06-24T16:50:53.034083+00:00,"repair-v1: legacy Detail is not accepted: retryable HTTP 500",1,2026-08-03T14:27:20.913892+00:00
https://kinetics.nist.gov/solution/Detail?id=1970PHI/WOR34-44:5,queued,500,unknown,data/new_solution/boundary_probe/boundary_20260624_161614/boundary_detail_1970PHI_WOR34-44_5_20260624T162629_52ca9a8df5bc.html,52ca9a8df5bcf4ff71fae7a48932ff8f8160c1befc8c106ad76dca408196c39b,2026-06-24T16:26:29.674913+00:00,"repair-v1: legacy Detail is not accepted: retryable HTTP 500",1,2026-08-03T14:27:20.913892+00:00
https://kinetics.nist.gov/solution/Detail?id=1970RAZ284-290:6,queued,500,unknown,data/nist_solution/archive/o3_20260522T072802Z/detail_rr_20260608T070934_0887df3e1bb7.html,0887df3e1bb7279d7260b935a6f3c2340cca5f4ed21cee57865c383c0f49b5fd,2026-06-08T07:09:34.846850+00:00,"repair-v1: legacy Detail is not accepted: retryable HTTP 500",7,2026-08-03T14:27:20.913892+00:00
https://kinetics.nist.gov/solution/Detail?id=1970SAM/CZA563-573:2,queued,500,unknown,data/new_solution/boundary_probe/boundary_20260624_161614/boundary_detail_1970SAM_CZA563-573_2_20260624T162722_98effb7e9263.html,98effb7e92637c4c0b293dd1dcc22c85f269eb0029eb8f95b542fedd99310dce,2026-06-24T16:27:22.379557+00:00,"repair-v1: legacy Detail is not accepted: retryable HTTP 500",1,2026-08-03T14:27:20.913892+00:00
https://kinetics.nist.gov/solution/Detail?id=1970SED/YOU393-394:2,queued,500,unknown,data/new_solution/boundary_probe/boundary_20260624_161614/boundary_detail_1970SED_YOU393-394_2_20260624T163844_b0ba5df54b28.html,b0ba5df54b28ea62ca420dfd9895dd01ac7ca173642c559cf98634f1406a49c5,2026-06-24T16:38:44.775186+00:00,"repair-v1: legacy Detail is not accepted: retryable HTTP 500",1,2026-08-03T14:27:20.913892+00:00
https://kinetics.nist.gov/solution/Detail?id=1970SIM/NET4763-4768:7,queued,500,unknown,data/new_solution/boundary_probe/boundary_20260624_161614/boundary_detail_1970SIM_NET4763-4768_7_20260624T170415_3682269daa7c.html,3682269daa7c92d0261a23469a063766405d3400b1bd3e0e25c8ad6b51550dac,2026-06-24T17:04:15.954075+00:00,"repair-v1: legacy Detail is not accepted: retryable HTTP 500",1,2026-08-03T14:27:20.913892+00:00
https://kinetics.nist.gov/solution/Detail?id=1970THE/PET180p:8,queued,500,unknown,data/new_solution/boundary_probe/boundary_20260625_071124/boundary_detail_1970THE_PET180p_8_20260625T071915_77122042d836.html,77122042d836b2c7798cc57724958bafb54b6fd78945c57740542fa80f60b88c,2026-06-25T07:19:15.435908+00:00,"repair-v1: legacy Detail is not accepted: retryable HTTP 500",1,2026-08-03T14:27:20.913892+00:00
https://kinetics.nist.gov/solution/Detail?id=1970THO/LAU443-444:3,queued,500,unknown,data/new_solution/boundary_probe/boundary_20260624_161614/boundary_detail_1970THO_LAU443-444_3_20260624T170503_7f1fdcb2e0c9.html,7f1fdcb2e0c90e08c80f1983fc2fc2fe8ffbc22daf12e7cb90deb430f00baeef,2026-06-24T17:05:03.742908+00:00,"repair-v1: legacy Detail is not accepted: retryable HTTP 500",1,2026-08-03T14:27:20.913892+00:00
https://kinetics.nist.gov/solution/Detail?id=1970TRE/HAY5821-5828:6,queued,500,unknown,data/new_solution/boundary_probe/boundary_20260624_161614/boundary_detail_1970TRE_HAY5821-5828_6_20260624T165958_310cf7c72d27.html,310cf7c72d27d13304d6fdf8d9b315ae24ecb90002b3b7c11c527c30327ed8c4,2026-06-24T16:59:58.462613+00:00,"repair-v1: legacy Detail is not accepted: retryable HTTP 500",1,2026-08-03T14:27:20.913892+00:00
https://kinetics.nist.gov/solution/Detail?id=1970WIL/CVE2949-2952:13,queued,500,unknown,data/new_solution/boundary_probe/boundary_20260625_071124/boundary_detail_1970WIL_CVE2949-2952_13_20260625T071920_1909361827eb.html,1909361827eb4826e77dff2dab7b3940cb5025c6229648e3ec5edf4d37b1f65b,2026-06-25T07:19:20.243506+00:00,"repair-v1: legacy Detail is not accepted: retryable HTTP 500",1,2026-08-03T14:27:20.913892+00:00
https://kinetics.nist.gov/solution/Detail?id=1970WIL349-358:11,queued,500,unknown,data/new_solution/boundary_probe/boundary_20260624_161614/boundary_detail_1970WIL349-358_11_20260624T161802_de1addd75b64.html,de1addd75b6421550365ec0ae2c89c5bb52d774f7f0c25be5d17a01d6da22b98,2026-06-24T16:18:02.134250+00:00,"repair-v1: legacy Detail is not accepted: retryable HTTP 500",1,2026-08-03T14:27:20.913892+00:00
https://kinetics.nist.gov/solution/Detail?id=1971BAR/GIL2177-2181:1,queued,500,unknown,data/new_solution/boundary_probe/boundary_20260627_103328/boundary_detail_1971BAR_GIL2177-2181_1_20260627T104039_7c1d9b5fe6b4.html,7c1d9b5fe6b4a2f4bb25d2660979a2e2d0a85d2c9f59b34e17088e93af229e1e,2026-06-27T10:40:39.203185+00:00,"repair-v1: legacy Detail is not accepted: retryable HTTP 500",3,2026-08-03T14:27:20.913892+00:00
https://kinetics.nist.gov/solution/Detail?id=1971BAX/MUL823-830:3,queued,500,unknown,data/new_solution/boundary_probe/boundary_20260624_155905/boundary_detail_1971BAX_MUL823-830_3_20260624T160238_52167d89ad68.html,52167d89ad68bb276c2367fc00aeeaf236e812000c5b8dc62a36c53018a66da6,2026-06-24T16:02:38.802130+00:00,"repair-v1: legacy Detail is not accepted: retryable HTTP 500",0,2026-08-03T14:27:20.913892+00:00
https://kinetics.nist.gov/solution/Detail?id=1971COH/MEY4179-4183:6,queued,500,unknown,data/new_solution/boundary_probe/boundary_20260624_161614/boundary_detail_1971COH_MEY4179-4183_6_20260624T163052_47c1a258103c.html,47c1a258103c2fe93663eee594ea7ba8aab69174b163cbb2438b215feca99769,2026-06-24T16:30:52.025131+00:00,"repair-v1: legacy Detail is not accepted: retryable HTTP 500",1,2026-08-03T14:27:20.913892+00:00
https://kinetics.nist.gov/solution/Detail?id=1971CZA/MEI11-16:2,queued,500,unknown,data/new_solution/boundary_probe/boundary_20260624_161614/boundary_detail_1971CZA_MEI11-16_2_20260624T163835_2c58337d2e01.html,2c58337d2e018e1cbfcadf99eda7b69897948426a83bdbc38feb74f81b5ec899,2026-06-24T16:38:35.226301+00:00,"repair-v1: legacy Detail is not accepted: retryable HTTP 500",1,2026-08-03T14:27:20.913892+00:00
https://kinetics.nist.gov/solution/Detail?id=1971DRA/DRA608-612:4,queued,500,unknown,data/new_solution/boundary_probe/boundary_20260624_161614/boundary_detail_1971DRA_DRA608-612_4_20260624T164444_cb7f79cc2170.html,cb7f79cc2170dd14ef7e322c1e8d411b21b2b28ee383d11477d297ba3500d208,2026-06-24T16:44:44.743250+00:00,"repair-v1: legacy Detail is not accepted: retryable HTTP 500",1,2026-08-03T14:27:20.913892+00:00
https://kinetics.nist.gov/solution/Detail?id=1971FEL/ZAO145-152:4,queued,500,unknown,data/new_solution/boundary_probe/boundary_20260624_155905/boundary_detail_1971FEL_ZAO145-152_4_20260624T160838_dbf8a54c5a18.html,dbf8a54c5a18dd4a1a0731da1b4f44a80fd89f99e6f2dff4db922d71eef92a82,2026-06-24T16:08:38.064854+00:00,"repair-v1: legacy Detail is not accepted: retryable HTTP 500",0,2026-08-03T14:27:20.913892+00:00
https://kinetics.nist.gov/solution/Detail?id=1971FIE/ROB355-362:8,queued,500,unknown,data/new_solution/boundary_probe/boundary_20260624_161614/boundary_detail_1971FIE_ROB355-362_8_20260624T164946_ceeaef2aa25c.html,ceeaef2aa25c2256266b79531e8e5250fea128429a0c901f6960c5d5165cbd17,2026-06-24T16:49:46.389990+00:00,"repair-v1: legacy Detail is not accepted: retryable HTTP 500",1,2026-08-03T14:27:20.913892+00:00
https://kinetics.nist.gov/solution/Detail?id=1971FOO/DEN5162-5167:41,queued,500,unknown,data/new_solution/boundary_probe/boundary_20260624_155905/boundary_detail_1971FOO_DEN5162-5167_41_20260624T160557_6bd149622fa8.html,6bd149622fa87d49b61e2e1dc7df5b000d7e671ebfa89cc7f1953d6e2737679f,2026-06-24T16:05:57.099561+00:00,"repair-v1: legacy Detail is not accepted: retryable HTTP 500",0,2026-08-03T14:27:20.913892+00:00
https://kinetics.nist.gov/solution/Detail?id=1971FOO/DEN5168-5171:16,queued,500,unknown,data/new_solution/boundary_probe/boundary_20260624_161614/boundary_detail_1971FOO_DEN5168-5171_16_20260624T162532_7730d9ee82a0.html,7730d9ee82a09697e79cdad5bf526639bef054a5ec2f9ab2dc756639be7680e1,2026-06-24T16:25:32.735431+00:00,"repair-v1: legacy Detail is not accepted: retryable HTTP 500",1,2026-08-03T14:27:20.913892+00:00
https://kinetics.nist.gov/solution/Detail?id=1971FOO/PET129-154B:15,queued,500,unknown,data/new_solution/boundary_probe/boundary_20260621_101630/boundary_detail_1971FOO_PET129-154B_15_20260621T101729_ac331a57506f.html,ac331a57506f9372144b22760a7cb9b8330af88eadeaa4a5121a2066a1fa6b55,2026-06-21T10:17:29.607368+00:00,"repair-v1: legacy Detail is not accepted: retryable HTTP 500",0,2026-08-03T14:27:20.913892+00:00
https://kinetics.nist.gov/solution/Detail?id=1971GRU/HEN126-134:4,queued,500,unknown,data/new_solution/boundary_probe/boundary_20260624_155905/boundary_detail_1971GRU_HEN126-134_4_20260624T155912_17da6b8268dd.html,17da6b8268dd0b35c7d7b1c6a3ae6cf1ae6a6e5e4b853acbca56e61ab3c99725,2026-06-24T15:59:12.385697+00:00,"repair-v1: legacy Detail is not accepted: retryable HTTP 500",0,2026-08-03T14:27:20.913892+00:00
https://kinetics.nist.gov/solution/Detail?id=1971GUP/HAR8-19:4,queued,500,unknown,data/new_solution/boundary_probe/boundary_20260621_101630/boundary_detail_1971GUP_HAR8-19_4_20260621T101641_817250ce7228.html,817250ce72288dbc315c14a6a871c2ff8f80e1cf44035218026a992563f6fdb6,2026-06-21T10:16:41.581567+00:00,"repair-v1: legacy Detail is not accepted: retryable HTTP 500",0,2026-08-03T14:27:20.913892+00:00
https://kinetics.nist.gov/solution/Detail?id=1971HAY/IBA5388-5394:19,queued,500,unknown,data/new_solution/boundary_probe/boundary_20260624_161614/boundary_detail_1971HAY_IBA5388-5394_19_20260624T161718_2dea2a94ea3a.html,2dea2a94ea3a83806f65b7d51433672e230b12ddab9e35968841ce86695a9ec2,2026-06-24T16:17:18.104313+00:00,"repair-v1: legacy Detail is not accepted: retryable HTTP 500",1,2026-08-03T14:27:20.913892+00:00
https://kinetics.nist.gov/solution/Detail?id=1971HAY/SIM357-369:3,queued,500,unknown,data/new_solution/boundary_probe/boundary_20260624_161614/boundary_detail_1971HAY_SIM357-369_3_20260624T164654_46714cfa27b8.html,46714cfa27b84f5527c0aa3c993a889d7a87d98c4da39d2adb75c60e0c30e040,2026-06-24T16:46:54.192807+00:00,"repair-v1: legacy Detail is not accepted: retryable HTTP 500",1,2026-08-03T14:27:20.913892+00:00
https://kinetics.nist.gov/solution/Detail?id=1971HAY/SIM6781-6786:28,queued,500,unknown,data/new_solution/boundary_probe/boundary_20260625_071124/boundary_detail_1971HAY_SIM6781-6786_28_20260625T071503_a64725e6676f.html,a64725e6676f1ee6562500a03203fbdb6b88ef021707bc258471effbd921bfa5,2026-06-25T07:15:03.737480+00:00,"repair-v1: legacy Detail is not accepted: retryable HTTP 500",1,2026-08-03T14:27:20.913892+00:00
https://kinetics.nist.gov/solution/Detail?id=1971KON/STE37-38:2,queued,500,unknown,data/new_solution/boundary_probe/boundary_20260624_161614/boundary_detail_1971KON_STE37-38_2_20260624T165613_c152e787b6df.html,c152e787b6df3bb5b780c4374262c84b2ac1ae155a5aee36c4999295a1aebc52,2026-06-24T16:56:13.409857+00:00,"repair-v1: legacy Detail is not accepted: retryable HTTP 500",1,2026-08-03T14:27:20.913892+00:00
https://kinetics.nist.gov/solution/Detail?id=1971LAN/SWA34-42:5,queued,500,unknown,data/new_solution/boundary_probe/boundary_20260624_161614/boundary_detail_1971LAN_SWA34-42_5_20260624T161821_08608a646110.html,08608a646110089c3a89fd31087e39a2b65709f7858351b089b1476c084accce,2026-06-24T16:18:21.709813+00:00,"repair-v1: legacy Detail is not accepted: retryable HTTP 500",1,2026-08-03T14:27:20.913892+00:00
https://kinetics.nist.gov/solution/Detail?id=1971MAS/OVA447-459:5,queued,500,unknown,data/new_solution/boundary_probe/boundary_20260624_161614/boundary_detail_1971MAS_OVA447-459_5_20260624T162144_59083d8b567a.html,59083d8b567a9001fea0d67d0d2614fac2bd2dbf8337d69797bea03a79e1f596,2026-06-24T16:21:44.022918+00:00,"repair-v1: legacy Detail is not accepted: retryable HTTP 500",1,2026-08-03T14:27:20.913892+00:00
https://kinetics.nist.gov/solution/Detail?id=1971NET/FES1654-1666:60,queued,500,unknown,data/new_solution/boundary_probe/boundary_20260624_161614/boundary_detail_1971NET_FES1654-1666_60_20260624T162814_a34a235ca88d.html,a34a235ca88d423cc60454a1356ac2a5ce6400fed2a9d0caba357a283c3c6319,2026-06-24T16:28:14.812127+00:00,"repair-v1: legacy Detail is not accepted: retryable HTTP 500",1,2026-08-03T14:27:20.913892+00:00
https://kinetics.nist.gov/solution/Detail?id=1971NET/SCH612-627:58,queued,500,unknown,data/new_solution/boundary_probe/boundary_20260624_161614/boundary_detail_1971NET_SCH612-627_58_20260624T162556_a9de5bebd640.html,a9de5bebd640040d23d01532b39da9f8936e2b974561ab0c2386fc4b082ab4e7,2026-06-24T16:25:56.553355+00:00,"repair-v1: legacy Detail is not accepted: retryable HTTP 500",1,2026-08-03T14:27:20.913892+00:00
https://kinetics.nist.gov/solution/Detail?id=1971OHN/SAK3265-3268:2,queued,500,unknown,data/new_solution/boundary_probe/boundary_20260625_071124/boundary_detail_1971OHN_SAK3265-3268_2_20260625T071352_c815de5ee3b8.html,c815de5ee3b843d15934e62b951f1e980b7826fda06e599facd89383851b7f84,2026-06-25T07:13:52.770745+00:00,"repair-v1: legacy Detail is not accepted: retryable HTTP 500",1,2026-08-03T14:27:20.913892+00:00
https://kinetics.nist.gov/solution/Detail?id=1971PAT/BAN152-153:2,queued,500,unknown,data/new_solution/boundary_probe/boundary_20260624_161614/boundary_detail_1971PAT_BAN152-153_2_20260624T170114_16ca2c69f453.html,16ca2c69f4530b328340d1bd60ef0a6f95352652e7a5e987440a02678b9589be,2026-06-24T17:01:14.410283+00:00,"repair-v1: legacy Detail is not accepted: retryable HTTP 500",1,2026-08-03T14:27:20.913892+00:00
https://kinetics.nist.gov/solution/Detail?id=1971PHI/FIL105-111:25,queued,500,unknown,data/new_solution/boundary_probe/boundary_20260624_161614/boundary_detail_1971PHI_FIL105-111_25_20260624T165759_d4db16a07c21.html,d4db16a07c21dc3841efbc42a5edde4f3a5f7bda3b5ba318ccadeef1ba7cbafa,2026-06-24T16:57:59.066587+00:00,"repair-v1: legacy Detail is not accepted: retryable HTTP 500",1,2026-08-03T14:27:20.913892+00:00
https://kinetics.nist.gov/solution/Detail?id=1971PHI/POW236-250:1,queued,500,unknown,data/new_solution/boundary_probe/boundary_20260627_103328/boundary_detail_1971PHI_POW236-250_1_20260627T105738_7e318d877f3a.html,7e318d877f3a442b6781dd51df71e90763c02071afcf0206d5635ed8bfc149f1,2026-06-27T10:57:38.428633+00:00,"repair-v1: legacy Detail is not accepted: retryable HTTP 500",3,2026-08-03T14:27:20.913892+00:00
https://kinetics.nist.gov/solution/Detail?id=1971SHR/MIC598-611:16,queued,500,unknown,data/new_solution/boundary_probe/boundary_20260624_155905/boundary_detail_1971SHR_MIC598-611_16_20260624T160108_ca4e11559453.html,ca4e1155945345edf36bcbac8ff1af36057d9cddcd3dede0a0691cfd371e934b,2026-06-24T16:01:08.946276+00:00,"repair-v1: legacy Detail is not accepted: retryable HTTP 500",0,2026-08-03T14:27:20.913892+00:00
https://kinetics.nist.gov/solution/Detail?id=1971SIM/NET309-320:11,queued,500,unknown,data/new_solution/boundary_probe/boundary_20260620_190527/boundary_detail_1971SIM_NET309-320_11_20260620T190611_591889bf93f3.html,591889bf93f374c189bab5158c2d9f6e7c88a82b66ac73c0c5e317367f7b4602,2026-06-20T19:06:11.733871+00:00,"repair-v1: legacy Detail is not accepted: retryable HTTP 500",0,2026-08-03T14:27:20.913892+00:00
https://kinetics.nist.gov/solution/Detail?id=1971SIM/NET309-320:12,queued,500,unknown,data/new_solution/boundary_probe/boundary_20260624_161614/boundary_detail_1971SIM_NET309-320_12_20260624T164551_da44c9d139d1.html,da44c9d139d1de03d4b7e7da3d92f8193cbc948ba9d8c6a5bf4ed3d5ac1b6d0c,2026-06-24T16:45:51.582050+00:00,"repair-v1: legacy Detail is not accepted: retryable HTTP 500",1,2026-08-03T14:27:20.913892+00:00
https://kinetics.nist.gov/solution/Detail?id=1971STO/HEN833-840:5,queued,500,unknown,data/new_solution/boundary_probe/boundary_20260624_155905/boundary_detail_1971STO_HEN833-840_5_20260624T161258_1db660a84779.html,1db660a847794befba79560bd545d68aa9604a9cc179e340ae51bc6ddb474e15,2026-06-24T16:12:58.192437+00:00,"repair-v1: legacy Detail is not accepted: retryable HTTP 500",0,2026-08-03T14:27:20.913892+00:00
https://kinetics.nist.gov/solution/Detail?id=1971WIL3008-3019:19,queued,500,unknown,data/new_solution/boundary_probe/boundary_20260624_155905/boundary_detail_1971WIL3008-3019_19_20260624T160741_49ab0f1878aa.html,49ab0f1878aad46a3710b423aa4afd1020856a92f572b7ab50b2aa3355ea48ad,2026-06-24T16:07:41.270600+00:00,"repair-v1: legacy Detail is not accepted: retryable HTTP 500",0,2026-08-03T14:27:20.913892+00:00
https://kinetics.nist.gov/solution/Detail?id=1971YOU/WEH5774-5779:27,queued,500,unknown,data/new_solution/boundary_probe/boundary_20260624_161614/boundary_detail_1971YOU_WEH5774-5779_27_20260624T162824_21e6443661e6.html,21e6443661e63230913862911fe4dd620aab45b4d448029c0600f5061ea58c4b,2026-06-24T16:28:24.346362+00:00,"repair-v1: legacy Detail is not accepted: retryable HTTP 500",1,2026-08-03T14:27:20.913892+00:00
https://kinetics.nist.gov/solution/Detail?id=1971ZAG/SEH3510-3517:3,queued,500,unknown,data/new_solution/boundary_probe/boundary_20260624_155905/boundary_detail_1971ZAG_SEH3510-3517_3_20260624T160423_1c5ff64d6aaa.html,1c5ff64d6aaa3b3d1dd2d457f3306d51c4b0e7e8636b013f5346675c0139654b,2026-06-24T16:04:23.022726+00:00,"repair-v1: legacy Detail is not accepted: retryable HTTP 500",0,2026-08-03T14:27:20.913892+00:00
https://kinetics.nist.gov/solution/Detail?id=1972ADA/ALD278-289:31,queued,500,unknown,data/new_solution/boundary_probe/boundary_20260624_161614/boundary_detail_1972ADA_ALD278-289_31_20260624T165019_f78f1a3bebc2.html,f78f1a3bebc2b8ce112f003fba0d3ce7f5368f246ea1e4bcd0c1edb297610171,2026-06-24T16:50:19.611866+00:00,"repair-v1: legacy Detail is not accepted: retryable HTTP 500",1,2026-08-03T14:27:20.913892+00:00
https://kinetics.nist.gov/solution/Detail?id=1972ADA/BIS290-299:3,queued,500,unknown,data/new_solution/boundary_probe/boundary_20260624_161614/boundary_detail_1972ADA_BIS290-299_3_20260624T170017_7218171b07d5.html,7218171b07d592781287731e94f5b0e85990742d0a685f417dac99b685fa9a75,2026-06-24T17:00:17.540273+00:00,"repair-v1: legacy Detail is not accepted: retryable HTTP 500",1,2026-08-03T14:27:20.913892+00:00
https://kinetics.nist.gov/solution/Detail?id=1972BAR/GIL302-307:5,queued,500,unknown,data/new_solution/boundary_probe/boundary_20260624_161614/boundary_detail_1972BAR_GIL302-307_5_20260624T161708_e86b88a3b67e.html,e86b88a3b67e628fd9d3d889badbec488eda7202369d2ffd6f8b7bd15eb7c033,2026-06-24T16:17:08.308608+00:00,"repair-v1: legacy Detail is not accepted: retryable HTTP 500",1,2026-08-03T14:27:20.913892+00:00
https://kinetics.nist.gov/solution/Detail?id=1972BAS/LER319-322:5,queued,500,unknown,data/new_solution/boundary_probe/boundary_20260624_161614/boundary_detail_1972BAS_LER319-322_5_20260624T164853_a7a585161119.html,a7a585161119ba3eb71b9abbbda6b69228c5aa8f1fdc782fe727ae3e8c47a8b0,2026-06-24T16:48:53.902863+00:00,"repair-v1: legacy Detail is not accepted: retryable HTTP 500",1,2026-08-03T14:27:20.913892+00:00
https://kinetics.nist.gov/solution/Detail?id=1972COO/DEG2618-2625:3,queued,500,unknown,data/new_solution/boundary_probe/boundary_20260624_161614/boundary_detail_1972COO_DEG2618-2625_3_20260624T164723_43a134f1d515.html,43a134f1d515ad0421249db40399025abc79847fe407f94ed11d9bb0fc99c506,2026-06-24T16:47:23.066934+00:00,"repair-v1: legacy Detail is not accepted: retryable HTTP 500",1,2026-08-03T14:27:20.913892+00:00
https://kinetics.nist.gov/solution/Detail?id=1972DAL/MAG411-419:13,queued,500,unknown,data/new_solution/boundary_probe/boundary_20260624_161614/boundary_detail_1972DAL_MAG411-419_13_20260624T163125_b06e357a5679.html,b06e357a56790bb24e0a3864ce26e47474d89ffff8e46ce2f701934db97aaff2,2026-06-24T16:31:25.635761+00:00,"repair-v1: legacy Detail is not accepted: retryable HTTP 500",1,2026-08-03T14:27:20.913892+00:00
https://kinetics.nist.gov/solution/Detail?id=1972ELL/SAL23-36:3,queued,500,unknown,data/new_solution/boundary_probe/boundary_20260624_161614/boundary_detail_1972ELL_SAL23-36_3_20260624T164527_ecc47f55a35f.html,ecc47f55a35f7b6a276a1afb76641960d61e16f36670af274d5003071a84ac53,2026-06-24T16:45:27.816834+00:00,"repair-v1: legacy Detail is not accepted: retryable HTTP 500",1,2026-08-03T14:27:20.913892+00:00
https://kinetics.nist.gov/solution/Detail?id=1972FAR/PEC1021-1039:9,queued,500,unknown,data/new_solution/boundary_probe/boundary_20260620_190527/boundary_detail_1972FAR_PEC1021-1039_9_20260620T190759_58b04c0b7106.html,58b04c0b71065e23089ca9f2d05271d80bd5a8068b71f6c9233f0f85ebedfef6,2026-06-20T19:07:59.007402+00:00,"repair-v1: legacy Detail is not accepted: retryable HTTP 500",0,2026-08-03T14:27:20.913892+00:00
https://kinetics.nist.gov/solution/Detail?id=1972HAY76-77:2,queued,500,unknown,data/new_solution/boundary_probe/boundary_20260624_161614/boundary_detail_1972HAY76-77_2_20260624T161653_7742a0d96012.html,7742a0d96012e55a7f287918454dab4db38d44eefb5c521cc80c4df86fa64788,2026-06-24T16:16:53.706760+00:00,"repair-v1: legacy Detail is not accepted: retryable HTTP 500",1,2026-08-03T14:27:20.913892+00:00
https://kinetics.nist.gov/solution/Detail?id=1972KLU/RAB4839-4842:2,queued,500,unknown,data/new_solution/boundary_probe/boundary_20260624_161614/boundary_detail_1972KLU_RAB4839-4842_2_20260624T164220_7cc028bd283a.html,7cc028bd283a57012236e08aed77a793d44f03187b61ffab443a98d87698c728,2026-06-24T16:42:20.440925+00:00,"repair-v1: legacy Detail is not accepted: retryable HTTP 500",1,2026-08-03T14:27:20.913892+00:00
https://kinetics.nist.gov/solution/Detail?id=1972KUZ/CHI639-644:1,queued,500,unknown,data/new_solution/boundary_probe/boundary_20260627_103328/boundary_detail_1972KUZ_CHI639-644_1_20260627T110300_36bfc0e32051.html,36bfc0e32051ed4fa3a3b914d615b39e45508a46e77744e261c8b8caae63d319,2026-06-27T11:03:00.547652+00:00,"repair-v1: legacy Detail is not accepted: retryable HTTP 500",2,2026-08-03T14:27:20.913892+00:00
https://kinetics.nist.gov/solution/Detail?id=1972LAR/FES9062-9073:1,queued,500,unknown,data/new_solution/boundary_probe/boundary_20260625_140556/boundary_detail_1972LAR_FES9062-9073_1_20260625T140608_80c9149f0dac.html,80c9149f0dac8de093f772766b5030b2213c70c372cbcd7013d2b38b9c54e479,2026-06-25T14:06:08.690255+00:00,"repair-v1: legacy Detail is not accepted: retryable HTTP 500",3,2026-08-03T14:27:20.913892+00:00
https://kinetics.nist.gov/solution/Detail?id=1972MAL/END2223-2229:5,queued,500,unknown,data/new_solution/boundary_probe/boundary_20260624_161614/boundary_detail_1972MAL_END2223-2229_5_20260624T162314_1ce7b50e3690.html,1ce7b50e36904fa65fe9b96b65351522dcbda6e1d55da630da73ce79f00f536c,2026-06-24T16:23:14.396346+00:00,"repair-v1: legacy Detail is not accepted: retryable HTTP 500",1,2026-08-03T14:27:20.913892+00:00
https://kinetics.nist.gov/solution/Detail?id=1972MAR/SEH1243-1253B:3,queued,500,unknown,data/new_solution/boundary_probe/boundary_20260624_155905/boundary_detail_1972MAR_SEH1243-1253B_3_20260624T160331_7dada98d023a.html,7dada98d023a1e168b262b98add88095d946fe45f2b2995f9f1ed6522d421529,2026-06-24T16:03:31.058920+00:00,"repair-v1: legacy Detail is not accepted: retryable HTTP 500",0,2026-08-03T14:27:20.913892+00:00
https://kinetics.nist.gov/solution/Detail?id=1972MAT/MAH1265-1272:2,queued,500,unknown,data/new_solution/boundary_probe/boundary_20260621_101630/boundary_detail_1972MAT_MAH1265-1272_2_20260621T101734_a95412fd0e61.html,a95412fd0e611c5b899a21622ff1e1571eebf7ac7879fbad16c9471dc6f419d3,2026-06-21T10:17:34.365129+00:00,"repair-v1: legacy Detail is not accepted: retryable HTTP 500",0,2026-08-03T14:27:20.913892+00:00
https://kinetics.nist.gov/solution/Detail?id=1972NET/SCH2673-2679:24,queued,500,unknown,data/new_solution/boundary_probe/boundary_20260625_071124/boundary_detail_1972NET_SCH2673-2679_24_20260625T071517_f67b5676a777.html,f67b5676a777a63e83a26da1d35aaa3e9f3c591e42f68fe2196eb30713f0ff52,2026-06-25T07:15:17.941654+00:00,"repair-v1: legacy Detail is not accepted: retryable HTTP 500",1,2026-08-03T14:27:20.913892+00:00
https://kinetics.nist.gov/solution/Detail?id=1972PAT/BAN9028-9032:10,queued,500,unknown,data/new_solution/boundary_probe/boundary_20260624_155905/boundary_detail_1972PAT_BAN9028-9032_10_20260624T160842_37bb8290b28e.html,37bb8290b28e10bffbb87a5792bf76c8f2050809516e46956982260634b490d0,2026-06-24T16:08:42.738156+00:00,"repair-v1: legacy Detail is not accepted: retryable HTTP 500",0,2026-08-03T14:27:20.913892+00:00
https://kinetics.nist.gov/solution/Detail?id=1972PET/NET630-635:16,queued,500,unknown,data/new_solution/boundary_probe/boundary_20260624_161614/boundary_detail_1972PET_NET630-635_16_20260624T163422_86915e690482.html,86915e6904823b87ad5ec94159de62235100dd89287141bc19a063b49f15b742,2026-06-24T16:34:22.494213+00:00,"repair-v1: legacy Detail is not accepted: retryable HTTP 500",1,2026-08-03T14:27:20.913892+00:00
https://kinetics.nist.gov/solution/Detail?id=1972RAB/KLU1095-1106:3,queued,500,unknown,data/new_solution/boundary_probe/boundary_20260624_155905/boundary_detail_1972RAB_KLU1095-1106_3_20260624T161312_7fc030ab5b50.html,7fc030ab5b500e4357b27fa5162abcd7dd0312ad0bf2b9315742d5ae2cf2f596,2026-06-24T16:13:12.613059+00:00,"repair-v1: legacy Detail is not accepted: retryable HTTP 500",0,2026-08-03T14:27:20.913892+00:00
https://kinetics.nist.gov/solution/Detail?id=1972RAZ/ZAI468-472:30,queued,500,unknown,data/new_solution/boundary_probe/boundary_20260624_161614/boundary_detail_1972RAZ_ZAI468-472_30_20260624T163120_68afa71b0382.html,68afa71b038233eb5f050c5f4de523ead7d313512b1f00959ed45b5f01e7cf85,2026-06-24T16:31:20.917987+00:00,"repair-v1: legacy Detail is not accepted: retryable HTTP 500",1,2026-08-03T14:27:20.913892+00:00
https://kinetics.nist.gov/solution/Detail?id=1972SAV/SHE283-286:2,queued,500,unknown,data/nist_solution/archive/oh_20260522T072818Z/detail_rr_20260525T165454_47a7e4565d36.html,47a7e4565d3645dd5655937116835cc96551a1d072a05d6719281e84502c166c,2026-05-25T16:54:54.873589+00:00,"repair-v1: legacy Detail is not accepted: retryable HTTP 500",1,2026-08-03T14:27:20.913892+00:00
https://kinetics.nist.gov/solution/Detail?id=1972SCH649-659:12,queued,500,unknown,data/new_solution/boundary_probe/boundary_20260624_161614/boundary_detail_1972SCH649-659_12_20260624T163111_f84f13ad4f22.html,f84f13ad4f220d0c116a7a5d749dd6ef5ee5d2e5749ef86bcd52937caf309eb1,2026-06-24T16:31:11.300066+00:00,"repair-v1: legacy Detail is not accepted: retryable HTTP 500",1,2026-08-03T14:27:20.913892+00:00
https://kinetics.nist.gov/solution/Detail?id=1972SIM/HAY507-511:9,queued,500,unknown,data/new_solution/boundary_probe/boundary_20260624_155905/boundary_detail_1972SIM_HAY507-511_9_20260624T160755_7fca4ec97737.html,7fca4ec9773733cc28506aea4f947a8072195717c7ac4edeb7bb6e7bdf5b218f,2026-06-24T16:07:55.506467+00:00,"repair-v1: legacy Detail is not accepted: retryable HTTP 500",0,2026-08-03T14:27:20.913892+00:00
https://kinetics.nist.gov/solution/Detail?id=1972SMI186-190:6,queued,500,unknown,data/new_solution/boundary_probe/boundary_20260625_071124/boundary_detail_1972SMI186-190_6_20260625T071305_c6e869d1df47.html,c6e869d1df4799f9f19154dbf43ed37c49ee6b203acf7f73f032506bdf9398ff,2026-06-25T07:13:05.388116+00:00,"repair-v1: legacy Detail is not accepted: retryable HTTP 500",1,2026-08-03T14:27:20.913892+00:00
https://kinetics.nist.gov/solution/Detail?id=1972WIL401-403:2,queued,500,unknown,data/new_solution/boundary_probe/boundary_20260625_071124/boundary_detail_1972WIL401-403_2_20260625T071148_5d119d9afc2b.html,5d119d9afc2b392e99b53ac651e8c4783e295d18cc00940a0e9519b6c4454c86,2026-06-25T07:11:48.979609+00:00,"repair-v1: legacy Detail is not accepted: retryable HTTP 500",1,2026-08-03T14:27:20.913892+00:00
https://kinetics.nist.gov/solution/Detail?id=1972ZEH/RAB3703-3709:10,queued,500,unknown,data/new_solution/boundary_probe/boundary_20260624_161614/boundary_detail_1972ZEH_RAB3703-3709_10_20260624T161929_e1f4e7fd896e.html,e1f4e7fd896ead071db195ba124aba9a69d2f5b18114f34dca97441d785a99fb,2026-06-24T16:19:29.899671+00:00,"repair-v1: legacy Detail is not accepted: retryable HTTP 500",1,2026-08-03T14:27:20.913892+00:00
https://kinetics.nist.gov/solution/Detail?id=1973ASM/MOE1218-1221:1,queued,500,unknown,data/new_solution/boundary_probe/boundary_20260627_103328/boundary_detail_1973ASM_MOE1218-1221_1_20260627T104309_58635d193cb0.html,58635d193cb044ffda3f97a3b01bf78eaab4eddec54de12cf114a41035b12d58,2026-06-27T10:43:09.784558+00:00,"repair-v1: legacy Detail is not accepted: retryable HTTP 500",3,2026-08-03T14:27:20.913892+00:00
https://kinetics.nist.gov/solution/Detail?id=1973BUX/DAI243-254:1,queued,500,unknown,data/new_solution/boundary_probe/boundary_20260627_103328/boundary_detail_1973BUX_DAI243-254_1_20260627T110354_a65dfff83138.html,a65dfff83138dcf2db3e4d1482459dbd39c14f65b8b0ffbe873469ef81c205dd,2026-06-27T11:03:54.958955+00:00,"repair-v1: legacy Detail is not accepted: retryable HTTP 500",3,2026-08-03T14:27:20.913892+00:00
https://kinetics.nist.gov/solution/Detail?id=1973BUX/SEL555-559:3,queued,500,unknown,data/new_solution/boundary_probe/boundary_20260624_161614/boundary_detail_1973BUX_SEL555-559_3_20260624T161624_a1f466570a05.html,a1f466570a050560212b4712d109d8fabf0f176769ec81959b36b98945a0b7a7,2026-06-24T16:16:24.673444+00:00,"repair-v1: legacy Detail is not accepted: retryable HTTP 500",1,2026-08-03T14:27:20.913892+00:00
https://kinetics.nist.gov/solution/Detail?id=1973EAG/KAB1920-1922:2,queued,500,unknown,data/new_solution/boundary_probe/boundary_20260624_161614/boundary_detail_1973EAG_KAB1920-1922_2_20260624T164801_41e6528d6afa.html,41e6528d6afa112d712a7e4cf1369e7664c0b75f008c895ae1bbf8e174adad82,2026-06-24T16:48:01.377938+00:00,"repair-v1: legacy Detail is not accepted: retryable HTTP 500",1,2026-08-03T14:27:20.913892+00:00
https://kinetics.nist.gov/solution/Detail?id=1973ELL/GRE1724-1728:9,queued,500,unknown,data/new_solution/boundary_probe/boundary_20260624_161614/boundary_detail_1973ELL_GRE1724-1728_9_20260624T164210_5310ad3bd9a4.html,5310ad3bd9a40f1c346defaa3faa595c0dc334abed0778e553a3e972725c61bb,2026-06-24T16:42:10.478607+00:00,"repair-v1: legacy Detail is not accepted: retryable HTTP 500",1,2026-08-03T14:27:20.913892+00:00
https://kinetics.nist.gov/solution/Detail?id=1973ERI/HEN337-345:3,queued,500,unknown,data/new_solution/boundary_probe/boundary_20260624_161614/boundary_detail_1973ERI_HEN337-345_3_20260624T162945_c619855ff28c.html,c619855ff28c3f96d245f17fa527d3841e9a882738f9faba1ecda81706e7cb32,2026-06-24T16:29:45.347811+00:00,"repair-v1: legacy Detail is not accepted: retryable HTTP 500",1,2026-08-03T14:27:20.913892+00:00
https://kinetics.nist.gov/solution/Detail?id=1973FAR/MIH2309-2315:6,queued,500,unknown,data/new_solution/boundary_probe/boundary_20260624_161614/boundary_detail_1973FAR_MIH2309-2315_6_20260624T161831_10677f12e244.html,10677f12e2442c78c187ec18b17525f8a90bf5a22e6df81e9aea83dfbb48ea68,2026-06-24T16:18:31.538547+00:00,"repair-v1: legacy Detail is not accepted: retryable HTTP 500",1,2026-08-03T14:27:20.913892+00:00
https://kinetics.nist.gov/solution/Detail?id=1973FAR/WIL447-450:8,queued,500,unknown,data/new_solution/boundary_probe/boundary_20260625_071124/boundary_detail_1973FAR_WIL447-450_8_20260625T071203_adf9b31ed7fe.html,adf9b31ed7fe69162179d0a99802aab21033b1d60d4d171498f74cd22c7c4f5a,2026-06-25T07:12:03.505416+00:00,"repair-v1: legacy Detail is not accepted: retryable HTTP 500",1,2026-08-03T14:27:20.913892+00:00
https://kinetics.nist.gov/solution/Detail?id=1973FOR/FRI396-400:2,queued,500,unknown,data/new_solution/boundary_probe/boundary_20260624_155905/boundary_detail_1973FOR_FRI396-400_2_20260624T160017_0078f314d6a9.html,0078f314d6a9a2f7b8ae7a6f91277d2ad1d45b2447d3caf0e4083dc3cdd4e652,2026-06-24T16:00:17.107966+00:00,"repair-v1: legacy Detail is not accepted: retryable HTTP 500",0,2026-08-03T14:27:20.913892+00:00
https://kinetics.nist.gov/solution/Detail?id=1973FUR/HOW369-374:16,queued,500,unknown,data/new_solution/boundary_probe/boundary_20260624_161614/boundary_detail_1973FUR_HOW369-374_16_20260624T165349_5e3b919c3ea4.html,5e3b919c3ea488d187fc72b48aeef33a2c8346ee7dcac0a61870351c9e12fe2b,2026-06-24T16:53:49.715505+00:00,"repair-v1: legacy Detail is not accepted: retryable HTTP 500",1,2026-08-03T14:27:20.913892+00:00
https://kinetics.nist.gov/solution/Detail?id=1973GRA/GET393-403:10,queued,500,unknown,data/new_solution/boundary_probe/boundary_20260624_161614/boundary_detail_1973GRA_GET393-403_10_20260624T162051_39d700258165.html,39d700258165327f2e7995f2d92bed3c592f5db9229bfd84deff422778c2e94d,2026-06-24T16:20:51.358435+00:00,"repair-v1: legacy Detail is not accepted: retryable HTTP 500",1,2026-08-03T14:27:20.913892+00:00
https://kinetics.nist.gov/solution/Detail?id=1973GRI/GOR2383-2392:1,queued,500,unknown,data/new_solution/boundary_probe/boundary_20260627_103328/boundary_detail_1973GRI_GOR2383-2392_1_20260627T110308_7b42204082c1.html,7b42204082c1652d6bf28956f6230df86114f9586c2b455665aec74a76a0f877,2026-06-27T11:03:08.260570+00:00,"repair-v1: legacy Detail is not accepted: retryable HTTP 500",2,2026-08-03T14:27:20.913892+00:00
https://kinetics.nist.gov/solution/Detail?id=1973HAY/SIM1029-1035:2,queued,500,unknown,data/new_solution/boundary_probe/boundary_20260624_161614/boundary_detail_1973HAY_SIM1029-1035_2_20260624T163659_df83b8ebd11b.html,df83b8ebd11bb0edd709ad70416c1be360a3489b02f0fa26c47b6e324b61b76d,2026-06-24T16:36:59.786606+00:00,"repair-v1: legacy Detail is not accepted: retryable HTTP 500",1,2026-08-03T14:27:20.913892+00:00
https://kinetics.nist.gov/solution/Detail?id=1973JAY/PAR1079-1089:3,queued,500,unknown,data/new_solution/boundary_probe/boundary_20260624_155905/boundary_detail_1973JAY_PAR1079-1089_3_20260624T160118_b80230e1d1d3.html,b80230e1d1d30ce15dddd93f1766d4c6269d726a106a6025f91e22fe409984ca,2026-06-24T16:01:18.304993+00:00,"repair-v1: legacy Detail is not accepted: retryable HTTP 500",0,2026-08-03T14:27:20.913892+00:00
https://kinetics.nist.gov/solution/Detail?id=1973KLU/FRI2786-2790:2,queued,500,unknown,data/new_solution/boundary_probe/boundary_20260620_190527/boundary_detail_1973KLU_FRI2786-2790_2_20260620T190913_89e332745cef.html,89e332745cef334a89fe79492112d0d09c591d2f1256f8b0a137a2c241c3092f,2026-06-20T19:09:13.815656+00:00,"repair-v1: legacy Detail is not accepted: retryable HTTP 500",0,2026-08-03T14:27:20.913892+00:00
https://kinetics.nist.gov/solution/Detail?id=1973LAM/PAL6095-6103:7,queued,500,unknown,data/new_solution/boundary_probe/boundary_20260624_161614/boundary_detail_1973LAM_PAL6095-6103_7_20260624T165506_1f967d368830.html,1f967d368830950c56672d096713450e58ed1bad098d2de3ccd800c1f9a7ff76,2026-06-24T16:55:06.308355+00:00,"repair-v1: legacy Detail is not accepted: retryable HTTP 500",1,2026-08-03T14:27:20.913892+00:00
https://kinetics.nist.gov/solution/Detail?id=1973LES/FER2156-2158:2,queued,500,unknown,data/new_solution/boundary_probe/boundary_20260624_155905/boundary_detail_1973LES_FER2156-2158_2_20260624T161033_f08ad19652a3.html,f08ad19652a36e08af7027c64bb6ce12132e4510adedb8161f6e3d0511c74e9e,2026-06-24T16:10:33.610538+00:00,"repair-v1: legacy Detail is not accepted: retryable HTTP 500",0,2026-08-03T14:27:20.913892+00:00
https://kinetics.nist.gov/solution/Detail?id=1973LIC/OGD69-80:2,queued,500,unknown,data/nist_solution/archive/h_20260522T072250Z/detail_rr_20260607T150603_6164f4e09ee0.html,6164f4e09ee0eb17e780b9ebc3c4d165aa3c37ffb1cc3cd34c344feeeb420aad,2026-06-07T15:06:03.508563+00:00,"repair-v1: legacy Detail is not accepted: retryable HTTP 500",1,2026-08-03T14:27:20.913892+00:00
https://kinetics.nist.gov/solution/Detail?id=1973MAS/NAK339-345:12,queued,500,unknown,data/new_solution/boundary_probe/boundary_20260624_161614/boundary_detail_1973MAS_NAK339-345_12_20260624T163027_f60b35b33178.html,f60b35b33178c9dfa9c6689c97a217671bf00be0f85f8c892d97da6d626a3ee4,2026-06-24T16:30:27.987777+00:00,"repair-v1: legacy Detail is not accepted: retryable HTTP 500",1,2026-08-03T14:27:20.913892+00:00
https://kinetics.nist.gov/solution/Detail?id=1973MEI/CZA4148-4153:5,queued,500,unknown,data/new_solution/boundary_probe/boundary_20260624_161614/boundary_detail_1973MEI_CZA4148-4153_5_20260624T161737_013f71865f3f.html,013f71865f3f62bea8aea4f8d9ac81bee69fa752bd74a76f2818f1bc68a150d1,2026-06-24T16:17:37.792616+00:00,"repair-v1: legacy Detail is not accepted: retryable HTTP 500",1,2026-08-03T14:27:20.913892+00:00
https://kinetics.nist.gov/solution/Detail?id=1973MIA/BAR742-749:3,queued,500,unknown,data/new_solution/boundary_probe/boundary_20260624_161614/boundary_detail_1973MIA_BAR742-749_3_20260624T164430_2c947ff798e3.html,2c947ff798e3d37e15b76cb8afa8e8d13ffddf9a74d405425f0c79b39004dfeb,2026-06-24T16:44:30.149662+00:00,"repair-v1: legacy Detail is not accepted: retryable HTTP 500",1,2026-08-03T14:27:20.913892+00:00
https://kinetics.nist.gov/solution/Detail?id=1973MIH/HEN1577-1580:2,queued,500,unknown,data/new_solution/boundary_probe/boundary_20260624_161614/boundary_detail_1973MIH_HEN1577-1580_2_20260624T163742_9411d0346634.html,9411d0346634c87632bcdf1365ffc137a524e574d866f06547b96d905e06b3c3,2026-06-24T16:37:42.863568+00:00,"repair-v1: legacy Detail is not accepted: retryable HTTP 500",1,2026-08-03T14:27:20.913892+00:00
https://kinetics.nist.gov/solution/Detail?id=1973MUR/RAO35-38:2,queued,500,unknown,data/new_solution/boundary_probe/boundary_20260624_161614/boundary_detail_1973MUR_RAO35-38_2_20260624T165029_3b8f7a738ad4.html,3b8f7a738ad4ebf8a40eaeeed3a9627a0deddd641ecae3e9ea5c8177ab21d24b,2026-06-24T16:50:29.246452+00:00,"repair-v1: legacy Detail is not accepted: retryable HTTP 500",1,2026-08-03T14:27:20.913892+00:00
https://kinetics.nist.gov/solution/Detail?id=1973OLM/AKA6211-6215:6,queued,500,unknown,data/new_solution/boundary_probe/boundary_20260624_161614/boundary_detail_1973OLM_AKA6211-6215_6_20260624T164756_cadc45ac07e0.html,cadc45ac07e05116519fc3c92d86db35ea0c935c761e43d30be41143aac677e6,2026-06-24T16:47:56.600583+00:00,"repair-v1: legacy Detail is not accepted: retryable HTTP 500",1,2026-08-03T14:27:20.913892+00:00
https://kinetics.nist.gov/solution/Detail?id=1973PHI/POW575-582:4,queued,500,unknown,data/new_solution/boundary_probe/boundary_20260624_161614/boundary_detail_1973PHI_POW575-582_4_20260624T162129_905d42a7d6df.html,905d42a7d6dfde8f7858810f6970b78e91ef4bb35f8af75b9e759c9cb8bc1ebc,2026-06-24T16:21:29.723506+00:00,"repair-v1: legacy Detail is not accepted: retryable HTTP 500",1,2026-08-03T14:27:20.913892+00:00
https://kinetics.nist.gov/solution/Detail?id=1973PHI/POW8-17:14,queued,500,unknown,data/new_solution/boundary_probe/boundary_20260624_161614/boundary_detail_1973PHI_POW8-17_14_20260624T164732_9414666af4bb.html,9414666af4bbce2d72ee4d0f66823dd42b1f11298ed822c15cc68312e5f95a94,2026-06-24T16:47:32.591772+00:00,"repair-v1: legacy Detail is not accepted: retryable HTTP 500",1,2026-08-03T14:27:20.913892+00:00
https://kinetics.nist.gov/solution/Detail?id=1973PIK/SIB339-342:6,queued,500,unknown,data/new_solution/boundary_probe/boundary_20260624_161614/boundary_detail_1973PIK_SIB339-342_6_20260624T161905_c85c1a618c29.html,c85c1a618c29c24d35dafff64358c073d0573b5881a378a74312a970afcabc1a,2026-06-24T16:19:05.620921+00:00,"repair-v1: legacy Detail is not accepted: retryable HTTP 500",1,2026-08-03T14:27:20.913892+00:00
https://kinetics.nist.gov/solution/Detail?id=1973RAB/KLU1169-1175:3,queued,500,unknown,data/new_solution/boundary_probe/boundary_20260624_161614/boundary_detail_1973RAB_KLU1169-1175_3_20260624T164917_0ebcb8775bc2.html,0ebcb8775bc20e3604ac7f71ff793a3463594424c949a100b3b4268026fafb3f,2026-06-24T16:49:17.685885+00:00,"repair-v1: legacy Detail is not accepted: retryable HTTP 500",1,2026-08-03T14:27:20.913892+00:00
https://kinetics.nist.gov/solution/Detail?id=1973RAO/HAY344-346:48,queued,500,unknown,data/new_solution/boundary_probe/boundary_20260620_190527/boundary_detail_1973RAO_HAY344-346_48_20260620T190702_91f1dc45d84c.html,91f1dc45d84c3699aa71a6047e4a55c707e9ef6910b5c0d64d6ef2df23bfdd59,2026-06-20T19:07:02.851634+00:00,"repair-v1: legacy Detail is not accepted: retryable HTTP 500",0,2026-08-03T14:27:20.913892+00:00
https://kinetics.nist.gov/solution/Detail?id=1973RAO/HAY344-346:49,queued,500,unknown,data/new_solution/boundary_probe/boundary_20260624_161614/boundary_detail_1973RAO_HAY344-346_49_20260624T164658_fb898cf2bd20.html,fb898cf2bd20d87b2897f32db2e81f19650b199579f78a10b0316118418b5d03,2026-06-24T16:46:58.988114+00:00,"repair-v1: legacy Detail is not accepted: retryable HTTP 500",1,2026-08-03T14:27:20.913892+00:00
https://kinetics.nist.gov/solution/Detail?id=1973RED/WIL51-65:10,queued,500,unknown,data/new_solution/boundary_probe/boundary_20260624_161614/boundary_detail_1973RED_WIL51-65_10_20260624T164858_e397c9d546af.html,e397c9d546af29b67c6ecc415e9b3171ad1e0c7b769e0ab583888cf03e9a7cc2,2026-06-24T16:48:58.717772+00:00,"repair-v1: legacy Detail is not accepted: retryable HTTP 500",1,2026-08-03T14:27:20.913892+00:00
https://kinetics.nist.gov/solution/Detail?id=1973REU/GRE533-536:16,queued,500,unknown,data/new_solution/boundary_probe/boundary_20260624_161614/boundary_detail_1973REU_GRE533-536_16_20260624T164034_7dfd0df6bca1.html,7dfd0df6bca1bdab5a7e7589792c5c0b2927d8207541fd526c7bbe441aebb1e8,2026-06-24T16:40:34.784920+00:00,"repair-v1: legacy Detail is not accepted: retryable HTTP 500",1,2026-08-03T14:27:20.913892+00:00
https://kinetics.nist.gov/solution/Detail?id=1973ROB/SCH707-718:5,queued,500,unknown,data/new_solution/boundary_probe/boundary_20260624_161614/boundary_detail_1973ROB_SCH707-718_5_20260624T163101_e74df8f50105.html,e74df8f50105a6fadd3c187f6ed2b307b435073436b27fffb2aadb012d9210b7,2026-06-24T16:31:01.518905+00:00,"repair-v1: legacy Detail is not accepted: retryable HTTP 500",1,2026-08-03T14:27:20.913892+00:00
https://kinetics.nist.gov/solution/Detail?id=1973SED/FLE1123-1130:5,queued,500,unknown,data/new_solution/boundary_probe/boundary_20260624_155905/boundary_detail_1973SED_FLE1123-1130_5_20260624T161107_ee9db3881a49.html,ee9db3881a49e1644da91f2f6e41007f25b15b90e19afe6228cb7b572929d220,2026-06-24T16:11:07.243874+00:00,"repair-v1: legacy Detail is not accepted: retryable HTTP 500",0,2026-08-03T14:27:20.913892+00:00
https://kinetics.nist.gov/solution/Detail?id=1973SHA/TIK148-149:12,queued,500,unknown,data/new_solution/boundary_probe/boundary_20260624_161614/boundary_detail_1973SHA_TIK148-149_12_20260624T165706_f83bdfdd8e68.html,f83bdfdd8e6854f41c2ad57d4d5095a8469c930df51258f83d9955e91d7053e1,2026-06-24T16:57:06.199011+00:00,"repair-v1: legacy Detail is not accepted: retryable HTTP 500",1,2026-08-03T14:27:20.913892+00:00
https://kinetics.nist.gov/solution/Detail?id=1973SIM/NET2662-2667:5,queued,500,unknown,data/nist_solution/archive/o_20260522T072624Z/detail_rr_20260522T080252_4382bd919eb2.html,4382bd919eb21f1afd074b86f08db59b1044103e894d36830481f60e6db1185c,2026-05-22T08:02:52.076868+00:00,"repair-v1: legacy Detail is not accepted: retryable HTTP 500",1,2026-08-03T14:27:20.913892+00:00
https://kinetics.nist.gov/solution/Detail?id=1973STE90-96:3,queued,500,unknown,data/new_solution/boundary_probe/boundary_20260624_155905/boundary_detail_1973STE90-96_3_20260624T160945_bb1b4c509b98.html,bb1b4c509b98ecbfcbc04c80dae8bfcafdafe44dc1ad85faeea9b35a9cdbb012,2026-06-24T16:09:45.214238+00:00,"repair-v1: legacy Detail is not accepted: retryable HTTP 500",0,2026-08-03T14:27:20.913892+00:00
https://kinetics.nist.gov/solution/Detail?id=1973TAM/BAD435-445:4,queued,500,unknown,data/new_solution/boundary_probe/boundary_20260624_155905/boundary_detail_1973TAM_BAD435-445_4_20260624T160611_2825dcc5337a.html,2825dcc5337ae0ff7fc8bcdae56bd25c3d2c0bdf53f87cd47facca13b73523dc,2026-06-24T16:06:11.436511+00:00,"repair-v1: legacy Detail is not accepted: retryable HTTP 500",0,2026-08-03T14:27:20.913892+00:00
https://kinetics.nist.gov/solution/Detail?id=1973THO/LAU804-813:6,queued,500,unknown,data/new_solution/boundary_probe/boundary_20260625_071124/boundary_detail_1973THO_LAU804-813_6_20260625T071227_19858c0a750b.html,19858c0a750b094c84fe7770c3d22e99f82e727e25b5ff1e7c73880e8bf76567,2026-06-25T07:12:27.020280+00:00,"repair-v1: legacy Detail is not accepted: retryable HTTP 500",1,2026-08-03T14:27:20.913892+00:00
https://kinetics.nist.gov/solution/Detail?id=1973TUN/KUN10-17:10,queued,500,unknown,data/new_solution/boundary_probe/boundary_20260624_161614/boundary_detail_1973TUN_KUN10-17_10_20260624T165651_8c5b698b0252.html,8c5b698b02524c2327c35782c534fc94d4daf0ed99f395fb334612067dcc4bd0,2026-06-24T16:56:51.882596+00:00,"repair-v1: legacy Detail is not accepted: retryable HTTP 500",1,2026-08-03T14:27:20.913892+00:00
https://kinetics.nist.gov/solution/Detail?id=1973WAL/AKH2525-2529:7,queued,500,unknown,data/new_solution/boundary_probe/boundary_20260624_161614/boundary_detail_1973WAL_AKH2525-2529_7_20260624T162926_747455e20aa5.html,747455e20aa552225612afd0045603be993d8d4112c315deb63ecf0383635ed3,2026-06-24T16:29:26.016580+00:00,"repair-v1: legacy Detail is not accepted: retryable HTTP 500",1,2026-08-03T14:27:20.913892+00:00
https://kinetics.nist.gov/solution/Detail?id=1973WAL/ELT848-850:2,queued,500,unknown,data/new_solution/boundary_probe/boundary_20260624_155905/boundary_detail_1973WAL_ELT848-850_2_20260624T160814_4bf124568065.html,4bf124568065eb1793b3788479e9bca60ba16c80d4385c824d3c3bacb151f4e7,2026-06-24T16:08:14.466734+00:00,"repair-v1: legacy Detail is not accepted: retryable HTTP 500",0,2026-08-03T14:27:20.913892+00:00
https://kinetics.nist.gov/solution/Detail?id=1973WIL929-931:13,queued,500,unknown,data/new_solution/boundary_probe/boundary_20260624_161614/boundary_detail_1973WIL929-931_13_20260624T162902_9e1405878ab1.html,9e1405878ab148ee73315ace990cac69e7172feb9ef9accd6d5aa42cf847f205,2026-06-24T16:29:02.344984+00:00,"repair-v1: legacy Detail is not accepted: retryable HTTP 500",1,2026-08-03T14:27:20.913892+00:00
https://kinetics.nist.gov/solution/Detail?id=1974AND/PAC33-46:3,queued,500,unknown,data/new_solution/boundary_probe/boundary_20260624_161614/boundary_detail_1974AND_PAC33-46_3_20260624T170119_25de2abf822a.html,25de2abf822af94cb633ea114811c1b7aa29f8daf3021d14d9a2519d790fa172,2026-06-24T17:01:19.110794+00:00,"repair-v1: legacy Detail is not accepted: retryable HTTP 500",1,2026-08-03T14:27:20.913892+00:00
https://kinetics.nist.gov/solution/Detail?id=1974BAV/CUN39-46:4,queued,500,unknown,data/new_solution/boundary_probe/boundary_20260624_155905/boundary_detail_1974BAV_CUN39-46_4_20260624T160516_d9cca2c52136.html,d9cca2c52136d212c900d4d7a15f76a63ec734da881253e719b1d717c86ee6d9,2026-06-24T16:05:16.317373+00:00,"repair-v1: legacy Detail is not accepted: retryable HTTP 500",0,2026-08-03T14:27:20.913892+00:00
https://kinetics.nist.gov/solution/Detail?id=1974BEH2660-2663:6,queued,500,unknown,data/new_solution/boundary_probe/boundary_20260624_161614/boundary_detail_1974BEH2660-2663_6_20260624T170425_fdc165e425e1.html,fdc165e425e1881141d474109dbab5704a28dcdb639667ff62021f77abc2cd81,2026-06-24T17:04:25.393894+00:00,"repair-v1: legacy Detail is not accepted: retryable HTTP 500",1,2026-08-03T14:27:20.913892+00:00
https://kinetics.nist.gov/solution/Detail?id=1974BRO249-258:4,queued,500,unknown,data/new_solution/boundary_probe/boundary_20260624_161614/boundary_detail_1974BRO249-258_4_20260624T170230_3316c3f7bb75.html,3316c3f7bb75e572d284974afc135fefbb6f63ef103fe3fe0fa8538f7e8697b3,2026-06-24T17:02:30.601713+00:00,"repair-v1: legacy Detail is not accepted: retryable HTTP 500",1,2026-08-03T14:27:20.913892+00:00
https://kinetics.nist.gov/solution/Detail?id=1974CAR/SUP3728-3737:25,queued,500,unknown,data/new_solution/boundary_probe/boundary_20260624_161614/boundary_detail_1974CAR_SUP3728-3737_25_20260624T164113_8b71b4f0594d.html,8b71b4f0594de421e6ce5684e1839b97008b94b039614f156a383a74c698a264,2026-06-24T16:41:13.019519+00:00,"repair-v1: legacy Detail is not accepted: retryable HTTP 500",1,2026-08-03T14:27:20.913892+00:00
https://kinetics.nist.gov/solution/Detail?id=1974CAR/WIL991-1004:7,queued,500,unknown,data/new_solution/boundary_probe/boundary_20260624_161614/boundary_detail_1974CAR_WIL991-1004_7_20260624T164815_cc4e5ceeca8c.html,cc4e5ceeca8c03473c92f75410f773d7a8c60cb7b0753165fc91bd112bbe8c86,2026-06-24T16:48:15.799580+00:00,"repair-v1: legacy Detail is not accepted: retryable HTTP 500",1,2026-08-03T14:27:20.913892+00:00
https://kinetics.nist.gov/solution/Detail?id=1974CLA/WIT101-107:2,queued,500,unknown,data/new_solution/boundary_probe/boundary_20260620_190527/boundary_detail_1974CLA_WIT101-107_2_20260620T190850_db95c84fafd4.html,db95c84fafd4d10716d87820b896df22b5242e445571e20d7ad264b62afacacb,2026-06-20T19:08:50.343790+00:00,"repair-v1: legacy Detail is not accepted: retryable HTTP 500",0,2026-08-03T14:27:20.913892+00:00
https://kinetics.nist.gov/solution/Detail?id=1974COH/MEY2559-2564:3,queued,500,unknown,data/new_solution/boundary_probe/boundary_20260624_155905/boundary_detail_1974COH_MEY2559-2564_3_20260624T161018_e5622c014d45.html,e5622c014d45ed3befcf56721618526df438248effe0ed5e64f1f6358e4fa657,2026-06-24T16:10:18.983208+00:00,"repair-v1: legacy Detail is not accepted: retryable HTTP 500",0,2026-08-03T14:27:20.913892+00:00
https://kinetics.nist.gov/solution/Detail?id=1974DOD/SCH892-899:6,queued,500,unknown,data/new_solution/boundary_probe/boundary_20260624_161614/boundary_detail_1974DOD_SCH892-899_6_20260624T163413_efbed2ac247d.html,efbed2ac247d35c27f53a90b7e06b69e7e8c2f8926bff21fffc18dad3701464f,2026-06-24T16:34:13.057296+00:00,"repair-v1: legacy Detail is not accepted: retryable HTTP 500",1,2026-08-03T14:27:20.913892+00:00
https://kinetics.nist.gov/solution/Detail?id=1974ERI208-215:4,queued,500,unknown,data/new_solution/boundary_probe/boundary_20260624_161614/boundary_detail_1974ERI208-215_4_20260624T170235_c26772270c8a.html,c26772270c8a708f5b70dad5174aaedb0123f9c25528a3db644c5b7aa89ac434,2026-06-24T17:02:35.420928+00:00,"repair-v1: legacy Detail is not accepted: retryable HTTP 500",1,2026-08-03T14:27:20.913892+00:00
https://kinetics.nist.gov/solution/Detail?id=1974FIE/ROB49-60:2,queued,500,unknown,data/new_solution/boundary_probe/boundary_20260624_155905/boundary_detail_1974FIE_ROB49-60_2_20260624T160243_69003a91655f.html,69003a91655fb13e89bf19e7a5fedc8f4b846bca16ce92ccca9144017cac0e50,2026-06-24T16:02:43.819290+00:00,"repair-v1: legacy Detail is not accepted: retryable HTTP 500",0,2026-08-03T14:27:20.913892+00:00
https://kinetics.nist.gov/solution/Detail?id=1974FOR/BON1698-1701:2,queued,500,unknown,data/new_solution/boundary_probe/boundary_20260625_071124/boundary_detail_1974FOR_BON1698-1701_2_20260625T071624_35dce6bb4fad.html,35dce6bb4fade82b93e928622cae68dbf4694b5ae1c2eef4a91678dd4c4a8ab5,2026-06-25T07:16:24.037160+00:00,"repair-v1: legacy Detail is not accepted: retryable HTTP 500",1,2026-08-03T14:27:20.913892+00:00
https://kinetics.nist.gov/solution/Detail?id=1974GIL/NOR1435-1441:5,queued,500,unknown,data/new_solution/boundary_probe/boundary_20260624_161614/boundary_detail_1974GIL_NOR1435-1441_5_20260624T164825_6b5b1470fc71.html,6b5b1470fc7191cb9c9a746a9a7030604136885814749d01435ee3394a05226a,2026-06-24T16:48:25.326508+00:00,"repair-v1: legacy Detail is not accepted: retryable HTTP 500",1,2026-08-03T14:27:20.913892+00:00
https://kinetics.nist.gov/solution/Detail?id=1974GIL/NOR824-829:7,queued,500,unknown,data/new_solution/boundary_probe/boundary_20260624_161614/boundary_detail_1974GIL_NOR824-829_7_20260624T170221_d79ab95cc728.html,d79ab95cc72855873abd097ca166421f3f3949f0c1deabacf9a30836c113ccc0,2026-06-24T17:02:21.162112+00:00,"repair-v1: legacy Detail is not accepted: retryable HTTP 500",1,2026-08-03T14:27:20.913892+00:00
https://kinetics.nist.gov/solution/Detail?id=1974LAU/THO1142-1148:8,queued,500,unknown,data/new_solution/boundary_probe/boundary_20260625_071124/boundary_detail_1974LAU_THO1142-1148_8_20260625T071246_9221cc156905.html,9221cc156905e3001cc8513e105d0d99f8d568222da792d17056d7b6f8aeb3ef,2026-06-25T07:12:46.025456+00:00,"repair-v1: legacy Detail is not accepted: retryable HTTP 500",1,2026-08-03T14:27:20.913892+00:00
https://kinetics.nist.gov/solution/Detail?id=1974LIC/SHA386-398:4,queued,500,unknown,data/new_solution/boundary_probe/boundary_20260624_161614/boundary_detail_1974LIC_SHA386-398_4_20260624T165515_e3b94104e7e3.html,e3b94104e7e3add3f637bf4c7049597111b085b8e4762972c1d9411ecaecd556,2026-06-24T16:55:15.892252+00:00,"repair-v1: legacy Detail is not accepted: retryable HTTP 500",1,2026-08-03T14:27:20.913892+00:00
https://kinetics.nist.gov/solution/Detail?id=1974MOG/MIN512-517:1,queued,500,unknown,data/new_solution/boundary_probe/boundary_20260627_103328/boundary_detail_1974MOG_MIN512-517_1_20260627T104731_71484bbf30b6.html,71484bbf30b64f8e9b3119f67a46e1da66fd72e2b5ee3eb2e75d1f8107b2555e,2026-06-27T10:47:31.833844+00:00,"repair-v1: legacy Detail is not accepted: retryable HTTP 500",3,2026-08-03T14:27:20.913892+00:00
https://kinetics.nist.gov/solution/Detail?id=1974MUL/WAR187-201:7,queued,500,unknown,data/new_solution/boundary_probe/boundary_20260624_161614/boundary_detail_1974MUL_WAR187-201_7_20260624T164356_cb6db5f5c3e9.html,cb6db5f5c3e9825dff773bb77003bf4dbdfda50c8a5d60f445a099df393d4a5b,2026-06-24T16:43:56.623771+00:00,"repair-v1: legacy Detail is not accepted: retryable HTTP 500",1,2026-08-03T14:27:20.913892+00:00
https://kinetics.nist.gov/solution/Detail?id=1974RAZ/BER218-220:1,queued,500,unknown,data/new_solution/boundary_probe/boundary_20260625_140556/boundary_detail_1974RAZ_BER218-220_1_20260625T140635_28f00546a537.html,28f00546a537bff06190f7b74169626ed388e703d3893599db5561c02ec43f9f,2026-06-25T14:06:35.605276+00:00,"reset retryable HTTP status from boundary probe",2,2026-06-25T15:22:47.446712+00:00
https://kinetics.nist.gov/solution/Detail?id=1974SCH/PAT369-372:2,queued,500,unknown,data/new_solution/boundary_probe/boundary_20260620_190527/boundary_detail_1974SCH_PAT369-372_2_20260620T190557_91bcfbba7e1d.html,91bcfbba7e1dcc54957f66c836249567f706947b057ec513ccff1f86c4911403,2026-06-20T19:05:57.546744+00:00,"repair-v1: legacy Detail is not accepted: retryable HTTP 500",0,2026-08-03T14:27:20.913892+00:00
https://kinetics.nist.gov/solution/Detail?id=1974SIM/HAY334-336:3,queued,500,unknown,data/new_solution/boundary_probe/boundary_20260624_161614/boundary_detail_1974SIM_HAY334-336_3_20260624T164254_78c8244aa446.html,78c8244aa4465bae93c03f2a011bb4bbe04c64a6758c29d5044b930f44933540,2026-06-24T16:42:54.270753+00:00,"repair-v1: legacy Detail is not accepted: retryable HTTP 500",1,2026-08-03T14:27:20.913892+00:00
https://kinetics.nist.gov/solution/Detail?id=1974STE/PER6846-6850:16,queued,500,unknown,data/new_solution/boundary_probe/boundary_20260625_071124/boundary_detail_1974STE_PER6846-6850_16_20260625T071643_8c1235491c14.html,8c1235491c14a19497cf3a242320221f1cb6b8aaf6bc15285334febe6721e642,2026-06-25T07:16:43.152925+00:00,"repair-v1: legacy Detail is not accepted: retryable HTTP 500",1,2026-08-03T14:27:20.913892+00:00
https://kinetics.nist.gov/solution/Detail?id=1974TAM/BON571-572:4,queued,500,unknown,data/new_solution/boundary_probe/boundary_20260620_190527/boundary_detail_1974TAM_BON571-572_4_20260620T190635_5e17ab5d21d3.html,5e17ab5d21d3be01f5a291604744b3218a4817e584e89678e8c02af690c65bb7,2026-06-20T19:06:35.020247+00:00,"repair-v1: legacy Detail is not accepted: retryable HTTP 500",0,2026-08-03T14:27:20.913892+00:00
https://kinetics.nist.gov/solution/Detail?id=1974WOL/BRU407-411:5,queued,500,unknown,data/new_solution/boundary_probe/boundary_20260624_161614/boundary_detail_1974WOL_BRU407-411_5_20260624T165247_0ed56d540bf1.html,0ed56d540bf1f5e8986bd1cc98a066ef06b0d5230a48b67d46893498acb10a8e,2026-06-24T16:52:47.702026+00:00,"repair-v1: legacy Detail is not accepted: retryable HTTP 500",1,2026-08-03T14:27:20.913892+00:00
https://kinetics.nist.gov/solution/Detail?id=1975BEL/GRU2995-3000:21,queued,500,unknown,data/new_solution/boundary_probe/boundary_20260624_161614/boundary_detail_1975BEL_GRU2995-3000_21_20260624T162300_37099567d9ee.html,37099567d9ee28bdb2009c23fecf67452ca04f55eaaa07d9df51a640b5209136,2026-06-24T16:23:00.136210+00:00,"repair-v1: legacy Detail is not accepted: retryable HTTP 500",1,2026-08-03T14:27:20.913892+00:00
https://kinetics.nist.gov/solution/Detail?id=1975BIS/CUN137-144:5,queued,500,unknown,data/new_solution/boundary_probe/boundary_20260624_161614/boundary_detail_1975BIS_CUN137-144_5_20260624T170541_cc8f33677f0f.html,cc8f33677f0fbd5c338e724be4747c8aaccf142dcf9d012dad5947076815844e,2026-06-24T17:05:41.590954+00:00,"repair-v1: legacy Detail is not accepted: retryable HTTP 500",1,2026-08-03T14:27:20.913892+00:00
https://kinetics.nist.gov/solution/Detail?id=1975BLA/KYA2277-2287:2,queued,500,unknown,data/new_solution/boundary_probe/boundary_20260624_161614/boundary_detail_1975BLA_KYA2277-2287_2_20260624T164411_4c0d171d3f6d.html,4c0d171d3f6dd014aa80cdcab09552fc9bbd727302ac382961d7d9025254e9be,2026-06-24T16:44:11.062037+00:00,"repair-v1: legacy Detail is not accepted: retryable HTTP 500",1,2026-08-03T14:27:20.913892+00:00
https://kinetics.nist.gov/solution/Detail?id=1975BRA/WAG597-604:7,queued,500,unknown,data/new_solution/boundary_probe/boundary_20260625_071124/boundary_detail_1975BRA_WAG597-604_7_20260625T071929_029804db0c72.html,029804db0c7214869e02c67657cf563aac12248ed83e374ad97c23f064646566,2026-06-25T07:19:29.727499+00:00,"repair-v1: legacy Detail is not accepted: retryable HTTP 500",1,2026-08-03T14:27:20.913892+00:00
https://kinetics.nist.gov/solution/Detail?id=1975BRE/HEL513-521:4,queued,500,unknown,data/new_solution/boundary_probe/boundary_20260624_161614/boundary_detail_1975BRE_HEL513-521_4_20260624T165725_c5ee9a6f4917.html,c5ee9a6f4917ae10713a313b36241f6bbbfd730fc075dbef34fc32983731bad7,2026-06-24T16:57:25.483271+00:00,"repair-v1: legacy Detail is not accepted: retryable HTTP 500",1,2026-08-03T14:27:20.913892+00:00
https://kinetics.nist.gov/solution/Detail?id=1975BRI/HAR739-745:4,queued,500,unknown,data/new_solution/boundary_probe/boundary_20260624_161614/boundary_detail_1975BRI_HAR739-745_4_20260624T165038_d982b18d43f4.html,d982b18d43f412677be94e6fc9dad2977af856ec144211624943951a87cf87ac,2026-06-24T16:50:38.683048+00:00,"repair-v1: legacy Detail is not accepted: retryable HTTP 500",1,2026-08-03T14:27:20.913892+00:00
https://kinetics.nist.gov/solution/Detail?id=1975BUT/JAY215-222:5,queued,500,unknown,data/new_solution/boundary_probe/boundary_20260624_161614/boundary_detail_1975BUT_JAY215-222_5_20260624T164454_0c5208208663.html,0c5208208663dad46fbd6a975d5379f8ee654eaf255e156d5fc59979e2cbd318,2026-06-24T16:44:54.347437+00:00,"repair-v1: legacy Detail is not accepted: retryable HTTP 500",1,2026-08-03T14:27:20.913892+00:00
https://kinetics.nist.gov/solution/Detail?id=1975BUX/SEL558-568:27,queued,500,unknown,data/new_solution/boundary_probe/boundary_20260624_161614/boundary_detail_1975BUX_SEL558-568_27_20260624T164132_156d2c21ec91.html,156d2c21ec917013d13556d3bd7639d9ac8ac3a897976ad6a6cb3bbbd3778588,2026-06-24T16:41:32.344646+00:00,"repair-v1: legacy Detail is not accepted: retryable HTTP 500",1,2026-08-03T14:27:20.913892+00:00
https://kinetics.nist.gov/solution/Detail?id=1975BYS/KAR353-356:6,queued,500,unknown,data/new_solution/boundary_probe/boundary_20260624_155905/boundary_detail_1975BYS_KAR353-356_6_20260624T160418_5ab6befa88a4.html,5ab6befa88a45af34c494cd37cb849a6763136ef103b1315e7792767338212d6,2026-06-24T16:04:18.335387+00:00,"repair-v1: legacy Detail is not accepted: retryable HTTP 500",0,2026-08-03T14:27:20.913892+00:00
https://kinetics.nist.gov/solution/Detail?id=1975BYT/GUR48-52:2,queued,500,unknown,data/new_solution/boundary_probe/boundary_20260621_101630/boundary_detail_1975BYT_GUR48-52_2_20260621T101710_783ad56e1f03.html,783ad56e1f031574e04713c9df19bf0c7c38215b38e021c296db8ac765183c9b,2026-06-21T10:17:10.453740+00:00,"repair-v1: legacy Detail is not accepted: retryable HTTP 500",0,2026-08-03T14:27:20.913892+00:00
https://kinetics.nist.gov/solution/Detail?id=1975BYT/GUR48-52:3,queued,500,unknown,data/new_solution/boundary_probe/boundary_20260624_161614/boundary_detail_1975BYT_GUR48-52_3_20260624T165910_f13e6aa25e96.html,f13e6aa25e96573d967316ef5549dee0dfa0e8272cb481b3ad0a582f1af3fb7a,2026-06-24T16:59:10.805323+00:00,"repair-v1: legacy Detail is not accepted: retryable HTTP 500",1,2026-08-03T14:27:20.913892+00:00
https://kinetics.nist.gov/solution/Detail?id=1975CHE/GRA2052-2057:2,queued,500,unknown,data/new_solution/boundary_probe/boundary_20260625_071124/boundary_detail_1975CHE_GRA2052-2057_2_20260625T071527_86fe36740ec4.html,86fe36740ec4a57fadef15aa13a0037d06031bf729627849900edf18b360795e,2026-06-25T07:15:27.305938+00:00,"repair-v1: legacy Detail is not accepted: retryable HTTP 500",1,2026-08-03T14:27:20.913892+00:00
https://kinetics.nist.gov/solution/Detail?id=1975CHE/HOF1911-1912:9,queued,500,unknown,data/new_solution/boundary_probe/boundary_20260624_161614/boundary_detail_1975CHE_HOF1911-1912_9_20260624T162240_10c704da48f1.html,10c704da48f1ef64e8510b36ca61f25b334334d83bda5bc6c8ab1ca65ed667c7,2026-06-24T16:22:40.984932+00:00,"repair-v1: legacy Detail is not accepted: retryable HTTP 500",1,2026-08-03T14:27:20.913892+00:00
https://kinetics.nist.gov/solution/Detail?id=1975CRE/SUT2858-2862:3,queued,500,unknown,data/new_solution/boundary_probe/boundary_20260624_161614/boundary_detail_1975CRE_SUT2858-2862_3_20260624T161953_043b0e39aeff.html,043b0e39aeffa6b9d8ab8fc73afbc103b2f80a0c9fb6667d9b7fe7b59f7f01be,2026-06-24T16:19:53.865660+00:00,"repair-v1: legacy Detail is not accepted: retryable HTTP 500",1,2026-08-03T14:27:20.913892+00:00
https://kinetics.nist.gov/solution/Detail?id=1975ERI33-40:3,queued,500,unknown,data/new_solution/boundary_probe/boundary_20260624_155905/boundary_detail_1975ERI33-40_3_20260624T160059_5657dcbac492.html,5657dcbac492d0843e74533e37d0908f9fd852f3cedad2b23067f69526254c3a,2026-06-24T16:00:59.540271+00:00,"repair-v1: legacy Detail is not accepted: retryable HTTP 500",0,2026-08-03T14:27:20.913892+00:00
https://kinetics.nist.gov/solution/Detail?id=1975FAR285-308B:2,queued,500,unknown,data/new_solution/boundary_probe/boundary_20260624_161614/boundary_detail_1975FAR285-308B_2_20260624T164401_7e1a3ec0e30a.html,7e1a3ec0e30aab80d991c2c94888c8a74cc1db4e9ea5db7661a213c4479b91ec,2026-06-24T16:44:01.444485+00:00,"repair-v1: legacy Detail is not accepted: retryable HTTP 500",1,2026-08-03T14:27:20.913892+00:00
https://kinetics.nist.gov/solution/Detail?id=1975FEL/MON525-532:4,queued,500,unknown,data/new_solution/boundary_probe/boundary_20260624_161614/boundary_detail_1975FEL_MON525-532_4_20260624T170337_084f49717ac9.html,084f49717ac9aa222d0d31d8313db4eeb865b359be755260e715e4541230c35d,2026-06-24T17:03:37.605829+00:00,"repair-v1: legacy Detail is not accepted: retryable HTTP 500",1,2026-08-03T14:27:20.913892+00:00
https://kinetics.nist.gov/solution/Detail?id=1975GIL/NOR885-891:15,queued,500,unknown,data/new_solution/boundary_probe/boundary_20260624_161614/boundary_detail_1975GIL_NOR885-891_15_20260624T163232_fcf7c8206d8a.html,fcf7c8206d8ac4be4c9c8d8637c4b242cd5883845d47d1a662fef4160ddaf99f,2026-06-24T16:32:32.660454+00:00,"repair-v1: legacy Detail is not accepted: retryable HTTP 500",1,2026-08-03T14:27:20.913892+00:00
https://kinetics.nist.gov/solution/Detail?id=1975KEM/MOO1638-1641:2,queued,500,unknown,data/new_solution/boundary_probe/boundary_20260624_161614/boundary_detail_1975KEM_MOO1638-1641_2_20260624T164820_1ff96028d209.html,1ff96028d20911f009fa1d1b4ad3bdceb1a65ad68d3d162158f684b8dcb197f6,2026-06-24T16:48:20.514773+00:00,"repair-v1: legacy Detail is not accepted: retryable HTTP 500",1,2026-08-03T14:27:20.913892+00:00
https://kinetics.nist.gov/solution/Detail?id=1975KLA/OLS473-485:3,queued,500,unknown,data/new_solution/boundary_probe/boundary_20260624_161614/boundary_detail_1975KLA_OLS473-485_3_20260624T161732_aaf0e7aa4487.html,aaf0e7aa4487921aafb8f1e61bb63d48e0edbb78c873a693a3cc9d8342e17af1,2026-06-24T16:17:32.970145+00:00,"repair-v1: legacy Detail is not accepted: retryable HTTP 500",1,2026-08-03T14:27:20.913892+00:00
https://kinetics.nist.gov/solution/Detail?id=1975KUN/MAT565-571:2,queued,500,unknown,data/new_solution/boundary_probe/boundary_20260625_071124/boundary_detail_1975KUN_MAT565-571_2_20260625T071217_d1259f2a6120.html,d1259f2a61207868542f502b9253a896ccd311685dae079d08dbe5796e8f3a7a,2026-06-25T07:12:17.541102+00:00,"repair-v1: legacy Detail is not accepted: retryable HTTP 500",1,2026-08-03T14:27:20.913892+00:00
https://kinetics.nist.gov/solution/Detail?id=1975LIG/PAK2724-2728:9,queued,500,unknown,data/new_solution/boundary_probe/boundary_20260624_161614/boundary_detail_1975LIG_PAK2724-2728_9_20260624T165558_b25c2c07c645.html,b25c2c07c64501c3b2a17743bfd94701bfdc5c62009169972f70881aa39c0930,2026-06-24T16:55:58.843380+00:00,"repair-v1: legacy Detail is not accepted: retryable HTTP 500",1,2026-08-03T14:27:20.913892+00:00
https://kinetics.nist.gov/solution/Detail?id=1975LIN/ERI177-181:2,queued,500,unknown,data/new_solution/boundary_probe/boundary_20260624_161614/boundary_detail_1975LIN_ERI177-181_2_20260624T164844_71df42abfff1.html,71df42abfff1a2ce2f8461960c14bbe34d083a224ab83d969742ba834757509f,2026-06-24T16:48:44.451795+00:00,"repair-v1: legacy Detail is not accepted: retryable HTTP 500",1,2026-08-03T14:27:20.913892+00:00
https://kinetics.nist.gov/solution/Detail?id=1975MOO/HAY2048-2052:7,queued,500,unknown,data/new_solution/boundary_probe/boundary_20260624_161614/boundary_detail_1975MOO_HAY2048-2052_7_20260624T163519_c64379a74e68.html,c64379a74e68009d73486c0732d64ca5196145b232636370ba8873f1e5cef6c4,2026-06-24T16:35:19.954817+00:00,"repair-v1: legacy Detail is not accepted: retryable HTTP 500",1,2026-08-03T14:27:20.913892+00:00
https://kinetics.nist.gov/solution/Detail?id=1975NET/SCH1-6:30,queued,500,unknown,data/nist_solution/archive/o_20260522T072624Z/detail_rr_20260602T094501_544cfa01d37a.html,544cfa01d37a223efbcdee6978e494f23725ac6ae07c0cc0b64bdd0bfed72022,2026-06-02T09:45:01.155532+00:00,"repair-v1: legacy Detail is not accepted: retryable HTTP 500",1,2026-08-03T14:27:20.913892+00:00
https://kinetics.nist.gov/solution/Detail?id=1975NET/SCH912-913:2,queued,500,unknown,data/new_solution/boundary_probe/boundary_20260624_161614/boundary_detail_1975NET_SCH912-913_2_20260624T163315_b8b78c0ec335.html,b8b78c0ec335dee4bd2a1a0039f28c5b51183d8c6dbe97ee4893087722be3b31,2026-06-24T16:33:15.783000+00:00,"repair-v1: legacy Detail is not accepted: retryable HTTP 500",1,2026-08-03T14:27:20.913892+00:00
https://kinetics.nist.gov/solution/Detail?id=1975ONE/SCH387-388:1,queued,500,unknown,data/new_solution/boundary_probe/boundary_20260627_103328/boundary_detail_1975ONE_SCH387-388_1_20260627T103952_bce2b89f111f.html,bce2b89f111fe61883f13dd9be8d40ffe0007642e84e72b26a85172b6dec1366,2026-06-27T10:39:52.759262+00:00,"repair-v1: legacy Detail is not accepted: retryable HTTP 500",2,2026-08-03T14:27:20.913892+00:00
https://kinetics.nist.gov/solution/Detail?id=1975PAS/COB866-873:1,queued,500,unknown,data/new_solution/boundary_probe/boundary_20260625_140556/boundary_detail_1975PAS_COB866-873_1_20260625T140621_8f0eade4f446.html,8f0eade4f4461d91a139f33658eade888bccfd52f41acbf5e18922e4d43bf26b,2026-06-25T14:06:21.057530+00:00,"reset retryable HTTP status from boundary probe",3,2026-06-30T12:08:02.062060+00:00
https://kinetics.nist.gov/solution/Detail?id=1975PHI/POW180-192B:4,queued,500,unknown,data/new_solution/boundary_probe/boundary_20260624_161614/boundary_detail_1975PHI_POW180-192B_4_20260624T165901_32b69fd87a1a.html,32b69fd87a1a7bf3d18ccdc979db77dc0576addb402d6c77e48f0542ae9c26d7,2026-06-24T16:59:01.226081+00:00,"repair-v1: legacy Detail is not accepted: retryable HTTP 500",1,2026-08-03T14:27:20.913892+00:00
https://kinetics.nist.gov/solution/Detail?id=1975POP/RAZ219-223:8,queued,500,unknown,data/new_solution/boundary_probe/boundary_20260625_071124/boundary_detail_1975POP_RAZ219-223_8_20260625T071638_bf5fbafc628e.html,bf5fbafc628ee6e63b6c0484904f90391fe8a467088656f53c425f276307aa82,2026-06-25T07:16:38.356120+00:00,"repair-v1: legacy Detail is not accepted: retryable HTTP 500",1,2026-08-03T14:27:20.913892+00:00
https://kinetics.nist.gov/solution/Detail?id=1975PRI/BRU206-208:2,queued,500,unknown,data/new_solution/boundary_probe/boundary_20260624_155905/boundary_detail_1975PRI_BRU206-208_2_20260624T160446_672ad72d69f6.html,672ad72d69f6021fcab040937cbadd8c5f15f12854758cf9ed9347a19ade3a33,2026-06-24T16:04:46.613940+00:00,"repair-v1: legacy Detail is not accepted: retryable HTTP 500",0,2026-08-03T14:27:20.913892+00:00
https://kinetics.nist.gov/solution/Detail?id=1975RED/WIL389-398:13,queued,500,unknown,data/nist_solution/archive/so4_20260522T072919Z/detail_rr_20260523T131323_7111fc6dd879.html,7111fc6dd879d3bf4b31af2a333858f968b5fdf272f19462459fc7bd3d0c99d2,2026-05-23T13:13:23.133894+00:00,"repair-v1: legacy Detail is not accepted: retryable HTTP 500",1,2026-08-03T14:27:20.913892+00:00
https://kinetics.nist.gov/solution/Detail?id=1975ROS86-90:2,queued,500,unknown,data/new_solution/boundary_probe/boundary_20260624_155905/boundary_detail_1975ROS86-90_2_20260624T160959_324f4b7c6597.html,324f4b7c6597c80174d41ad88abe65bb3a80c71a11190806b934bf53c5a024b5,2026-06-24T16:09:59.693412+00:00,"repair-v1: legacy Detail is not accepted: retryable HTTP 500",0,2026-08-03T14:27:20.913892+00:00
https://kinetics.nist.gov/solution/Detail?id=1975SMI/HER2764-2770:42,queued,500,unknown,data/new_solution/boundary_probe/boundary_20260625_071124/boundary_detail_1975SMI_HER2764-2770_42_20260625T071841_80f0f23bcf7e.html,80f0f23bcf7e47e030fe265e90d033a6108e75241831111a4624ccb0ab1ef45f,2026-06-25T07:18:41.719891+00:00,"repair-v1: legacy Detail is not accepted: retryable HTTP 500",1,2026-08-03T14:27:20.913892+00:00
https://kinetics.nist.gov/solution/Detail?id=1975STE/WIL100-105:2,queued,500,unknown,data/new_solution/boundary_probe/boundary_20260624_155905/boundary_detail_1975STE_WIL100-105_2_20260624T160132_b9efb8396fd4.html,b9efb8396fd466f1f22a9511be642ca5fe7c5c9fd9c49e808f572a4f1efa6e09,2026-06-24T16:01:32.654410+00:00,"repair-v1: legacy Detail is not accepted: retryable HTTP 500",0,2026-08-03T14:27:20.913892+00:00
https://kinetics.nist.gov/solution/Detail?id=1975STO/WAL693-704:32,queued,500,unknown,data/new_solution/boundary_probe/boundary_20260624_155905/boundary_detail_1975STO_WAL693-704_32_20260624T160229_2806aaba8b8a.html,2806aaba8b8a2a0c034837e206f2cfc35879d96207f2ba302d6b21ec18fe3e11,2026-06-24T16:02:29.332825+00:00,"repair-v1: legacy Detail is not accepted: retryable HTTP 500",0,2026-08-03T14:27:20.913892+00:00
https://kinetics.nist.gov/solution/Detail?id=1975TAL/FAR337-346:36,queued,500,unknown,data/new_solution/boundary_probe/boundary_20260624_161614/boundary_detail_1975TAL_FAR337-346_36_20260624T165711_1d860ce4201e.html,1d860ce4201ee3c0ae4a8ef5c290064d677fca64cd1dfb75b519e320c419f6f0,2026-06-24T16:57:11.031711+00:00,"repair-v1: legacy Detail is not accepted: retryable HTTP 500",1,2026-08-03T14:27:20.913892+00:00
https://kinetics.nist.gov/solution/Detail?id=1975VLA/MIL309-311:2,queued,500,unknown,data/new_solution/boundary_probe/boundary_20260624_155905/boundary_detail_1975VLA_MIL309-311_2_20260624T155958_f3ed7e82849e.html,f3ed7e82849e95de1cb52165a6ad4cdb9f9ee0310d6f22d80762d8bd2a56d704,2026-06-24T15:59:58.216250+00:00,"repair-v1: legacy Detail is not accepted: retryable HTTP 500",0,2026-08-03T14:27:20.913892+00:00
https://kinetics.nist.gov/solution/Detail?id=1975ZOL/KAR1229-1235:3,queued,500,unknown,data/new_solution/boundary_probe/boundary_20260624_161614/boundary_detail_1975ZOL_KAR1229-1235_3_20260624T165335_b27334fd4ea8.html,b27334fd4ea8d69faba04ea5edb53566580227373f9960747a17b43c5acf93ed,2026-06-24T16:53:35.281882+00:00,"repair-v1: legacy Detail is not accepted: retryable HTTP 500",1,2026-08-03T14:27:20.913892+00:00
https://kinetics.nist.gov/solution/Detail?id=1976AND969-972:10,queued,500,unknown,data/new_solution/boundary_probe/boundary_20260624_161614/boundary_detail_1976AND969-972_10_20260624T162852_a2017d369cc4.html,a2017d369cc4a5aa8c55098efd9fa9f82b5feb23627393fd6e89391f85878a53,2026-06-24T16:28:52.869262+00:00,"repair-v1: legacy Detail is not accepted: retryable HTTP 500",1,2026-08-03T14:27:20.913892+00:00
https://kinetics.nist.gov/solution/Detail?id=1976BAN/FES1-8:2,queued,500,unknown,data/new_solution/boundary_probe/boundary_20260624_161614/boundary_detail_1976BAN_FES1-8_2_20260624T164537_0c5ac3ef1398.html,0c5ac3ef1398ba67184358c2a79dab226371ecb2127ce6a97961758e88e31ec9,2026-06-24T16:45:37.242988+00:00,"repair-v1: legacy Detail is not accepted: retryable HTTP 500",1,2026-08-03T14:27:20.913892+00:00
https://kinetics.nist.gov/solution/Detail?id=1976BHA/SAH234-243:3,queued,500,unknown,data/new_solution/boundary_probe/boundary_20260624_155905/boundary_detail_1976BHA_SAH234-243_3_20260624T160012_3636152c35da.html,3636152c35daae2a85353d47fbab3ff1da9da3baa6bfce4d3d132e7599f7ac92,2026-06-24T16:00:12.433519+00:00,"repair-v1: legacy Detail is not accepted: retryable HTTP 500",0,2026-08-03T14:27:20.913892+00:00
https://kinetics.nist.gov/solution/Detail?id=1976BOB/SUW527-531:3,queued,500,unknown,data/new_solution/boundary_probe/boundary_20260624_161614/boundary_detail_1976BOB_SUW527-531_3_20260624T165150_66300817008a.html,66300817008a1e9092a10c4c04c697191f185340a5b74db44764cea5ef5c4f9c,2026-06-24T16:51:50.216114+00:00,"repair-v1: legacy Detail is not accepted: retryable HTTP 500",1,2026-08-03T14:27:20.913892+00:00
https://kinetics.nist.gov/solution/Detail?id=1976BRE/HEN973-979:6,queued,500,unknown,data/new_solution/boundary_probe/boundary_20260624_161614/boundary_detail_1976BRE_HEN973-979_6_20260624T162416_372f9b09c909.html,372f9b09c9098d46cb6ba2bb2b1fa0ba2594c422e7cad38eafa90b5705de8d8a,2026-06-24T16:24:16.326666+00:00,"repair-v1: legacy Detail is not accepted: retryable HTTP 500",1,2026-08-03T14:27:20.913892+00:00
https://kinetics.nist.gov/solution/Detail?id=1976BRO/GRO359-365:3,queued,500,unknown,data/new_solution/boundary_probe/boundary_20260624_161614/boundary_detail_1976BRO_GRO359-365_3_20260624T164127_81489869ca01.html,81489869ca0102a12265f6213437c54b79780ddf1ebdac7e5185bc79769e7062,2026-06-24T16:41:27.531143+00:00,"repair-v1: legacy Detail is not accepted: retryable HTTP 500",1,2026-08-03T14:27:20.913892+00:00
https://kinetics.nist.gov/solution/Detail?id=1976BRO/SAN209-212:2,queued,500,unknown,data/new_solution/boundary_probe/boundary_20260624_161614/boundary_detail_1976BRO_SAN209-212_2_20260624T161944_697835a57f2e.html,697835a57f2eca42f1311f2bd355b7c4227affd5a86b21897d994a7449ea3313,2026-06-24T16:19:44.260739+00:00,"repair-v1: legacy Detail is not accepted: retryable HTTP 500",1,2026-08-03T14:27:20.913892+00:00
https://kinetics.nist.gov/solution/Detail?id=1976BRO/STO465-475:15,queued,500,unknown,data/new_solution/boundary_probe/boundary_20260624_161614/boundary_detail_1976BRO_STO465-475_15_20260624T165456_7873eba12a0e.html,7873eba12a0eb6262159a8dae86fc9dead642f8dddeb3649c460b4a26543bf43,2026-06-24T16:54:56.787808+00:00,"repair-v1: legacy Detail is not accepted: retryable HTTP 500",1,2026-08-03T14:27:20.913892+00:00
https://kinetics.nist.gov/solution/Detail?id=1976BRO123-131:3,queued,500,unknown,data/new_solution/boundary_probe/boundary_20260624_161614/boundary_detail_1976BRO123-131_3_20260624T162746_1c19bad55af1.html,1c19bad55af1515d70448253c3901a94f8b49d601b9c72e986c30d2dd31e5b69,2026-06-24T16:27:46.171791+00:00,"repair-v1: legacy Detail is not accepted: retryable HTTP 500",1,2026-08-03T14:27:20.913892+00:00
https://kinetics.nist.gov/solution/Detail?id=1976BUX/SEL1464-1476:24,queued,500,unknown,data/new_solution/boundary_probe/boundary_20260625_071124/boundary_detail_1976BUX_SEL1464-1476_24_20260625T071144_d8409624d39e.html,d8409624d39e096574e1aa301137b9c9815be5adb0776b08f7a588f5d1ab5d6f,2026-06-25T07:11:44.228308+00:00,"repair-v1: legacy Detail is not accepted: retryable HTTP 500",1,2026-08-03T14:27:20.913892+00:00
https://kinetics.nist.gov/solution/Detail?id=1976CLE/LEE2077-2082:5,queued,500,unknown,data/new_solution/boundary_probe/boundary_20260624_161614/boundary_detail_1976CLE_LEE2077-2082_5_20260624T164601_adf8b0f4a6cc.html,adf8b0f4a6cc1775b19f25bb744bae9e1ae04b2d062e02bc2a6308d2cdc2f41c,2026-06-24T16:46:01.251667+00:00,"repair-v1: legacy Detail is not accepted: retryable HTTP 500",1,2026-08-03T14:27:20.913892+00:00
https://kinetics.nist.gov/solution/Detail?id=1976DAH/PER0:4,queued,500,unknown,data/new_solution/boundary_probe/boundary_20260624_155905/boundary_detail_1976DAH_PER0_4_20260624T155943_42eaa60622e7.html,42eaa60622e74a6f32be44eb515d7e55b2df9c351102f0f60c56719fad86eae9,2026-06-24T15:59:43.875859+00:00,"repair-v1: legacy Detail is not accepted: retryable HTTP 500",0,2026-08-03T14:27:20.913892+00:00
https://kinetics.nist.gov/solution/Detail?id=1976FIE/NOY223-229:4,queued,500,unknown,data/new_solution/boundary_probe/boundary_20260624_161614/boundary_detail_1976FIE_NOY223-229_4_20260624T163612_c5c890ba41e1.html,c5c890ba41e1097e0b5364add72d46e78733d5eb951890d804503d7b70bfe836,2026-06-24T16:36:12.443914+00:00,"repair-v1: legacy Detail is not accepted: retryable HTTP 500",1,2026-08-03T14:27:20.913892+00:00
https://kinetics.nist.gov/solution/Detail?id=1976FRA/GRA817-824:2,queued,500,unknown,data/new_solution/boundary_probe/boundary_20260624_155905/boundary_detail_1976FRA_GRA817-824_2_20260624T161121_14fa09d00838.html,14fa09d00838cd5ffb7a06fd914fc5d28bc0f46a53369f551953170dca9fb3b2,2026-06-24T16:11:21.628067+00:00,"repair-v1: legacy Detail is not accepted: retryable HTTP 500",0,2026-08-03T14:27:20.913892+00:00
https://kinetics.nist.gov/solution/Detail?id=1976GOH/GET533-538:3,queued,500,unknown,data/new_solution/boundary_probe/boundary_20260624_161614/boundary_detail_1976GOH_GET533-538_3_20260624T164332_ea6e51092a30.html,ea6e51092a30bb2763da2c942db9d268224dacfc8ba6ead52dd293b6c2a99365,2026-06-24T16:43:32.651458+00:00,"repair-v1: legacy Detail is not accepted: retryable HTTP 500",1,2026-08-03T14:27:20.913892+00:00
https://kinetics.nist.gov/solution/Detail?id=1976GOR/LOV399-403:2,queued,500,unknown,data/new_solution/boundary_probe/boundary_20260625_071124/boundary_detail_1976GOR_LOV399-403_2_20260625T071948_b08442ca13db.html,b08442ca13db8cc5b1eed1b248e06fd8ea8738c8703ed41af733cd74c151a700,2026-06-25T07:19:48.666710+00:00,"repair-v1: legacy Detail is not accepted: retryable HTTP 500",1,2026-08-03T14:27:20.913892+00:00
https://kinetics.nist.gov/solution/Detail?id=1976KOP/VAN157-168:3,queued,500,unknown,data/new_solution/boundary_probe/boundary_20260624_161614/boundary_detail_1976KOP_VAN157-168_3_20260624T163709_b9f1e09af80d.html,b9f1e09af80dafe45d112cbb0b540213372305cc94e8af2390206c731de407b0,2026-06-24T16:37:09.452576+00:00,"repair-v1: legacy Detail is not accepted: retryable HTTP 500",1,2026-08-03T14:27:20.913892+00:00
https://kinetics.nist.gov/solution/Detail?id=1976LIC/GET661-665:7,queued,500,unknown,data/new_solution/boundary_probe/boundary_20260624_161614/boundary_detail_1976LIC_GET661-665_7_20260624T162537_69917514e105.html,69917514e1054b2368b2e8a4ed25d831cee51771dfcd12f00ae1d818d714e324,2026-06-24T16:25:37.451205+00:00,"repair-v1: legacy Detail is not accepted: retryable HTTP 500",1,2026-08-03T14:27:20.913892+00:00
https://kinetics.nist.gov/solution/Detail?id=1976LIL/SHI6516-6520:4,queued,500,unknown,data/new_solution/boundary_probe/boundary_20260625_071124/boundary_detail_1976LIL_SHI6516-6520_4_20260625T071338_c09ed5c0fd0e.html,c09ed5c0fd0e23599e698012358f430c5bb64352bff4145ff1e01e4d67768a17,2026-06-25T07:13:38.473157+00:00,"repair-v1: legacy Detail is not accepted: retryable HTTP 500",1,2026-08-03T14:27:20.913892+00:00
https://kinetics.nist.gov/solution/Detail?id=1976LYN/PUR685-689:6,queued,500,unknown,data/new_solution/boundary_probe/boundary_20260624_161614/boundary_detail_1976LYN_PUR685-689_6_20260624T163704_1fd16152f330.html,1fd16152f330716142a1c1f3dd6aaee45a28f1d3d6e776ee2525c149e29fe686,2026-06-24T16:37:04.563483+00:00,"repair-v1: legacy Detail is not accepted: retryable HTTP 500",1,2026-08-03T14:27:20.913892+00:00
https://kinetics.nist.gov/solution/Detail?id=1976MAS/YOS106-110:13,queued,500,unknown,data/new_solution/boundary_probe/boundary_20260624_161614/boundary_detail_1976MAS_YOS106-110_13_20260624T162644_5e89fdec431a.html,5e89fdec431a48efd2191292fb16908f0ff212d63825a116ca3e2b9ea34c4b17,2026-06-24T16:26:44.083488+00:00,"repair-v1: legacy Detail is not accepted: retryable HTTP 500",1,2026-08-03T14:27:20.913892+00:00
https://kinetics.nist.gov/solution/Detail?id=1976MIH/HEN309-318:2,queued,500,unknown,data/new_solution/boundary_probe/boundary_20260624_161614/boundary_detail_1976MIH_HEN309-318_2_20260624T165344_f04ea4a172bb.html,f04ea4a172bb73afb9694917f057ab1c86d855611f49bc84c193a1117dce6bbb,2026-06-24T16:53:44.907185+00:00,"repair-v1: legacy Detail is not accepted: retryable HTTP 500",1,2026-08-03T14:27:20.913892+00:00
https://kinetics.nist.gov/solution/Detail?id=1976NET/SIM2018-2023:1,queued,500,unknown,data/nist_solution/archive/co2_20260522T071940Z/detail_rr_20260528T073452_8e46339c0332.html,8e46339c033262b0b9cb928e81147792cffe07e8668decb80ffb649ea675eb29,2026-05-28T07:34:52.319031+00:00,"repair-v1: legacy Detail is not accepted: retryable HTTP 500",1,2026-08-03T14:27:20.913892+00:00
https://kinetics.nist.gov/solution/Detail?id=1976NET422-432:6,queued,500,unknown,data/new_solution/boundary_probe/boundary_20260624_155905/boundary_detail_1976NET422-432_6_20260624T160026_89f1e9f9deca.html,89f1e9f9decad603984daf861e00fb282581deee15637b48a70e1db18bccf5b4,2026-06-24T16:00:26.591101+00:00,"repair-v1: legacy Detail is not accepted: retryable HTTP 500",0,2026-08-03T14:27:20.913892+00:00
https://kinetics.nist.gov/solution/Detail?id=1976PAN/MAK377-380:4,queued,500,unknown,data/new_solution/boundary_probe/boundary_20260624_155905/boundary_detail_1976PAN_MAK377-380_4_20260624T160205_9eb41a540721.html,9eb41a54072102fc2bb0d413bae4fb73b00e15068c0a760ebcc5a759d43151c8,2026-06-24T16:02:05.748111+00:00,"repair-v1: legacy Detail is not accepted: retryable HTTP 500",0,2026-08-03T14:27:20.913892+00:00
https://kinetics.nist.gov/solution/Detail?id=1976PRO/HEL288-291:3,queued,500,unknown,data/new_solution/boundary_probe/boundary_20260624_161614/boundary_detail_1976PRO_HEL288-291_3_20260624T165354_a3b355fdaad6.html,a3b355fdaad61429d8b7b3c846b2a11b579c652f048c70bb9b91435a7fe6f366,2026-06-24T16:53:54.438912+00:00,"repair-v1: legacy Detail is not accepted: retryable HTTP 500",1,2026-08-03T14:27:20.913892+00:00
https://kinetics.nist.gov/solution/Detail?id=1976SAL/SOE235-243:2,queued,500,unknown,data/new_solution/boundary_probe/boundary_20260624_161614/boundary_detail_1976SAL_SOE235-243_2_20260624T163330_9c6ac32641e4.html,9c6ac32641e4c9939ae795dab6488a52020236520a07235e79fb1dc71a10a5f4,2026-06-24T16:33:30.094398+00:00,"repair-v1: legacy Detail is not accepted: retryable HTTP 500",1,2026-08-03T14:27:20.913892+00:00
https://kinetics.nist.gov/solution/Detail?id=1976SCH/DOD2543-2548:9,queued,500,unknown,data/new_solution/boundary_probe/boundary_20260625_071124/boundary_detail_1976SCH_DOD2543-2548_9_20260625T071134_2ac453b43a4c.html,2ac453b43a4c8fdab50aadce2f416bc636d682a0c47faf280a7706faa58bfbd3,2026-06-25T07:11:34.731098+00:00,"repair-v1: legacy Detail is not accepted: retryable HTTP 500",1,2026-08-03T14:27:20.913892+00:00
https://kinetics.nist.gov/solution/Detail?id=1976SEL/SIM6145-6150:16,queued,500,unknown,data/new_solution/boundary_probe/boundary_20260624_161614/boundary_detail_1976SEL_SIM6145-6150_16_20260624T164927_2e5aa43f6f91.html,2e5aa43f6f9167c8b4e349b6eeee4f4981014f45f6ff9a1cddca86fc3957d29e,2026-06-24T16:49:27.183022+00:00,"repair-v1: legacy Detail is not accepted: retryable HTTP 500",1,2026-08-03T14:27:20.913892+00:00
https://kinetics.nist.gov/solution/Detail?id=1976SOU/ABD367-372:2,queued,500,unknown,data/new_solution/boundary_probe/boundary_20260624_161614/boundary_detail_1976SOU_ABD367-372_2_20260624T162013_b12c4837204b.html,b12c4837204b42dd975632741d6265cdfb696352ec58ad811903ea41a0ddb483,2026-06-24T16:20:13.320342+00:00,"repair-v1: legacy Detail is not accepted: retryable HTTP 500",1,2026-08-03T14:27:20.913892+00:00
https://kinetics.nist.gov/solution/Detail?id=1976SUZ/NAG600-605:8,queued,500,unknown,data/new_solution/boundary_probe/boundary_20260624_161614/boundary_detail_1976SUZ_NAG600-605_8_20260624T165944_4d33e889d045.html,4d33e889d0454e1fbe499fb64b87f2b171b74a40bf19e387474a59a93ae01354,2026-06-24T16:59:44.073966+00:00,"repair-v1: legacy Detail is not accepted: retryable HTTP 500",1,2026-08-03T14:27:20.913892+00:00
https://kinetics.nist.gov/solution/Detail?id=1976TAI/HOF86-93:44,queued,500,unknown,data/new_solution/boundary_probe/boundary_20260625_071124/boundary_detail_1976TAI_HOF86-93_44_20260625T071628_58b2f39d939c.html,58b2f39d939c628342448e463517c97da25f466423827b3b590aba359e5a3bf5,2026-06-25T07:16:28.919484+00:00,"repair-v1: legacy Detail is not accepted: retryable HTTP 500",1,2026-08-03T14:27:20.913892+00:00
https://kinetics.nist.gov/solution/Detail?id=1976TAI/HOF934-939:62,queued,500,unknown,data/new_solution/boundary_probe/boundary_20260620_190527/boundary_detail_1976TAI_HOF934-939_62_20260620T190740_400b5839e0be.html,400b5839e0bec8c0d03af6d0927d7df8ac5cd1326598b4048dcdbd2032f05555,2026-06-20T19:07:40.456495+00:00,"repair-v1: legacy Detail is not accepted: retryable HTTP 500",0,2026-08-03T14:27:20.913892+00:00
https://kinetics.nist.gov/solution/Detail?id=1976TAI/HOF934-939:63,queued,500,unknown,data/new_solution/boundary_probe/boundary_20260625_071124/boundary_detail_1976TAI_HOF934-939_63_20260625T071652_7d31f9b6593c.html,7d31f9b6593cf4d2c20b317ad0deb887bb87be17a97387410180ec34fed65993,2026-06-25T07:16:52.628922+00:00,"repair-v1: legacy Detail is not accepted: retryable HTTP 500",1,2026-08-03T14:27:20.913892+00:00
https://kinetics.nist.gov/solution/Detail?id=1976WAG/BRA441-464:6,queued,500,unknown,data/new_solution/boundary_probe/boundary_20260624_161614/boundary_detail_1976WAG_BRA441-464_6_20260624T162056_5d1b32c82a9b.html,5d1b32c82a9b7f2ddb9c329008af1b4dd77b87d736ebbea05cd2f9d33f29fe5e,2026-06-24T16:20:56.169130+00:00,"repair-v1: legacy Detail is not accepted: retryable HTTP 500",1,2026-08-03T14:27:20.913892+00:00
https://kinetics.nist.gov/solution/Detail?id=1976WAR/CLA1377-1390:1,queued,500,unknown,data/new_solution/boundary_probe/boundary_20260627_103328/boundary_detail_1976WAR_CLA1377-1390_1_20260627T104659_2ca4d769e448.html,2ca4d769e4489dfbf5d8cd0a4eeda9cf9852df2f75a01621ff70b535dfca23df,2026-06-27T10:46:59.816496+00:00,"repair-v1: legacy Detail is not accepted: retryable HTTP 500",2,2026-08-03T14:27:20.913892+00:00
https://kinetics.nist.gov/solution/Detail?id=1976WIL27-35B:6,queued,500,unknown,data/new_solution/boundary_probe/boundary_20260624_155905/boundary_detail_1976WIL27-35B_6_20260624T160316_43913c0172f6.html,43913c0172f6dc275879dbe5de471a5fae9029e1e8e5d0c01cdf7aa5a400d7ad,2026-06-24T16:03:16.940211+00:00,"repair-v1: legacy Detail is not accepted: retryable HTTP 500",0,2026-08-03T14:27:20.913892+00:00
https://kinetics.nist.gov/solution/Detail?id=1976YOU/BRE36-47B:12,queued,500,unknown,data/new_solution/boundary_probe/boundary_20260624_155905/boundary_detail_1976YOU_BRE36-47B_12_20260624T160921_5d1247f282c0.html,5d1247f282c0ee223c701800dea05dfbd58e55961bfe276c898c945259f218ae,2026-06-24T16:09:21.284213+00:00,"repair-v1: legacy Detail is not accepted: retryable HTTP 500",0,2026-08-03T14:27:20.913892+00:00
https://kinetics.nist.gov/solution/Detail?id=1977AND/PAT523-531:2,queued,500,unknown,data/new_solution/boundary_probe/boundary_20260624_161614/boundary_detail_1977AND_PAT523-531_2_20260624T162727_aa6c42a42e30.html,aa6c42a42e308a2eb341dbc6687a8f7f6875b25868bea410923b278d4627ef04,2026-06-24T16:27:27.124338+00:00,"repair-v1: legacy Detail is not accepted: retryable HTTP 500",1,2026-08-03T14:27:20.913892+00:00
https://kinetics.nist.gov/solution/Detail?id=1977ASA/TAK45-63B:2,queued,500,unknown,data/new_solution/boundary_probe/boundary_20260624_155905/boundary_detail_1977ASA_TAK45-63B_2_20260624T160712_e28d60a20f6e.html,e28d60a20f6ead77f7b5440d1e293c81d447956985525d80003ae4f16505a366,2026-06-24T16:07:12.695789+00:00,"repair-v1: legacy Detail is not accepted: retryable HTTP 500",0,2026-08-03T14:27:20.913892+00:00
https://kinetics.nist.gov/solution/Detail?id=1977BRA/MAU61-75B:2,queued,500,unknown,data/new_solution/boundary_probe/boundary_20260624_161614/boundary_detail_1977BRA_MAU61-75B_2_20260624T163617_6c7f72e5feff.html,6c7f72e5feffe5af624e348a72afb921c6a9a2300c5a479d33be8f2bd53cf57b,2026-06-24T16:36:17.239265+00:00,"repair-v1: legacy Detail is not accepted: retryable HTTP 500",1,2026-08-03T14:27:20.913892+00:00
https://kinetics.nist.gov/solution/Detail?id=1977BRO1-5:6,queued,500,unknown,data/new_solution/boundary_probe/boundary_20260624_161614/boundary_detail_1977BRO1-5_6_20260624T164308_f3d5f847da01.html,f3d5f847da011144a558c31858082382032a8fb51261f34ff939f885216a0a81,2026-06-24T16:43:08.514709+00:00,"repair-v1: legacy Detail is not accepted: retryable HTTP 500",1,2026-08-03T14:27:20.913892+00:00
https://kinetics.nist.gov/solution/Detail?id=1977DAV/TRE178-182:2,queued,500,unknown,data/new_solution/boundary_probe/boundary_20260624_161614/boundary_detail_1977DAV_TRE178-182_2_20260624T162357_c62983357f01.html,c62983357f017a4db5c48224ff81697acc6fd4f9dad3e108a78ae792acf1bf39,2026-06-24T16:23:57.277034+00:00,"repair-v1: legacy Detail is not accepted: retryable HTTP 500",1,2026-08-03T14:27:20.913892+00:00
https://kinetics.nist.gov/solution/Detail?id=1977DZI131-142:2,queued,500,unknown,data/new_solution/boundary_probe/boundary_20260624_161614/boundary_detail_1977DZI131-142_2_20260624T163320_27fb3f268558.html,27fb3f268558c1170c2a16e11d8636d182d22dd336cc1d41f919b9ea58b972c6,2026-06-24T16:33:20.581820+00:00,"repair-v1: legacy Detail is not accepted: retryable HTTP 500",1,2026-08-03T14:27:20.913892+00:00
https://kinetics.nist.gov/solution/Detail?id=1977END/LIL429-439:4,queued,500,unknown,data/new_solution/boundary_probe/boundary_20260625_071124/boundary_detail_1977END_LIL429-439_4_20260625T071444_c63d95cd1c6b.html,c63d95cd1c6b04ab0ac8cc6c2a93c0fda618b3016bc37a84af265465df92abc1,2026-06-25T07:14:44.878107+00:00,"repair-v1: legacy Detail is not accepted: retryable HTTP 500",1,2026-08-03T14:27:20.913892+00:00
https://kinetics.nist.gov/solution/Detail?id=1977ERI/YAT813-817:3,queued,500,unknown,data/new_solution/boundary_probe/boundary_20260624_161614/boundary_detail_1977ERI_YAT813-817_3_20260624T162319_412b6d3b2bcb.html,412b6d3b2bcb2c11a38e357d9089a9df63a8406c04056b6b1589fcac7d76e99e,2026-06-24T16:23:19.178389+00:00,"repair-v1: legacy Detail is not accepted: retryable HTTP 500",1,2026-08-03T14:27:20.913892+00:00
https://kinetics.nist.gov/solution/Detail?id=1977FAL:21,queued,500,unknown,data/new_solution/boundary_probe/boundary_20260625_071124/boundary_detail_1977FAL_21_20260625T071440_9ad6cc59e4a4.html,9ad6cc59e4a4e6ad704448652afc33c15ec2176f7bcbf10ba86a64988bcad4fc,2026-06-25T07:14:40.177610+00:00,"repair-v1: legacy Detail is not accepted: retryable HTTP 500",1,2026-08-03T14:27:20.913892+00:00
https://kinetics.nist.gov/solution/Detail?id=1977FRE/MEY127-128:1,queued,500,unknown,data/new_solution/boundary_probe/boundary_20260625_140556/boundary_detail_1977FRE_MEY127-128_1_20260625T140616_fecdc15bc869.html,fecdc15bc869b50e2485825ed682907c0854976185cf55aa95fbffebda783c21,2026-06-25T14:06:16.405269+00:00,"repair-v1: legacy Detail is not accepted: retryable HTTP 500",3,2026-08-03T14:27:20.913892+00:00
https://kinetics.nist.gov/solution/Detail?id=1977GOH/GET1207-1215:4,queued,500,unknown,data/new_solution/boundary_probe/boundary_20260624_161614/boundary_detail_1977GOH_GET1207-1215_4_20260624T170211_27e8cf5c4e9e.html,27e8cf5c4e9effb4014482112666b44aab080500e1483d37a8c5a8baf0f06e0b,2026-06-24T17:02:11.596939+00:00,"repair-v1: legacy Detail is not accepted: retryable HTTP 500",1,2026-08-03T14:27:20.913892+00:00
https://kinetics.nist.gov/solution/Detail?id=1977GOP/KIN199-203:2,queued,500,unknown,data/new_solution/boundary_probe/boundary_20260624_161614/boundary_detail_1977GOP_KIN199-203_2_20260624T164029_b5645c21d742.html,b5645c21d7421005ffbd9cce0402410751e3583f306029aa5b4bcad93d71b153,2026-06-24T16:40:29.998897+00:00,"repair-v1: legacy Detail is not accepted: retryable HTTP 500",1,2026-08-03T14:27:20.913892+00:00
https://kinetics.nist.gov/solution/Detail?id=1977HAN/SCH2614-2618:4,queued,500,unknown,data/new_solution/boundary_probe/boundary_20260624_161614/boundary_detail_1977HAN_SCH2614-2618_4_20260624T165306_fbe2419e300e.html,fbe2419e300e1f8d626563eaa212583dcbd80baff0b30b54ad9642207a117c52,2026-06-24T16:53:06.571067+00:00,"repair-v1: legacy Detail is not accepted: retryable HTTP 500",1,2026-08-03T14:27:20.913892+00:00
https://kinetics.nist.gov/solution/Detail?id=1977ILA/SHI15-24:3,queued,500,unknown,data/new_solution/boundary_probe/boundary_20260620_190527/boundary_detail_1977ILA_SHI15-24_3_20260620T190602_b59f82b9409c.html,b59f82b9409c88fa77478421861de8bc3bcdd923d2238ad7c68a4741efba627b,2026-06-20T19:06:02.340613+00:00,"repair-v1: legacy Detail is not accepted: retryable HTTP 500",0,2026-08-03T14:27:20.913892+00:00
https://kinetics.nist.gov/solution/Detail?id=1977KAR/POT278-282:2,queued,500,unknown,data/new_solution/boundary_probe/boundary_20260624_155905/boundary_detail_1977KAR_POT278-282_2_20260624T160210_f42fc0d5a202.html,f42fc0d5a2020b7eacaed5a6537b11a0f67cf558ca7189723bc07d9966172d04,2026-06-24T16:02:10.444274+00:00,"repair-v1: legacy Detail is not accepted: retryable HTTP 500",0,2026-08-03T14:27:20.913892+00:00
https://kinetics.nist.gov/solution/Detail?id=1977MAR/NET1622-1625:41,queued,500,unknown,data/new_solution/boundary_probe/boundary_20260624_161614/boundary_detail_1977MAR_NET1622-1625_41_20260624T162911_74a5979a12b8.html,74a5979a12b837c3ea7ec2781c52545f04886c35dabc4b963c0fb6c20976a2b6,2026-06-24T16:29:11.858307+00:00,"repair-v1: legacy Detail is not accepted: retryable HTTP 500",1,2026-08-03T14:27:20.913892+00:00
https://kinetics.nist.gov/solution/Detail?id=1977MAT/MIL819-825B:2,queued,500,unknown,data/new_solution/boundary_probe/boundary_20260624_161614/boundary_detail_1977MAT_MIL819-825B_2_20260624T163500_e60ef39e00e0.html,e60ef39e00e0eedd2949898a8d82a636e152a72fc2f1c46c97252ccf89dd6c69,2026-06-24T16:35:00.754811+00:00,"repair-v1: legacy Detail is not accepted: retryable HTTP 500",1,2026-08-03T14:27:20.913892+00:00
https://kinetics.nist.gov/solution/Detail?id=1977MAT/TOL243-248:6,queued,500,unknown,data/new_solution/boundary_probe/boundary_20260625_071124/boundary_detail_1977MAT_TOL243-248_6_20260625T071241_07675bc242f5.html,07675bc242f5a9f15fe954b16966b19fed7d3f404494329c5877b1a77e947a72,2026-06-25T07:12:41.305449+00:00,"repair-v1: legacy Detail is not accepted: retryable HTTP 500",1,2026-08-03T14:27:20.913892+00:00
https://kinetics.nist.gov/solution/Detail?id=1977MCA/FIE271-274:3,queued,500,unknown,data/new_solution/boundary_probe/boundary_20260624_161614/boundary_detail_1977MCA_FIE271-274_3_20260624T163636_ea02ce4905cc.html,ea02ce4905ccf922336d2f875171fdf244611446cd4819616ef96844543bbe2a,2026-06-24T16:36:36.167246+00:00,"repair-v1: legacy Detail is not accepted: retryable HTTP 500",1,2026-08-03T14:27:20.913892+00:00
https://kinetics.nist.gov/solution/Detail?id=1977MCA697-699:2,queued,500,unknown,data/new_solution/boundary_probe/boundary_20260620_190527/boundary_detail_1977MCA697-699_2_20260620T190745_72a1a0b758e4.html,72a1a0b758e4cbaea3a70f9bb06b5207a1b5baac61c9b94282b8d49ed866bba2,2026-06-20T19:07:45.080763+00:00,"repair-v1: legacy Detail is not accepted: retryable HTTP 500",0,2026-08-03T14:27:20.913892+00:00
https://kinetics.nist.gov/solution/Detail?id=1977MEI/MAT1449-1455:11,queued,500,unknown,data/new_solution/boundary_probe/boundary_20260624_161614/boundary_detail_1977MEI_MAT1449-1455_11_20260624T163436_899574b3a057.html,899574b3a057958ce81bf99c207bfac68722e2435b38f5efa4690422f603ac7d,2026-06-24T16:34:36.964652+00:00,"repair-v1: legacy Detail is not accepted: retryable HTTP 500",1,2026-08-03T14:27:20.913892+00:00
https://kinetics.nist.gov/solution/Detail?id=1977MOO/HAY879-885:14,queued,500,unknown,data/new_solution/boundary_probe/boundary_20260624_161614/boundary_detail_1977MOO_HAY879-885_14_20260624T162930_fbad5faf308e.html,fbad5faf308e486a0c08fc413089f27e3b41a9b31138e817e15e9821c22638bd,2026-06-24T16:29:30.909188+00:00,"repair-v1: legacy Detail is not accepted: retryable HTTP 500",1,2026-08-03T14:27:20.913892+00:00
https://kinetics.nist.gov/solution/Detail?id=1977NET/MAD163-164:19,queued,500,unknown,data/new_solution/boundary_probe/boundary_20260625_071124/boundary_detail_1977NET_MAD163-164_19_20260625T071231_f172737cd6c9.html,f172737cd6c96091b8a9f7ee0dfd2ba79f3b4086ab6ed5ccad3a9f2e85ca5cdb,2026-06-25T07:12:31.700556+00:00,"repair-v1: legacy Detail is not accepted: retryable HTTP 500",1,2026-08-03T14:27:20.913892+00:00
https://kinetics.nist.gov/solution/Detail?id=1977PAT/SMA218-225:3,queued,500,unknown,data/new_solution/boundary_probe/boundary_20260624_161614/boundary_detail_1977PAT_SMA218-225_3_20260624T162003_7058e4ca6669.html,7058e4ca66690065c5933dc80dfa98ff180680e27afd8502b2ecd1581ddbbd1c,2026-06-24T16:20:03.885443+00:00,"repair-v1: legacy Detail is not accepted: retryable HTTP 500",1,2026-08-03T14:27:20.913892+00:00
https://kinetics.nist.gov/solution/Detail?id=1977PIL/SAN23-32:8,queued,500,unknown,data/new_solution/boundary_probe/boundary_20260624_155905/boundary_detail_1977PIL_SAN23-32_8_20260624T160451_3585f4d22899.html,3585f4d228994b471327e0e8fd27a590f923b4c32da513d274f5d8878f47ac9f,2026-06-24T16:04:51.317405+00:00,"repair-v1: legacy Detail is not accepted: retryable HTTP 500",0,2026-08-03T14:27:20.913892+00:00
https://kinetics.nist.gov/solution/Detail?id=1977QUI/BAD195-202:5,queued,500,unknown,data/new_solution/boundary_probe/boundary_20260624_161614/boundary_detail_1977QUI_BAD195-202_5_20260624T170104_01af8ce3c53c.html,01af8ce3c53c68d9c33389fee76a65aba0c16e28ebe026bfa834b1b89b2f11ad,2026-06-24T17:01:04.953067+00:00,"repair-v1: legacy Detail is not accepted: retryable HTTP 500",1,2026-08-03T14:27:20.913892+00:00
https://kinetics.nist.gov/solution/Detail?id=1977RAS/MIC289-290:2,queued,500,unknown,data/new_solution/boundary_probe/boundary_20260624_161614/boundary_detail_1977RAS_MIC289-290_2_20260624T163149_993e1eaa2e1f.html,993e1eaa2e1fe551e0710e5688b2ee944c89210d00ca3859578915a60344caf7,2026-06-24T16:31:49.271728+00:00,"repair-v1: legacy Detail is not accepted: retryable HTTP 500",1,2026-08-03T14:27:20.913892+00:00
https://kinetics.nist.gov/solution/Detail?id=1977SCH/GIL22-25:5,queued,500,unknown,data/new_solution/boundary_probe/boundary_20260624_161614/boundary_detail_1977SCH_GIL22-25_5_20260624T165140_1296f9b5f67e.html,1296f9b5f67e2363f383d1878703b10049789ab88a1cb158b1702cd6fa92e1ff,2026-06-24T16:51:40.706211+00:00,"repair-v1: legacy Detail is not accepted: retryable HTTP 500",1,2026-08-03T14:27:20.913892+00:00
https://kinetics.nist.gov/solution/Detail?id=1977SCH1257-1263:2,queued,500,unknown,data/new_solution/boundary_probe/boundary_20260624_155905/boundary_detail_1977SCH1257-1263_2_20260624T160050_4b4c449473fc.html,4b4c449473fc853d64095ec8fb618f841b5dcde83c39fb7fef14b3e4f25362a6,2026-06-24T16:00:50.147850+00:00,"repair-v1: legacy Detail is not accepted: retryable HTTP 500",0,2026-08-03T14:27:20.913892+00:00
https://kinetics.nist.gov/solution/Detail?id=1977SCH417-433:6,queued,500,unknown,data/new_solution/boundary_probe/boundary_20260624_161614/boundary_detail_1977SCH417-433_6_20260624T163553_8cac811fe8ba.html,8cac811fe8bafb2f056d22cb4509438e9b5280601b1afe0997deff87aa966377,2026-06-24T16:35:53.384480+00:00,"repair-v1: legacy Detail is not accepted: retryable HTTP 500",1,2026-08-03T14:27:20.913892+00:00
https://kinetics.nist.gov/solution/Detail?id=1977SHA/STE161-170:4,queued,500,unknown,data/new_solution/boundary_probe/boundary_20260620_190527/boundary_detail_1977SHA_STE161-170_4_20260620T190822_83689fa42032.html,83689fa42032f56c7335a4e71a688aa3f924cf5a95759ab567b70522b3251765,2026-06-20T19:08:22.385648+00:00,"repair-v1: legacy Detail is not accepted: retryable HTTP 500",0,2026-08-03T14:27:20.913892+00:00
https://kinetics.nist.gov/solution/Detail?id=1977SYS/FOO19-27:5,queued,500,unknown,data/new_solution/boundary_probe/boundary_20260624_155905/boundary_detail_1977SYS_FOO19-27_5_20260624T160930_5322afd298a1.html,5322afd298a1ec59b1a5f1f33be30439d9ee9bb3d6d06bfecf650d3d53594069,2026-06-24T16:09:30.843225+00:00,"repair-v1: legacy Detail is not accepted: retryable HTTP 500",0,2026-08-03T14:27:20.913892+00:00
https://kinetics.nist.gov/solution/Detail?id=1977WAL/BRO77-87:23,queued,500,unknown,data/new_solution/boundary_probe/boundary_20260624_161614/boundary_detail_1977WAL_BRO77-87_23_20260624T162333_ead22c766208.html,ead22c766208e8920464881586f1d7bf291e528a60f671d1aacc83af5765c926,2026-06-24T16:23:33.476912+00:00,"repair-v1: legacy Detail is not accepted: retryable HTTP 500",1,2026-08-03T14:27:20.913892+00:00
https://kinetics.nist.gov/solution/Detail?id=1977WHI335-340:3,queued,500,unknown,data/new_solution/boundary_probe/boundary_20260625_071124/boundary_detail_1977WHI335-340_3_20260625T071551_534dede89f3c.html,534dede89f3ca330f919fd04a64b2a66dd1038de7a551761d8bb302178d6c0e4,2026-06-25T07:15:51.101320+00:00,"repair-v1: legacy Detail is not accepted: retryable HTTP 500",1,2026-08-03T14:27:20.913892+00:00
https://kinetics.nist.gov/solution/Detail?id=1978AND/PAT881-885:3,queued,500,unknown,data/new_solution/boundary_probe/boundary_20260624_161614/boundary_detail_1978AND_PAT881-885_3_20260624T164435_33c2b191bafe.html,33c2b191bafeceda4dcdc5b3b1feed91532b305c54784600496b8d6db1e1f158,2026-06-24T16:44:35.207656+00:00,"repair-v1: legacy Detail is not accepted: retryable HTTP 500",1,2026-08-03T14:27:20.913892+00:00
https://kinetics.nist.gov/solution/Detail?id=1978BAR/THO51-65:7,queued,500,unknown,data/new_solution/boundary_probe/boundary_20260624_161614/boundary_detail_1978BAR_THO51-65_7_20260624T162732_66138a37d94e.html,66138a37d94e7c1d3e5b05ed3e1565e0d15bbda663800e58aea3a2c58438b04a,2026-06-24T16:27:32.015228+00:00,"repair-v1: legacy Detail is not accepted: retryable HTTP 500",1,2026-08-03T14:27:20.913892+00:00
https://kinetics.nist.gov/solution/Detail?id=1978BAU/GRO175-184:2,queued,500,unknown,data/new_solution/boundary_probe/boundary_20260624_161614/boundary_detail_1978BAU_GRO175-184_2_20260624T170109_573550c1c095.html,573550c1c0955b0a9827d08e2811de49b3396039162988bad340201e14e4a5cf,2026-06-24T17:01:09.652026+00:00,"repair-v1: legacy Detail is not accepted: retryable HTTP 500",1,2026-08-03T14:27:20.913892+00:00
https://kinetics.nist.gov/solution/Detail?id=1978BUC/EDW49-59:16,queued,500,unknown,data/new_solution/boundary_probe/boundary_20260624_161614/boundary_detail_1978BUC_EDW49-59_16_20260624T170458_804a6dd7a31d.html,804a6dd7a31d4082d03ac4b7ad19a2857722f4a3b51e2b3e89c2989f5f73aac2,2026-06-24T17:04:58.743900+00:00,"repair-v1: legacy Detail is not accepted: retryable HTTP 500",1,2026-08-03T14:27:20.913892+00:00
https://kinetics.nist.gov/solution/Detail?id=1978BUX/GRE697-714:17,queued,500,unknown,data/new_solution/boundary_probe/boundary_20260624_161614/boundary_detail_1978BUX_GRE697-714_17_20260624T170522_219ee059b622.html,219ee059b622a463fd3e0cb74fbe41e811088e99cff9c86975f1808455a80894,2026-06-24T17:05:22.505955+00:00,"repair-v1: legacy Detail is not accepted: retryable HTTP 500",1,2026-08-03T14:27:20.913892+00:00
https://kinetics.nist.gov/solution/Detail?id=1978CHE:2,queued,500,unknown,data/new_solution/boundary_probe/boundary_20260624_161614/boundary_detail_1978CHE_2_20260624T165929_8fa3101e94da.html,8fa3101e94dace04e16abc5c2709b4fd6dcaa3378f18e285b1c50a0a47239223,2026-06-24T16:59:29.707265+00:00,"repair-v1: legacy Detail is not accepted: retryable HTTP 500",1,2026-08-03T14:27:20.913892+00:00
https://kinetics.nist.gov/solution/Detail?id=1978CHI/DIC6965-6972:3,queued,500,unknown,data/new_solution/boundary_probe/boundary_20260624_161614/boundary_detail_1978CHI_DIC6965-6972_3_20260624T162708_66829472af51.html,66829472af518ef1fd3ab84ce9fc8dfcb8ca407a83bbcb9d3f5ac68660e2d985,2026-06-24T16:27:08.148507+00:00,"repair-v1: legacy Detail is not accepted: retryable HTTP 500",1,2026-08-03T14:27:20.913892+00:00
https://kinetics.nist.gov/solution/Detail?id=1978COP/POW431-438:4,queued,500,unknown,data/new_solution/boundary_probe/boundary_20260624_161614/boundary_detail_1978COP_POW431-438_4_20260624T165033_ec862b20e1c1.html,ec862b20e1c1046f2a9f1899a76694bcc0cd215f9636190a844143b633ab7dc4,2026-06-24T16:50:33.954753+00:00,"repair-v1: legacy Detail is not accepted: retryable HTTP 500",1,2026-08-03T14:27:20.913892+00:00
https://kinetics.nist.gov/solution/Detail?id=1978DAV/MOO11-19:4,queued,500,unknown,data/new_solution/boundary_probe/boundary_20260625_071124/boundary_detail_1978DAV_MOO11-19_4_20260625T071430_424b7da1316d.html,424b7da1316debd0260d97c69248e72fce69371fe88b752bbb95df643d85af1c,2026-06-25T07:14:30.769407+00:00,"repair-v1: legacy Detail is not accepted: retryable HTTP 500",1,2026-08-03T14:27:20.913892+00:00
https://kinetics.nist.gov/solution/Detail?id=1978DEL731-734:3,queued,500,unknown,data/new_solution/boundary_probe/boundary_20260624_161614/boundary_detail_1978DEL731-734_3_20260624T162023_dd00a98b69bf.html,dd00a98b69bf5b701781de96eef7c2e362943a68630cabb7a0d8621c90e27b2b,2026-06-24T16:20:23.018404+00:00,"repair-v1: legacy Detail is not accepted: retryable HTTP 500",1,2026-08-03T14:27:20.913892+00:00
https://kinetics.nist.gov/solution/Detail?id=1978EDI/IOS1197-1198:18,queued,500,unknown,data/new_solution/boundary_probe/boundary_20260624_161614/boundary_detail_1978EDI_IOS1197-1198_18_20260624T165413_fa9ffb89eb03.html,fa9ffb89eb03746fa75b4211c6737e3578d0bb4db8b205a2c9e75b1e768f9862,2026-06-24T16:54:13.595182+00:00,"repair-v1: legacy Detail is not accepted: retryable HTTP 500",1,2026-08-03T14:27:20.913892+00:00
https://kinetics.nist.gov/solution/Detail?id=1978ELR/MEY5540-5548:17,queued,500,unknown,data/new_solution/boundary_probe/boundary_20260624_161614/boundary_detail_1978ELR_MEY5540-5548_17_20260624T162810_49e3ec91733e.html,49e3ec91733e956ae5f162baea9ee2b8fee36325f4cc0bc5d0e60607f6a23fab,2026-06-24T16:28:10.000927+00:00,"repair-v1: legacy Detail is not accepted: retryable HTTP 500",1,2026-08-03T14:27:20.913892+00:00
https://kinetics.nist.gov/solution/Detail?id=1978EVE/JAY418-426:2,queued,500,unknown,data/new_solution/boundary_probe/boundary_20260624_161614/boundary_detail_1978EVE_JAY418-426_2_20260624T164415_e7c1cca3e3fa.html,e7c1cca3e3fa0370993fe9414d21e8cf1b4a3b0417c48494196a9fa8407319b1,2026-06-24T16:44:15.879311+00:00,"repair-v1: legacy Detail is not accepted: retryable HTTP 500",1,2026-08-03T14:27:20.913892+00:00
https://kinetics.nist.gov/solution/Detail?id=1978FER2506-2508:2,queued,500,unknown,data/new_solution/boundary_probe/boundary_20260624_161614/boundary_detail_1978FER2506-2508_2_20260624T163602_4404ac350713.html,4404ac3507138f7be0ff8dacb1450d75928f65c7a371fe5f0bfcef4ccea3ad04,2026-06-24T16:36:02.936112+00:00,"repair-v1: legacy Detail is not accepted: retryable HTTP 500",1,2026-08-03T14:27:20.913892+00:00
https://kinetics.nist.gov/solution/Detail?id=1978GOR/LOV4527-4532:3,queued,500,unknown,data/new_solution/boundary_probe/boundary_20260624_161614/boundary_detail_1978GOR_LOV4527-4532_3_20260624T170532_01972ae27606.html,01972ae27606e460e0ed1915ce6b6fd10ffb4e43c3887ef84a7373b7c4dd1568,2026-06-24T17:05:32.167619+00:00,"repair-v1: legacy Detail is not accepted: retryable HTTP 500",1,2026-08-03T14:27:20.913892+00:00
https://kinetics.nist.gov/solution/Detail?id=1978GOR/MUL294-296:5,queued,500,unknown,data/new_solution/boundary_probe/boundary_20260624_161614/boundary_detail_1978GOR_MUL294-296_5_20260624T164606_252c68d6d1aa.html,252c68d6d1aa2fff4f3d7f157fc580757809f8b15441446d6ce6c6db0cf26ec9,2026-06-24T16:46:06.047416+00:00,"repair-v1: legacy Detail is not accepted: retryable HTTP 500",1,2026-08-03T14:27:20.913892+00:00
https://kinetics.nist.gov/solution/Detail?id=1978GRE/RUD877-880:6,queued,500,unknown,data/new_solution/boundary_probe/boundary_20260624_155905/boundary_detail_1978GRE_RUD877-880_6_20260624T161248_2cfbfcb430b9.html,2cfbfcb430b9bcb799faf8dec7a510b382c2584b9f8721541b2d9ea339f413cb,2026-06-24T16:12:48.624837+00:00,"repair-v1: legacy Detail is not accepted: retryable HTTP 500",0,2026-08-03T14:27:20.913892+00:00
https://kinetics.nist.gov/solution/Detail?id=1978GUP/SIN382-385:4,queued,500,unknown,data/new_solution/boundary_probe/boundary_20260620_190527/boundary_detail_1978GUP_SIN382-385_4_20260620T190735_af513a5158ed.html,af513a5158ede0e10017bd4fab4a8bbb96fe10b271e15910297e5b60792c4a3e,2026-06-20T19:07:35.686091+00:00,"repair-v1: legacy Detail is not accepted: retryable HTTP 500",0,2026-08-03T14:27:20.913892+00:00
https://kinetics.nist.gov/solution/Detail?id=1978HAS/NET854-857:57,queued,500,unknown,data/new_solution/boundary_probe/boundary_20260624_161614/boundary_detail_1978HAS_NET854-857_57_20260624T163432_e355eafb9a5e.html,e355eafb9a5e4ad743ec6f07abe37618867f4f6de78ecb82fe09fee2d6a0396f,2026-06-24T16:34:32.263339+00:00,"repair-v1: legacy Detail is not accepted: retryable HTTP 500",1,2026-08-03T14:27:20.913892+00:00
https://kinetics.nist.gov/solution/Detail?id=1978HER/OUAI451-I454:3,queued,500,unknown,data/new_solution/boundary_probe/boundary_20260624_161614/boundary_detail_1978HER_OUAI451-I454_3_20260624T163213_0d1948040d90.html,0d1948040d9080bdbdf1d1dfd100105000a6daa1b7288388af5d72492f0a4c83,2026-06-24T16:32:13.522914+00:00,"repair-v1: legacy Detail is not accepted: retryable HTTP 500",1,2026-08-03T14:27:20.913892+00:00
https://kinetics.nist.gov/solution/Detail?id=1978HO/KLA238-241:2,queued,500,unknown,data/new_solution/boundary_probe/boundary_20260624_155905/boundary_detail_1978HO_KLA238-241_2_20260624T155934_d2b5b9b93368.html,d2b5b9b93368450924829f97cc75ae470c55c515c622d92197c824d2dd68faf4,2026-06-24T15:59:34.330785+00:00,"repair-v1: legacy Detail is not accepted: retryable HTTP 500",0,2026-08-03T14:27:20.913892+00:00
https://kinetics.nist.gov/solution/Detail?id=1978HOF/OLS2631-2632:3,queued,500,unknown,data/new_solution/boundary_probe/boundary_20260624_155905/boundary_detail_1978HOF_OLS2631-2632_3_20260624T160156_bcacabc7d3f2.html,bcacabc7d3f2f11b5d1c81dc2a8b66ac2d44bca4590c2bf01d5bdc4cedbb2892,2026-06-24T16:01:56.388942+00:00,"repair-v1: legacy Detail is not accepted: retryable HTTP 500",0,2026-08-03T14:27:20.913892+00:00
https://kinetics.nist.gov/solution/Detail?id=1978JAN/TEP361-370:3,queued,500,unknown,data/new_solution/boundary_probe/boundary_20260625_071124/boundary_detail_1978JAN_TEP361-370_3_20260625T071925_c93a95b34711.html,c93a95b347119c24d0f29a4b38f28d6904cb6801ea1e9db4feff701a8b77718f,2026-06-25T07:19:25.018233+00:00,"repair-v1: legacy Detail is not accepted: retryable HTTP 500",1,2026-08-03T14:27:20.913892+00:00
https://kinetics.nist.gov/solution/Detail?id=1978JEF/RIM1908-1912:16,queued,500,unknown,data/new_solution/boundary_probe/boundary_20260624_155905/boundary_detail_1978JEF_RIM1908-1912_16_20260624T160512_244ae741a497.html,244ae741a497f18ddf2006a081671e6c0b7d0c575dab8546a3dddda03307f53f,2026-06-24T16:05:12.784119+00:00,"repair-v1: legacy Detail is not accepted: retryable HTTP 500",0,2026-08-03T14:27:20.913892+00:00
https://kinetics.nist.gov/solution/Detail?id=1978JON/MAT1449-1456:3,queued,500,unknown,data/new_solution/boundary_probe/boundary_20260621_101630/boundary_detail_1978JON_MAT1449-1456_3_20260621T101719_1afc6338d7e7.html,1afc6338d7e7029f0a8cca8e97760b39bc946b5df12f7180b55b4ea877518b69,2026-06-21T10:17:19.993326+00:00,"repair-v1: legacy Detail is not accepted: retryable HTTP 500",0,2026-08-03T14:27:20.913892+00:00
https://kinetics.nist.gov/solution/Detail?id=1978KAL/KIW2720-2730:1,queued,500,unknown,data/new_solution/boundary_probe/boundary_20260625_152102/boundary_detail_1978KAL_KIW2720-2730_1_20260625T152138_1f04fd9dd3da.html,1f04fd9dd3da491af362224a95f014a145256b1c0482a662488f985e7b88a848,2026-06-25T15:21:38.279816+00:00,"reset retryable HTTP status from boundary probe",2,2026-06-25T15:22:47.446712+00:00
https://kinetics.nist.gov/solution/Detail?id=1978KRA9-12:3,queued,500,unknown,data/new_solution/boundary_probe/boundary_20260624_161614/boundary_detail_1978KRA9-12_3_20260624T165818_4d6a5786c9a3.html,4d6a5786c9a32c5a0a18880f5ca8a3b6bdea459ae93f028de6c27c523b63f09c,2026-06-24T16:58:18.183152+00:00,"repair-v1: legacy Detail is not accepted: retryable HTTP 500",1,2026-08-03T14:27:20.913892+00:00
https://kinetics.nist.gov/solution/Detail?id=1978KRE/PAQ359-362:3,queued,500,unknown,data/new_solution/boundary_probe/boundary_20260624_155905/boundary_detail_1978KRE_PAQ359-362_3_20260624T160500_9487cd824d08.html,9487cd824d08140d5c9b3dc38a6fded9483d79cd3b7df1c2b375026a85ba2bca,2026-06-24T16:05:00.770459+00:00,"repair-v1: legacy Detail is not accepted: retryable HTTP 500",0,2026-08-03T14:27:20.913892+00:00
https://kinetics.nist.gov/solution/Detail?id=1978LIL/HEN40p:15,queued,500,unknown,data/new_solution/boundary_probe/boundary_20260620_190527/boundary_detail_1978LIL_HEN40p_15_20260620T190607_08132e41b1af.html,08132e41b1afdbde2290de24a13909002ccd6c81d83dc91b9d65b29a7e4febe2,2026-06-20T19:06:07.021409+00:00,"repair-v1: legacy Detail is not accepted: retryable HTTP 500",0,2026-08-03T14:27:20.913892+00:00
https://kinetics.nist.gov/solution/Detail?id=1978MAD/LEV15-22:1,queued,500,unknown,data/new_solution/boundary_probe/boundary_20260627_103328/boundary_detail_1978MAD_LEV15-22_1_20260627T104651_769a18f508a1.html,769a18f508a1332c82b14e39ffd9fb8cbae8af12d2647edfffd0bd46af3e73ed,2026-06-27T10:46:51.927477+00:00,"repair-v1: legacy Detail is not accepted: retryable HTTP 500",3,2026-08-03T14:27:20.913892+00:00
https://kinetics.nist.gov/solution/Detail?id=1978MEL/SUT970-971:2,queued,500,unknown,data/new_solution/boundary_probe/boundary_20260624_155905/boundary_detail_1978MEL_SUT970-971_2_20260624T160258_e70c673271be.html,e70c673271be70c443a81770ea68951a0d2bf0698b37915bb913bee4075e5518,2026-06-24T16:02:58.035041+00:00,"repair-v1: legacy Detail is not accepted: retryable HTTP 500",0,2026-08-03T14:27:20.913892+00:00
https://kinetics.nist.gov/solution/Detail?id=1978MIH/HEN15-22:2,queued,500,unknown,data/new_solution/boundary_probe/boundary_20260624_161614/boundary_detail_1978MIH_HEN15-22_2_20260624T170050_73f875c75c59.html,73f875c75c590e5d4fd97bc85d856f192fdf590e999d5149df1bf377d5d1c9b0,2026-06-24T17:00:50.675016+00:00,"repair-v1: legacy Detail is not accepted: retryable HTTP 500",1,2026-08-03T14:27:20.913892+00:00
https://kinetics.nist.gov/solution/Detail?id=1978MIL/MIC1359-1362:6,queued,500,unknown,data/new_solution/boundary_probe/boundary_20260624_161614/boundary_detail_1978MIL_MIC1359-1362_6_20260624T162916_3acce49a8357.html,3acce49a835789f872d7e392641b97fb96cb2aa2a7c55f503f288a4ca3e9cb7a,2026-06-24T16:29:16.597463+00:00,"repair-v1: legacy Detail is not accepted: retryable HTTP 500",1,2026-08-03T14:27:20.913892+00:00
https://kinetics.nist.gov/solution/Detail?id=1978PRU/LAN2077-2091:4,queued,500,unknown,data/new_solution/boundary_probe/boundary_20260624_161614/boundary_detail_1978PRU_LAN2077-2091_4_20260624T163203_212182a4bb64.html,212182a4bb641129d3eb114a6020eb8149224b38775d0679b355cebee9ea78d7,2026-06-24T16:32:03.795113+00:00,"repair-v1: legacy Detail is not accepted: retryable HTTP 500",1,2026-08-03T14:27:20.913892+00:00
https://kinetics.nist.gov/solution/Detail?id=1978RAB/MAT1-10:1,queued,500,unknown,data/new_solution/boundary_probe/boundary_20260627_103328/boundary_detail_1978RAB_MAT1-10_1_20260627T104023_46437ca6e2f5.html,46437ca6e2f5c25b3b4553900c69723a835eb196e8530c2d597e3986916e3680,2026-06-27T10:40:23.678233+00:00,"repair-v1: legacy Detail is not accepted: retryable HTTP 500",3,2026-08-03T14:27:20.913892+00:00
https://kinetics.nist.gov/solution/Detail?id=1978ROU/LEP3483-3494:35,queued,500,unknown,data/new_solution/boundary_probe/boundary_20260624_161614/boundary_detail_1978ROU_LEP3483-3494_35_20260624T164303_a31a950a0ffa.html,a31a950a0ffacb84a9bfdc038c110f4f875a9b0b98718bf342ce5b90ed218f59,2026-06-24T16:43:03.809661+00:00,"repair-v1: legacy Detail is not accepted: retryable HTTP 500",1,2026-08-03T14:27:20.913892+00:00
https://kinetics.nist.gov/solution/Detail?id=1978SAU151-154:3,queued,500,unknown,data/new_solution/boundary_probe/boundary_20260624_161614/boundary_detail_1978SAU151-154_3_20260624T163023_eb3135f4ba3b.html,eb3135f4ba3bee7254f9a420e2950d2310d6f75703dbdbc6b802f5548f172a54,2026-06-24T16:30:23.274060+00:00,"repair-v1: legacy Detail is not accepted: retryable HTTP 500",1,2026-08-03T14:27:20.913892+00:00
https://kinetics.nist.gov/solution/Detail?id=1978SHE/KOM2210-2214:2,queued,500,unknown,data/new_solution/boundary_probe/boundary_20260620_190527/boundary_detail_1978SHE_KOM2210-2214_2_20260620T190616_5c6cbd2bc34d.html,5c6cbd2bc34dc24dd8acb0e5ef7909abf69ff7fc23144eff4094e296859d7c67,2026-06-20T19:06:16.415883+00:00,"repair-v1: legacy Detail is not accepted: retryable HTTP 500",0,2026-08-03T14:27:20.913892+00:00
https://kinetics.nist.gov/solution/Detail?id=1978SNY/SAM46-52:15,queued,500,unknown,data/new_solution/boundary_probe/boundary_20260624_161614/boundary_detail_1978SNY_SAM46-52_15_20260624T161934_66ba9689dc62.html,66ba9689dc628d3eb3d48aa4a222f6f791950b6faaf67258b615141db01fee48,2026-06-24T16:19:34.610923+00:00,"repair-v1: legacy Detail is not accepted: retryable HTTP 500",1,2026-08-03T14:27:20.913892+00:00
https://kinetics.nist.gov/solution/Detail?id=1978SUT/SED1961-1964:1,queued,500,unknown,data/new_solution/boundary_probe/boundary_20260627_103328/boundary_detail_1978SUT_SED1961-1964_1_20260627T110433_9c04c1b414a7.html,9c04c1b414a732faa74b3a751597a172bfe4878ec5a7177fb49a0d6bf5314c27,2026-06-27T11:04:33.994621+00:00,"repair-v1: legacy Detail is not accepted: retryable HTTP 500",3,2026-08-03T14:27:20.913892+00:00
https://kinetics.nist.gov/solution/Detail?id=1978THO/FOO683-693:1,queued,500,unknown,data/nist_solution/archive/o2_20260522T072705Z/detail_rr_20260609T171833_ccbcae8397e4.html,ccbcae8397e413b667e30015d7a9f1b1ab03fb36de724401980ffac83a420555,2026-06-09T17:18:33.271593+00:00,"repair-v1: legacy Detail is not accepted: retryable HTTP 500",8,2026-08-03T14:27:20.913892+00:00
https://kinetics.nist.gov/solution/Detail?id=1978THO/FOO683-693:27,queued,500,unknown,data/new_solution/boundary_probe/boundary_20260624_155905/boundary_detail_1978THO_FOO683-693_27_20260624T161155_83fa15f7b384.html,83fa15f7b38485d2d577b7ed1b0debccb500936d8b6cd9784341df963ecd2477,2026-06-24T16:11:55.443197+00:00,"repair-v1: legacy Detail is not accepted: retryable HTTP 500",0,2026-08-03T14:27:20.913892+00:00
https://kinetics.nist.gov/solution/Detail?id=1978WAL/WOO681-685:5,queued,500,unknown,data/new_solution/boundary_probe/boundary_20260624_161614/boundary_detail_1978WAL_WOO681-685_5_20260624T164513_742049238c1f.html,742049238c1f58043d5b9cc81b2c24495e511cd868aaf567a5baccf867c90cd9,2026-06-24T16:45:13.604171+00:00,"repair-v1: legacy Detail is not accepted: retryable HTTP 500",1,2026-08-03T14:27:20.913892+00:00
https://kinetics.nist.gov/solution/Detail?id=1979BRE/HOF2935-2936:3,queued,500,unknown,data/new_solution/boundary_probe/boundary_20260624_161614/boundary_detail_1979BRE_HOF2935-2936_3_20260624T164347_5dc25b6f001e.html,5dc25b6f001e6e8252392c64592c6f999a35c8e5e3cf7f48e88161c892c549c1,2026-06-24T16:43:47.209615+00:00,"repair-v1: legacy Detail is not accepted: retryable HTTP 500",1,2026-08-03T14:27:20.913892+00:00
https://kinetics.nist.gov/solution/Detail?id=1979COH/KIR2763-2766:2,queued,500,unknown,data/new_solution/boundary_probe/boundary_20260624_161614/boundary_detail_1979COH_KIR2763-2766_2_20260624T170551_139800f1d273.html,139800f1d273d8c865bbd2fbc59d8c0a431c56ee67627923690c6d9b4a2a10f6,2026-06-24T17:05:51.049074+00:00,"repair-v1: legacy Detail is not accepted: retryable HTTP 500",1,2026-08-03T14:27:20.913892+00:00
https://kinetics.nist.gov/solution/Detail?id=1979COR/BEI337-341:2,queued,500,unknown,data/new_solution/boundary_probe/boundary_20260624_161614/boundary_detail_1979COR_BEI337-341_2_20260624T165953_1df0d762bb52.html,1df0d762bb52e5c95f6d039e95bff4919f44c698494b26d0c8ca3c674aad3b0d,2026-06-24T16:59:53.752514+00:00,"repair-v1: legacy Detail is not accepted: retryable HTTP 500",1,2026-08-03T14:27:20.913892+00:00
https://kinetics.nist.gov/solution/Detail?id=1979DEG/DEM189-202B:5,queued,500,unknown,data/new_solution/boundary_probe/boundary_20260624_161614/boundary_detail_1979DEG_DEM189-202B_5_20260624T162328_076e506b292f.html,076e506b292fe330531ee779f06b0fc3ace40e80481e85f1f4d9b76352490e1a,2026-06-24T16:23:28.765227+00:00,"repair-v1: legacy Detail is not accepted: retryable HTTP 500",1,2026-08-03T14:27:20.913892+00:00
https://kinetics.nist.gov/solution/Detail?id=1979END/WON450-454:2,queued,500,unknown,data/new_solution/boundary_probe/boundary_20260625_071124/boundary_detail_1979END_WON450-454_2_20260625T071754_e65defdea4b3.html,e65defdea4b3559df430a020ab2156897a14ad9c196d8d7b8ce31f730d659b64,2026-06-25T07:17:54.340348+00:00,"repair-v1: legacy Detail is not accepted: retryable HTTP 500",1,2026-08-03T14:27:20.913892+00:00
https://kinetics.nist.gov/solution/Detail?id=1979GEO/KUM2452-2455:2,queued,500,unknown,data/new_solution/boundary_probe/boundary_20260624_161614/boundary_detail_1979GEO_KUM2452-2455_2_20260624T162610_1715eb2a2336.html,1715eb2a23360d95ac5cfb48ea68cf6b9c3ceda650dfc1ba7ab452e39ec2bb7c,2026-06-24T16:26:10.719542+00:00,"repair-v1: legacy Detail is not accepted: retryable HTTP 500",1,2026-08-03T14:27:20.913892+00:00
https://kinetics.nist.gov/solution/Detail?id=1979GOR/LOV3050-3055:14,queued,500,unknown,data/new_solution/boundary_probe/boundary_20260624_155905/boundary_detail_1979GOR_LOV3050-3055_14_20260624T160745_f03d31c685e5.html,f03d31c685e5efc5dec9b67b1e26ccbd47063cc0fb987f080b71f889f86845ba,2026-06-24T16:07:45.992084+00:00,"repair-v1: legacy Detail is not accepted: retryable HTTP 500",0,2026-08-03T14:27:20.913892+00:00
https://kinetics.nist.gov/solution/Detail?id=1979HOL/SEH879-885:5,queued,500,unknown,data/new_solution/boundary_probe/boundary_20260621_101630/boundary_detail_1979HOL_SEH879-885_5_20260621T101700_d9c145308a1a.html,d9c145308a1a38880f565e45a76235a0a9382dad542f08d2c962a779bee5a301,2026-06-21T10:17:00.832298+00:00,"repair-v1: legacy Detail is not accepted: retryable HTTP 500",0,2026-08-03T14:27:20.913892+00:00
https://kinetics.nist.gov/solution/Detail?id=1979JAA/MEY429-433:7,queued,500,unknown,data/new_solution/boundary_probe/boundary_20260625_071124/boundary_detail_1979JAA_MEY429-433_7_20260625T071513_27212d1e7abb.html,27212d1e7abb37ee7944d3ba52622ffc5a02e0df145c1bf13e7536ec30708a3f,2026-06-25T07:15:13.108182+00:00,"repair-v1: legacy Detail is not accepted: retryable HTTP 500",1,2026-08-03T14:27:20.913892+00:00
https://kinetics.nist.gov/solution/Detail?id=1979KRA29-36:16,queued,500,unknown,data/new_solution/boundary_probe/boundary_20260624_161614/boundary_detail_1979KRA29-36_16_20260624T163344_4df0553b6ab8.html,4df0553b6ab8c38d75b8101b2cf2644acab4c3a0273f1dc62dda78354dbcc070,2026-06-24T16:33:44.590946+00:00,"repair-v1: legacy Detail is not accepted: retryable HTTP 500",1,2026-08-03T14:27:20.913892+00:00
https://kinetics.nist.gov/solution/Detail?id=1979LAN/MAD5106-5107:6,queued,500,unknown,data/nist_solution/archive/o2_20260522T072705Z/detail_rr_20260604T094728_234311241677.html,234311241677a616b5eb1f5c968d57c6e3255c2d96957af68c8d5ad5c4b31f66,2026-06-04T09:47:28.610168+00:00,"repair-v1: legacy Detail is not accepted: retryable HTTP 500",3,2026-08-03T14:27:20.913892+00:00
https://kinetics.nist.gov/solution/Detail?id=1979LEN/ELS374-380:3,queued,500,unknown,data/new_solution/boundary_probe/boundary_20260624_155905/boundary_detail_1979LEN_ELS374-380_3_20260624T161239_7377f7de15de.html,7377f7de15dee4f130b57a87277061b9f92f6b09067576d7e793d702fa75e6a5,2026-06-24T16:12:39.034745+00:00,"repair-v1: legacy Detail is not accepted: retryable HTTP 500",0,2026-08-03T14:27:20.913892+00:00
https://kinetics.nist.gov/solution/Detail?id=1979LI/KUO583-591:2,queued,500,unknown,data/new_solution/boundary_probe/boundary_20260625_071124/boundary_detail_1979LI_KUO583-591_2_20260625T071357_8c500905b1aa.html,8c500905b1aaf54edb9e23b248d1cb1ab7c304357d8b27576cadb072510cfca9,2026-06-25T07:13:57.487523+00:00,"repair-v1: legacy Detail is not accepted: retryable HTTP 500",1,2026-08-03T14:27:20.913892+00:00
https://kinetics.nist.gov/solution/Detail?id=1979LIG/PAR463-471:17,queued,500,unknown,data/new_solution/boundary_probe/boundary_20260624_161614/boundary_detail_1979LIG_PAR463-471_17_20260624T161851_c9f689be367f.html,c9f689be367f480392cdb51ecb8bb7e6e83d11e12b8e02906343dd2461966d1f,2026-06-24T16:18:51.071251+00:00,"repair-v1: legacy Detail is not accepted: retryable HTTP 500",1,2026-08-03T14:27:20.913892+00:00
https://kinetics.nist.gov/solution/Detail?id=1979MAT/LIG933-935:8,queued,500,unknown,data/new_solution/boundary_probe/boundary_20260624_161614/boundary_detail_1979MAT_LIG933-935_8_20260624T162324_84e2f7ecb13c.html,84e2f7ecb13c0cf63c20fb973b4b20401e4bfd755948e494df57a83b501fd857,2026-06-24T16:23:24.057775+00:00,"repair-v1: legacy Detail is not accepted: retryable HTTP 500",1,2026-08-03T14:27:20.913892+00:00
https://kinetics.nist.gov/solution/Detail?id=1979MAT875-878:3,queued,500,unknown,data/new_solution/boundary_probe/boundary_20260624_161614/boundary_detail_1979MAT875-878_3_20260624T162250_075ac49cc647.html,075ac49cc64773a1b417c911258d2b296992e6c0c9f97cffec3d97d5feda6274,2026-06-24T16:22:50.619893+00:00,"repair-v1: legacy Detail is not accepted: retryable HTTP 500",1,2026-08-03T14:27:20.913892+00:00
https://kinetics.nist.gov/solution/Detail?id=1979MEI/SCH971-975:14,queued,500,unknown,data/new_solution/boundary_probe/boundary_20260624_161614/boundary_detail_1979MEI_SCH971-975_14_20260624T162717_00bc3d507c12.html,00bc3d507c126b442e10a657ea4efbb2f2ab9a487a469b933fa8b6b90a0e2a5d,2026-06-24T16:27:17.605207+00:00,"repair-v1: legacy Detail is not accepted: retryable HTTP 500",1,2026-08-03T14:27:20.913892+00:00
https://kinetics.nist.gov/solution/Detail?id=1979MER/SMI2834-2840:11,queued,500,unknown,data/new_solution/boundary_probe/boundary_20260624_161614/boundary_detail_1979MER_SMI2834-2840_11_20260624T164951_f82abfcdb088.html,f82abfcdb08877bfd932c22f430c4795000007014800d4176ff861b81d4aff62,2026-06-24T16:49:51.135317+00:00,"repair-v1: legacy Detail is not accepted: retryable HTTP 500",1,2026-08-03T14:27:20.913892+00:00
https://kinetics.nist.gov/solution/Detail?id=1979MEY/ESP863-864:3,queued,500,unknown,data/new_solution/boundary_probe/boundary_20260624_161614/boundary_detail_1979MEY_ESP863-864_3_20260624T164615_fe82c5e24898.html,fe82c5e248985402e677749d3ca8e33ad83131fc7ac0ba0f0b9129051ca05595,2026-06-24T16:46:15.680447+00:00,"repair-v1: legacy Detail is not accepted: retryable HTTP 500",1,2026-08-03T14:27:20.913892+00:00
https://kinetics.nist.gov/solution/Detail?id=1979MIC/MIL1142-1149:1,queued,500,unknown,data/new_solution/boundary_probe/boundary_20260625_121139/boundary_detail_1979MIC_MIL1142-1149_1_20260625T121900_5f94b3c7d019.html,5f94b3c7d0197fa47c9b087c71c6b1d0844e201cddfa69a56a04d6a8a88574b9,2026-06-25T12:19:00.399248+00:00,"repair-v1: legacy Detail is not accepted: retryable HTTP 500",2,2026-08-03T14:27:20.913892+00:00
https://kinetics.nist.gov/solution/Detail?id=1979MIC/NEN2011-2014:5,queued,500,unknown,data/new_solution/boundary_probe/boundary_20260624_161614/boundary_detail_1979MIC_NEN2011-2014_5_20260624T170332_e9f5f258f7d6.html,e9f5f258f7d684aeca7729a54606e8c3ea56296d5ec569c96f40ac4a6d6b81ab,2026-06-24T17:03:32.763442+00:00,"repair-v1: legacy Detail is not accepted: retryable HTTP 500",1,2026-08-03T14:27:20.913892+00:00
https://kinetics.nist.gov/solution/Detail?id=1979MIY/TOM339-343:2,queued,500,unknown,data/new_solution/boundary_probe/boundary_20260624_161614/boundary_detail_1979MIY_TOM339-343_2_20260624T164049_04ef9e7ba921.html,04ef9e7ba92127a666347cc5aa92b20272405eed16170746227090a67342ba16,2026-06-24T16:40:49.127347+00:00,"repair-v1: legacy Detail is not accepted: retryable HTTP 500",1,2026-08-03T14:27:20.913892+00:00
https://kinetics.nist.gov/solution/Detail?id=1979MON/MRO591-595:25,queued,500,unknown,data/new_solution/boundary_probe/boundary_20260625_071124/boundary_detail_1979MON_MRO591-595_25_20260625T071803_f79a2d494d7b.html,f79a2d494d7b4c5fcdcf44c8195625082371c0742969a15fee8019acd3fc7485,2026-06-25T07:18:03.840376+00:00,"repair-v1: legacy Detail is not accepted: retryable HTTP 500",1,2026-08-03T14:27:20.913892+00:00
https://kinetics.nist.gov/solution/Detail?id=1979MON761-764:25,queued,500,unknown,data/new_solution/boundary_probe/boundary_20260624_161614/boundary_detail_1979MON761-764_25_20260624T170629_e1eb6a5a223b.html,e1eb6a5a223b955913fe27faa60e842c0196ea0999457bb1fbb74d45cfce5d7c,2026-06-24T17:06:29.434751+00:00,"repair-v1: legacy Detail is not accepted: retryable HTTP 500",1,2026-08-03T14:27:20.913892+00:00
https://kinetics.nist.gov/solution/Detail?id=1979OLI/DEW205-212:2,queued,500,unknown,data/new_solution/boundary_probe/boundary_20260624_155905/boundary_detail_1979OLI_DEW205-212_2_20260624T161243_05bcf15275b3.html,05bcf15275b30bb49d94d0bc6bc6d564da58ebc96ff9d8dac819813393c8baa1,2026-06-24T16:12:43.829003+00:00,"repair-v1: legacy Detail is not accepted: retryable HTTP 500",0,2026-08-03T14:27:20.913892+00:00
https://kinetics.nist.gov/solution/Detail?id=1979PAQ/KRE4655-4663:9,queued,500,unknown,data/new_solution/boundary_probe/boundary_20260625_071124/boundary_detail_1979PAQ_KRE4655-4663_9_20260625T071329_a96ea3d22ece.html,a96ea3d22ece25dbde83fe6bf49faa96c08d3b2358a4d5a895b345a87f8fa2e4,2026-06-25T07:13:29.012214+00:00,"repair-v1: legacy Detail is not accepted: retryable HTTP 500",1,2026-08-03T14:27:20.913892+00:00
https://kinetics.nist.gov/solution/Detail?id=1979PEL/MEI6954-6959:4,queued,500,unknown,data/new_solution/boundary_probe/boundary_20260624_161614/boundary_detail_1979PEL_MEI6954-6959_4_20260624T162838_7a6b4a6cc6b6.html,7a6b4a6cc6b6fd089d9a988d7c0dbfb6616c72d95eca4cc8292ea2c10a6444e4,2026-06-24T16:28:38.675993+00:00,"repair-v1: legacy Detail is not accepted: retryable HTTP 500",1,2026-08-03T14:27:20.913892+00:00
https://kinetics.nist.gov/solution/Detail?id=1979RIG/ARG161-164:3,queued,500,unknown,data/new_solution/boundary_probe/boundary_20260624_161614/boundary_detail_1979RIG_ARG161-164_3_20260624T162100_39a7166fe1d1.html,39a7166fe1d1a8921378643fef16b04f59e688819a969c3ea8808a9ccea02a5d,2026-06-24T16:21:00.868390+00:00,"repair-v1: legacy Detail is not accepted: retryable HTTP 500",1,2026-08-03T14:27:20.913892+00:00
https://kinetics.nist.gov/solution/Detail?id=1979SAM/ESP2587-2592:2,queued,500,unknown,data/new_solution/boundary_probe/boundary_20260624_161614/boundary_detail_1979SAM_ESP2587-2592_2_20260624T161747_a4670989d59f.html,a4670989d59ff2d5dbd9fa1055558024e4a3342508907f108c68b3e0de1d0307,2026-06-24T16:17:47.546313+00:00,"repair-v1: legacy Detail is not accepted: retryable HTTP 500",1,2026-08-03T14:27:20.913892+00:00
https://kinetics.nist.gov/solution/Detail?id=1979SHI/SEL179-188B:3,queued,500,unknown,data/new_solution/boundary_probe/boundary_20260624_161614/boundary_detail_1979SHI_SEL179-188B_3_20260624T162444_611c119522ce.html,611c119522ce1b178dc51bc6abe807c7e8ac7cc55db476560005ddd2b18fdc28,2026-06-24T16:24:44.806623+00:00,"repair-v1: legacy Detail is not accepted: retryable HTTP 500",1,2026-08-03T14:27:20.913892+00:00
https://kinetics.nist.gov/solution/Detail?id=1979STE/FAC3511-3519:3,queued,500,unknown,data/new_solution/boundary_probe/boundary_20260624_161614/boundary_detail_1979STE_FAC3511-3519_3_20260624T164635_1fb5f44a612d.html,1fb5f44a612df780af994b95b5fcc8d489fdc23da23ff7ddf35ee3f59d0266a6,2026-06-24T16:46:35.054102+00:00,"repair-v1: legacy Detail is not accepted: retryable HTTP 500",1,2026-08-03T14:27:20.913892+00:00
https://kinetics.nist.gov/solution/Detail?id=1979STE/ONE2407-2412:3,queued,500,unknown,data/new_solution/boundary_probe/boundary_20260624_161614/boundary_detail_1979STE_ONE2407-2412_3_20260624T161958_199e3d4278e4.html,199e3d4278e499e23b8f11bb6eaf7b3509c481a924dbe9efac2b9b4c934a06fe,2026-06-24T16:19:58.780042+00:00,"repair-v1: legacy Detail is not accepted: retryable HTTP 500",1,2026-08-03T14:27:20.913892+00:00
https://kinetics.nist.gov/solution/Detail?id=1979SUK/ERS45-49:8,queued,500,unknown,data/new_solution/boundary_probe/boundary_20260624_161614/boundary_detail_1979SUK_ERS45-49_8_20260624T165121_ca59c64ab783.html,ca59c64ab783e1cc5298e6621bedb7fedbce96980c4465b1a0a58b2ee2d28e8a,2026-06-24T16:51:21.748739+00:00,"repair-v1: legacy Detail is not accepted: retryable HTTP 500",1,2026-08-03T14:27:20.913892+00:00
https://kinetics.nist.gov/solution/Detail?id=1979TAN/CHA715-729:6,queued,500,unknown,data/new_solution/boundary_probe/boundary_20260624_161614/boundary_detail_1979TAN_CHA715-729_6_20260624T162008_5daa235c75b5.html,5daa235c75b55aa73d59b790a9d2d19aafd0828687a4fc2fde198532f2cd1291,2026-06-24T16:20:08.604114+00:00,"repair-v1: legacy Detail is not accepted: retryable HTTP 500",1,2026-08-03T14:27:20.913892+00:00
https://kinetics.nist.gov/solution/Detail?id=1979VAN/TRO394-399:7,queued,500,unknown,data/new_solution/boundary_probe/boundary_20260624_161614/boundary_detail_1979VAN_TRO394-399_7_20260624T164318_d364380be86d.html,d364380be86d19a8e9c180ecc190eced2adc1b4a84c0a10e7da1c90d817e6ad6,2026-06-24T16:43:18.117295+00:00,"repair-v1: legacy Detail is not accepted: retryable HTTP 500",1,2026-08-03T14:27:20.913892+00:00
https://kinetics.nist.gov/solution/Detail?id=1979WHI/LAU334-337:4,queued,500,unknown,data/new_solution/boundary_probe/boundary_20260624_161614/boundary_detail_1979WHI_LAU334-337_4_20260624T163325_d0b1b7ed07bd.html,d0b1b7ed07bd79b020c39701a0e5c36ed81d6cc06b6f09d2bd33217aa35f96e0,2026-06-24T16:33:25.295138+00:00,"repair-v1: legacy Detail is not accepted: retryable HTTP 500",1,2026-08-03T14:27:20.913892+00:00
https://kinetics.nist.gov/solution/Detail?id=1980BEI/MIL966-968:6,queued,500,unknown,data/new_solution/boundary_probe/boundary_20260624_161614/boundary_detail_1980BEI_MIL966-968_6_20260624T161644_732720b730be.html,732720b730be9764a95021442f455f40d770d9ec4932a17fb91c351a24d995ae,2026-06-24T16:16:44.049347+00:00,"repair-v1: legacy Detail is not accepted: retryable HTTP 500",1,2026-08-03T14:27:20.913892+00:00
https://kinetics.nist.gov/solution/Detail?id=1980BEN/SAL129-133:2,queued,500,unknown,data/new_solution/boundary_probe/boundary_20260624_155905/boundary_detail_1980BEN_SAL129-133_2_20260624T160326_792ffe7d0d58.html,792ffe7d0d58cb7eea79d275db49f2413cc9b49fa495d7664c344e69708ce610,2026-06-24T16:03:26.371258+00:00,"repair-v1: legacy Detail is not accepted: retryable HTTP 500",0,2026-08-03T14:27:20.913892+00:00
https://kinetics.nist.gov/solution/Detail?id=1980BOT/SCH1035-1039:3,queued,500,unknown,data/new_solution/boundary_probe/boundary_20260624_155905/boundary_detail_1980BOT_SCH1035-1039_3_20260624T161112_74228976f268.html,74228976f268bd40cc3420db30fa4fde35fca0dc7049ed7353d15c1df6058917,2026-06-24T16:11:12.046794+00:00,"repair-v1: legacy Detail is not accepted: retryable HTTP 500",0,2026-08-03T14:27:20.913892+00:00
https://kinetics.nist.gov/solution/Detail?id=1980BRE/MEH666-672:8,queued,500,unknown,data/new_solution/boundary_probe/boundary_20260624_161614/boundary_detail_1980BRE_MEH666-672_8_20260624T162800_60b32a9fca68.html,60b32a9fca6879e4a49758b947bce9e4a94378541f4e09aa68065079de837520,2026-06-24T16:28:00.366095+00:00,"repair-v1: legacy Detail is not accepted: retryable HTTP 500",1,2026-08-03T14:27:20.913892+00:00
https://kinetics.nist.gov/solution/Detail?id=1980BUI/BAK15-18:4,queued,500,unknown,data/new_solution/boundary_probe/boundary_20260624_161614/boundary_detail_1980BUI_BAK15-18_4_20260624T162959_0177c3222974.html,0177c3222974e43b2e448f1b8d9ae49e79282161a1d3a34b08a86bf49aef6fb2,2026-06-24T16:29:59.564252+00:00,"repair-v1: legacy Detail is not accepted: retryable HTTP 500",1,2026-08-03T14:27:20.913892+00:00
https://kinetics.nist.gov/solution/Detail?id=1980BUI/BAK5-10:4,queued,500,unknown,data/new_solution/boundary_probe/boundary_20260620_190527/boundary_detail_1980BUI_BAK5-10_4_20260620T190534_b2f783b12824.html,b2f783b12824ebe0f2d68030d2179ff18b67110af659c79a876e9335d2e059c7,2026-06-20T19:05:34.543944+00:00,"repair-v1: legacy Detail is not accepted: retryable HTTP 500",0,2026-08-03T14:27:20.913892+00:00
https://kinetics.nist.gov/solution/Detail?id=1980BUT/SYK641-644:2,queued,500,unknown,data/new_solution/boundary_probe/boundary_20260624_161614/boundary_detail_1980BUT_SYK641-644_2_20260624T162741_41bfa8ddf4c9.html,41bfa8ddf4c96ad2391ae429529d073c0124af2ef8357cdac5bc36b5ed62af6e,2026-06-24T16:27:41.468110+00:00,"repair-v1: legacy Detail is not accepted: retryable HTTP 500",1,2026-08-03T14:27:20.913892+00:00
https://kinetics.nist.gov/solution/Detail?id=1980BYT/SAL387-390:12,queued,500,unknown,data/new_solution/boundary_probe/boundary_20260624_161614/boundary_detail_1980BYT_SAL387-390_12_20260624T165544_47ae9d23365e.html,47ae9d23365eb13c5e2fd9e285e95a427437424dc57b4aac98e31bad8bb87b84,2026-06-24T16:55:44.506689+00:00,"repair-v1: legacy Detail is not accepted: retryable HTTP 500",1,2026-08-03T14:27:20.913892+00:00
https://kinetics.nist.gov/solution/Detail?id=1980CHR/SEH183-186:3,queued,500,unknown,data/new_solution/boundary_probe/boundary_20260625_071124/boundary_detail_1980CHR_SEH183-186_3_20260625T071822_0c0832742ff7.html,0c0832742ff7be0633d3d72231e9f3a74cf1cc9d3cd63b90130e4f2339c79b17,2026-06-25T07:18:22.767367+00:00,"repair-v1: legacy Detail is not accepted: retryable HTTP 500",1,2026-08-03T14:27:20.913892+00:00
https://kinetics.nist.gov/solution/Detail?id=1980CZA/SAM129-135:2,queued,500,unknown,data/new_solution/boundary_probe/boundary_20260624_161614/boundary_detail_1980CZA_SAM129-135_2_20260624T165311_986967d77bb9.html,986967d77bb9c65e8029017b2ba272b519d0a835ff8fe860b6df632c3a76d2de,2026-06-24T16:53:11.316130+00:00,"repair-v1: legacy Detail is not accepted: retryable HTTP 500",1,2026-08-03T14:27:20.913892+00:00
https://kinetics.nist.gov/solution/Detail?id=1980DUN/HAR1415-1428:11,queued,500,unknown,data/new_solution/boundary_probe/boundary_20260624_161614/boundary_detail_1980DUN_HAR1415-1428_11_20260624T170356_06ed34ee0f04.html,06ed34ee0f04b1862bcca1cc3056ae0367083889aae7c12774721625a003be88,2026-06-24T17:03:56.748621+00:00,"repair-v1: legacy Detail is not accepted: retryable HTTP 500",1,2026-08-03T14:27:20.913892+00:00
https://kinetics.nist.gov/solution/Detail?id=1980ELL/WIL1-10:4,queued,500,unknown,data/new_solution/boundary_probe/boundary_20260620_190527/boundary_detail_1980ELL_WIL1-10_4_20260620T190639_a4e0161b1708.html,a4e0161b170878aec83fb02cafe4580a753beaf5f5ac923fff991acf39651b10,2026-06-20T19:06:39.648959+00:00,"repair-v1: legacy Detail is not accepted: retryable HTTP 500",0,2026-08-03T14:27:20.913892+00:00
https://kinetics.nist.gov/solution/Detail?id=1980EVE/JAY528-536:4,queued,500,unknown,data/new_solution/boundary_probe/boundary_20260624_155905/boundary_detail_1980EVE_JAY528-536_4_20260624T160031_94c5db236129.html,94c5db236129010f81bac7e66e11a30a898e0cb8c27a6e3cedb0955baeff7022,2026-06-24T16:00:31.273735+00:00,"repair-v1: legacy Detail is not accepted: retryable HTTP 500",0,2026-08-03T14:27:20.913892+00:00
https://kinetics.nist.gov/solution/Detail?id=1980FOR/GIA1170-1171:2,queued,500,unknown,data/new_solution/boundary_probe/boundary_20260625_071124/boundary_detail_1980FOR_GIA1170-1171_2_20260625T071555_14db100af2e5.html,14db100af2e53ff97521e6925413a9a391ecdb02b39d086efd6aad88fba64dff,2026-06-25T07:15:55.761685+00:00,"repair-v1: legacy Detail is not accepted: retryable HTTP 500",1,2026-08-03T14:27:20.913892+00:00
https://kinetics.nist.gov/solution/Detail?id=1980FRE/MEY1825-1837:17,queued,500,unknown,data/new_solution/boundary_probe/boundary_20260624_155905/boundary_detail_1980FRE_MEY1825-1837_17_20260624T160717_91e84acaeee3.html,91e84acaeee3de042eb87594d1ba929a9326465fc5e7e88f4f5e90254fd9d5e3,2026-06-24T16:07:17.379075+00:00,"repair-v1: legacy Detail is not accepted: retryable HTTP 500",0,2026-08-03T14:27:20.913892+00:00
https://kinetics.nist.gov/solution/Detail?id=1980FUO/MUL2985-2989:6,queued,500,unknown,data/new_solution/boundary_probe/boundary_20260624_161614/boundary_detail_1980FUO_MUL2985-2989_6_20260624T165808_8ad1a98de6e2.html,8ad1a98de6e27e3e0f39928a67fe774ace815ddb78be97938a552a8d0f408874,2026-06-24T16:58:08.602615+00:00,"repair-v1: legacy Detail is not accepted: retryable HTTP 500",1,2026-08-03T14:27:20.913892+00:00
https://kinetics.nist.gov/solution/Detail?id=1980FUR/HOW677-680:4,queued,500,unknown,data/new_solution/boundary_probe/boundary_20260624_161614/boundary_detail_1980FUR_HOW677-680_4_20260624T165228_a54d88cb1feb.html,a54d88cb1febc2168ecbfeb9ef0aa57def4cb94f137e5aa4b35fb7c3aa0d844c,2026-06-24T16:52:28.614388+00:00,"repair-v1: legacy Detail is not accepted: retryable HTTP 500",1,2026-08-03T14:27:20.913892+00:00
https://kinetics.nist.gov/solution/Detail?id=1980GAM/STA571-576:2,queued,500,unknown,data/new_solution/boundary_probe/boundary_20260624_161614/boundary_detail_1980GAM_STA571-576_2_20260624T163942_37c95e4fe038.html,37c95e4fe038c0987d197cbe25f4fcaef0c259ed94b4dca300c46cab4c727642,2026-06-24T16:39:42.152598+00:00,"repair-v1: legacy Detail is not accepted: retryable HTTP 500",1,2026-08-03T14:27:20.913892+00:00
https://kinetics.nist.gov/solution/Detail?id=1980HIN/PET7317-7323:2,queued,500,unknown,data/new_solution/boundary_probe/boundary_20260624_161614/boundary_detail_1980HIN_PET7317-7323_2_20260624T162222_20ab42bbb5a7.html,20ab42bbb5a7b3d3dcab9cb3878539dbcffe44a064fda4886318b1cd5a0cef62,2026-06-24T16:22:22.014472+00:00,"repair-v1: legacy Detail is not accepted: retryable HTTP 500",1,2026-08-03T14:27:20.913892+00:00
https://kinetics.nist.gov/solution/Detail?id=1980HOU/GAR270-278:3,queued,500,unknown,data/new_solution/boundary_probe/boundary_20260624_161614/boundary_detail_1980HOU_GAR270-278_3_20260624T164908_a38ef957c122.html,a38ef957c122061e3af2cde47ba5225b8ebb5d9b3fa0cddab983ea5d886f4a34,2026-06-24T16:49:08.180537+00:00,"repair-v1: legacy Detail is not accepted: retryable HTTP 500",1,2026-08-03T14:27:20.913892+00:00
https://kinetics.nist.gov/solution/Detail?id=1980IVA/KUP280-282:2,queued,500,unknown,data/new_solution/boundary_probe/boundary_20260624_161614/boundary_detail_1980IVA_KUP280-282_2_20260624T164351_445796cc40c1.html,445796cc40c12a28b267a50a003fa15f9a78645e469f168e55c37dd1c41346e5,2026-06-24T16:43:51.898925+00:00,"repair-v1: legacy Detail is not accepted: retryable HTTP 500",1,2026-08-03T14:27:20.913892+00:00
https://kinetics.nist.gov/solution/Detail?id=1980KEM/MAR1708-1713:6,queued,500,unknown,data/new_solution/boundary_probe/boundary_20260624_161614/boundary_detail_1980KEM_MAR1708-1713_6_20260624T164322_cf4805050b42.html,cf4805050b42171e16592c430d50147a07d0e21ad0a17603e1d469dc50f0981a,2026-06-24T16:43:22.918379+00:00,"repair-v1: legacy Detail is not accepted: retryable HTTP 500",1,2026-08-03T14:27:20.913892+00:00
https://kinetics.nist.gov/solution/Detail?id=1980KIS/MOO669-676:2,queued,500,unknown,data/new_solution/boundary_probe/boundary_20260624_155905/boundary_detail_1980KIS_MOO669-676_2_20260624T160809_84b03248ea4f.html,84b03248ea4f88ab3b58b4cb79232d22136f3ca1cd4d827ba35437068e2ac66c,2026-06-24T16:08:09.786309+00:00,"repair-v1: legacy Detail is not accepted: retryable HTTP 500",0,2026-08-03T14:27:20.913892+00:00
https://kinetics.nist.gov/solution/Detail?id=1980KOR/LOU283-288:3,queued,500,unknown,data/new_solution/boundary_probe/boundary_20260621_101630/boundary_detail_1980KOR_LOU283-288_3_20260621T101705_52cb6f57476b.html,52cb6f57476bdaf435f5bdc602315d073ed3962892ca36638d4d429ab0eac5c9,2026-06-21T10:17:05.588467+00:00,"repair-v1: legacy Detail is not accepted: retryable HTTP 500",0,2026-08-03T14:27:20.913892+00:00
https://kinetics.nist.gov/solution/Detail?id=1980KUR/KIT129-135:9,queued,500,unknown,data/new_solution/boundary_probe/boundary_20260624_155905/boundary_detail_1980KUR_KIT129-135_9_20260624T160127_b9e86285ff75.html,b9e86285ff75b0e27111a16ba6ee93ff4f4fde85bbcee8d13aa24a0e314b8f7f,2026-06-24T16:01:27.966690+00:00,"repair-v1: legacy Detail is not accepted: retryable HTTP 500",0,2026-08-03T14:27:20.913892+00:00
https://kinetics.nist.gov/solution/Detail?id=1980LEN/ELS347-356B:2,queued,500,unknown,data/new_solution/boundary_probe/boundary_20260624_161614/boundary_detail_1980LEN_ELS347-356B_2_20260624T164440_cbf1db7b300d.html,cbf1db7b300d35b5a911895fbcd1418bccfdaac0207136157813cc6f77955405,2026-06-24T16:44:40.022965+00:00,"repair-v1: legacy Detail is not accepted: retryable HTTP 500",1,2026-08-03T14:27:20.913892+00:00
https://kinetics.nist.gov/solution/Detail?id=1980LIO/GAN305-309:5,queued,500,unknown,data/new_solution/boundary_probe/boundary_20260625_071124/boundary_detail_1980LIO_GAN305-309_5_20260625T071407_1562c6588ce6.html,1562c6588ce6a89627eebc6577e6d6774f6bab2d31c17c8576357542bf301682,2026-06-25T07:14:07.014456+00:00,"repair-v1: legacy Detail is not accepted: retryable HTTP 500",1,2026-08-03T14:27:20.913892+00:00
https://kinetics.nist.gov/solution/Detail?id=1980MAT/MAS1942-1948:4,queued,500,unknown,data/new_solution/boundary_probe/boundary_20260620_190527/boundary_detail_1980MAT_MAS1942-1948_4_20260620T190531_79c076a4d7e2.html,79c076a4d7e28eb2f61ee5bc649ecb1b9895fa301b3d75e21a496cfcf06de6cf,2026-06-20T19:05:31.052938+00:00,"repair-v1: legacy Detail is not accepted: retryable HTTP 500",0,2026-08-03T14:27:20.913892+00:00
https://kinetics.nist.gov/solution/Detail?id=1980MON321-325:4,queued,500,unknown,data/new_solution/boundary_probe/boundary_20260625_071124/boundary_detail_1980MON321-325_4_20260625T071808_0d2fbadc76cb.html,0d2fbadc76cbee484ea99f8db72f11a70ddcce0773dd3863629a82b3f338c3cd,2026-06-25T07:18:08.591701+00:00,"repair-v1: legacy Detail is not accepted: retryable HTTP 500",1,2026-08-03T14:27:20.913892+00:00
https://kinetics.nist.gov/solution/Detail?id=1980NAT/RAG268-269:1,queued,500,unknown,data/new_solution/boundary_probe/boundary_20260627_103328/boundary_detail_1980NAT_RAG268-269_1_20260627T103506_c8e7dfe0ccab.html,c8e7dfe0ccab36c72544ec3c4800f588f09937053a86b0566a5cf19957136622,2026-06-27T10:35:06.837030+00:00,"repair-v1: legacy Detail is not accepted: retryable HTTP 500",2,2026-08-03T14:27:20.913892+00:00
https://kinetics.nist.gov/solution/Detail?id=1980NAV/PAR159-161:4,queued,500,unknown,data/new_solution/boundary_probe/boundary_20260624_161614/boundary_detail_1980NAV_PAR159-161_4_20260624T164137_f51bd632d72f.html,f51bd632d72fb05e369d8be9a1fea1d4b742edfc35d186e5cf6261bbe8eb5e65,2026-06-24T16:41:37.069701+00:00,"repair-v1: legacy Detail is not accepted: retryable HTTP 500",1,2026-08-03T14:27:20.913892+00:00
https://kinetics.nist.gov/solution/Detail?id=1980NEL/ALD1429-1430:4,queued,500,unknown,data/new_solution/boundary_probe/boundary_20260625_071124/boundary_detail_1980NEL_ALD1429-1430_4_20260625T071208_0f1d3add15e8.html,0f1d3add15e82596b49d1c7fa2e7f6922ee990272694dba1411920ae56d59bfe,2026-06-25T07:12:08.189620+00:00,"repair-v1: legacy Detail is not accepted: retryable HTTP 500",1,2026-08-03T14:27:20.913892+00:00
https://kinetics.nist.gov/solution/Detail?id=1980OHS/SAJ327-338:9,queued,500,unknown,data/new_solution/boundary_probe/boundary_20260624_161614/boundary_detail_1980OHS_SAJ327-338_9_20260624T162615_2d80ae2b336a.html,2d80ae2b336ad7c777d10f41b732ef758d1071fdcf3da090d371e421d14f6085,2026-06-24T16:26:15.432272+00:00,"repair-v1: legacy Detail is not accepted: retryable HTTP 500",1,2026-08-03T14:27:20.913892+00:00
https://kinetics.nist.gov/solution/Detail?id=1980REM/KRA122-126:3,queued,500,unknown,data/new_solution/boundary_probe/boundary_20260624_161614/boundary_detail_1980REM_KRA122-126_3_20260624T163956_3eac1a35e318.html,3eac1a35e318d75b70d5b0df61a102d34665213ec1e1b1427501db7b52bbaf3a,2026-06-24T16:39:56.585250+00:00,"repair-v1: legacy Detail is not accepted: retryable HTTP 500",1,2026-08-03T14:27:20.913892+00:00
https://kinetics.nist.gov/solution/Detail?id=1980SAL/DZH85-87:4,queued,500,unknown,data/new_solution/boundary_probe/boundary_20260624_161614/boundary_detail_1980SAL_DZH85-87_4_20260624T170536_ede414637b24.html,ede414637b2472a17c7c4aba0dd8f12c4fa2b1b38c8bbd6537283b5430696908,2026-06-24T17:05:36.881665+00:00,"repair-v1: legacy Detail is not accepted: retryable HTTP 500",1,2026-08-03T14:27:20.913892+00:00
https://kinetics.nist.gov/solution/Detail?id=1980SCH/GOR611-615:2,queued,500,unknown,data/new_solution/boundary_probe/boundary_20260625_071124/boundary_detail_1980SCH_GOR611-615_2_20260625T071647_21da73dab65c.html,21da73dab65cad8eee561f0e6fdca87bf8d516346afd60436db8fe02a0defc7f,2026-06-25T07:16:47.840174+00:00,"repair-v1: legacy Detail is not accepted: retryable HTTP 500",1,2026-08-03T14:27:20.913892+00:00
https://kinetics.nist.gov/solution/Detail?id=1980SIM17-26B:2,queued,500,unknown,data/new_solution/boundary_probe/boundary_20260624_155905/boundary_detail_1980SIM17-26B_2_20260624T160219_217dcd49eb94.html,217dcd49eb942df211cef6f50c242d388968a9f47fd3d6d9e7a3efae5c904665,2026-06-24T16:02:19.904449+00:00,"repair-v1: legacy Detail is not accepted: retryable HTTP 500",0,2026-08-03T14:27:20.913892+00:00
https://kinetics.nist.gov/solution/Detail?id=1980TEP/JAN169-175:4,queued,500,unknown,data/new_solution/boundary_probe/boundary_20260624_155905/boundary_detail_1980TEP_JAN169-175_4_20260624T160601_71591b10c6eb.html,71591b10c6eb8b32964bc22fe26b848defe07be30adf5ea448c2ec59850e8d7e,2026-06-24T16:06:01.810916+00:00,"repair-v1: legacy Detail is not accepted: retryable HTTP 500",0,2026-08-03T14:27:20.913892+00:00
https://kinetics.nist.gov/solution/Detail?id=1980WEI/BIE4916-4919:2,queued,500,unknown,data/new_solution/boundary_probe/boundary_20260625_071124/boundary_detail_1980WEI_BIE4916-4919_2_20260625T071716_f08090f6d69f.html,f08090f6d69fb9c9014f7ef9412e41bbdf39be4c6f4636b04b2bb3e6c89421df,2026-06-25T07:17:16.345564+00:00,"repair-v1: legacy Detail is not accepted: retryable HTTP 500",1,2026-08-03T14:27:20.913892+00:00
https://kinetics.nist.gov/solution/Detail?id=1980WON/SWI5511-5518:1,queued,500,unknown,data/new_solution/boundary_probe/boundary_20260627_103328/boundary_detail_1980WON_SWI5511-5518_1_20260627T103945_8ef37681b22f.html,8ef37681b22feab7bc10ba3aba24f81159bdc47359b8382770441f7af8889ea5,2026-06-27T10:39:45.084347+00:00,"repair-v1: legacy Detail is not accepted: retryable HTTP 500",2,2026-08-03T14:27:20.913892+00:00
https://kinetics.nist.gov/solution/Detail?id=1980WOR/HAM1651-1654:1,queued,500,unknown,data/new_solution/boundary_probe/boundary_20260627_103328/boundary_detail_1980WOR_HAM1651-1654_1_20260627T104835_0bcbd9890b92.html,0bcbd9890b92ccd05cd7044c7a5baaa719a2134a260a288fee27ffc432e98394,2026-06-27T10:48:35.656135+00:00,"repair-v1: legacy Detail is not accepted: retryable HTTP 500",2,2026-08-03T14:27:20.913892+00:00
https://kinetics.nist.gov/solution/Detail?id=1980WU/WON303-310:2,queued,500,unknown,data/new_solution/boundary_probe/boundary_20260620_190527/boundary_detail_1980WU_WON303-310_2_20260620T190909_1502a5a9e028.html,1502a5a9e028277075084f643d4579ad413cf1f58ecb6af7a1de3bd65a3a62da,2026-06-20T19:09:09.148569+00:00,"repair-v1: legacy Detail is not accepted: retryable HTTP 500",0,2026-08-03T14:27:20.913892+00:00
https://kinetics.nist.gov/solution/Detail?id=1980ZAK/KRE469-472:3,queued,500,unknown,data/new_solution/boundary_probe/boundary_20260625_071124/boundary_detail_1980ZAK_KRE469-472_3_20260625T071744_781b654fd292.html,781b654fd2927fdaa5aab2d9091a7d4d30bce4a4f9b63da3729b77008be54785,2026-06-25T07:17:44.794002+00:00,"repair-v1: legacy Detail is not accepted: retryable HTTP 500",1,2026-08-03T14:27:20.913892+00:00
https://kinetics.nist.gov/solution/Detail?id=1980ZEI/GIN1243-1247:2,queued,500,unknown,data/new_solution/boundary_probe/boundary_20260624_161614/boundary_detail_1980ZEI_GIN1243-1247_2_20260624T161634_7ac96dcba95c.html,7ac96dcba95c0b237b402e6015c0aa54ceb6ae4bd3e3c8fb982873ae0f7581cf,2026-06-24T16:16:34.311238+00:00,"repair-v1: legacy Detail is not accepted: retryable HTTP 500",1,2026-08-03T14:27:20.913892+00:00
https://kinetics.nist.gov/solution/Detail?id=1981BAH/ASM890-895:9,queued,500,unknown,data/new_solution/boundary_probe/boundary_20260624_161614/boundary_detail_1981BAH_ASM890-895_9_20260624T165000_26b83dfefda6.html,26b83dfefda61160b4a09d8cd7bca24c7afdac5274b2e7c2569429a6c0d95733,2026-06-24T16:50:00.628957+00:00,"repair-v1: legacy Detail is not accepted: retryable HTTP 500",1,2026-08-03T14:27:20.913892+00:00
https://kinetics.nist.gov/solution/Detail?id=1981BEH/NET2280-2283:15,queued,500,unknown,data/new_solution/boundary_probe/boundary_20260624_155905/boundary_detail_1981BEH_NET2280-2283_15_20260624T161234_08aa93d648b1.html,08aa93d648b1e69d891640afd460e04c09ec8f45f7d734ebadd6e7849184ec2a,2026-06-24T16:12:34.016642+00:00,"repair-v1: legacy Detail is not accepted: retryable HTTP 500",0,2026-08-03T14:27:20.913892+00:00
https://kinetics.nist.gov/solution/Detail?id=1981BHA/NET1527-1529:5,queued,500,unknown,data/new_solution/boundary_probe/boundary_20260625_071124/boundary_detail_1981BHA_NET1527-1529_5_20260625T071633_cc0a494fec23.html,cc0a494fec23f6780d9708e1b54ba8f2ba4d081b3ca6b2c64a7adefc3c71f329,2026-06-25T07:16:33.642329+00:00,"repair-v1: legacy Detail is not accepted: retryable HTTP 500",1,2026-08-03T14:27:20.913892+00:00
https://kinetics.nist.gov/solution/Detail?id=1981BOB382-388:7,queued,500,unknown,data/new_solution/boundary_probe/boundary_20260624_161614/boundary_detail_1981BOB382-388_7_20260624T163116_9459cf4ac592.html,9459cf4ac5926d31109f3ed9fa412ebc86d686ffc77c1a87c59953dee9b5d15d,2026-06-24T16:31:16.205263+00:00,"repair-v1: legacy Detail is not accepted: retryable HTTP 500",1,2026-08-03T14:27:20.913892+00:00
https://kinetics.nist.gov/solution/Detail?id=1981BRA/NET2705-2710:10,queued,500,unknown,data/new_solution/boundary_probe/boundary_20260624_161614/boundary_detail_1981BRA_NET2705-2710_10_20260624T161629_b22a2555e30c.html,b22a2555e30cd8d977fe5ead4fac938849eae3442e74debdce47bf19897205e0,2026-06-24T16:16:29.512901+00:00,"repair-v1: legacy Detail is not accepted: retryable HTTP 500",1,2026-08-03T14:27:20.913892+00:00
https://kinetics.nist.gov/solution/Detail?id=1981BRU/INF320-326:2,queued,500,unknown,data/new_solution/boundary_probe/boundary_20260624_161614/boundary_detail_1981BRU_INF320-326_2_20260624T165301_ec1cbf812b46.html,ec1cbf812b46d2147db294aadd4ede6bf567616732aad79e269278f2db8a588a,2026-06-24T16:53:01.854586+00:00,"repair-v1: legacy Detail is not accepted: retryable HTTP 500",1,2026-08-03T14:27:20.913892+00:00
https://kinetics.nist.gov/solution/Detail?id=1981CHA/CHO369-379:1,queued,500,unknown,data/new_solution/boundary_probe/boundary_20260627_103328/boundary_detail_1981CHA_CHO369-379_1_20260627T105913_26a59a6cef7e.html,26a59a6cef7ea6a129deb7c3b14308ab9a8eaf48aab137d78d8e182a676e6c50,2026-06-27T10:59:13.739396+00:00,"repair-v1: legacy Detail is not accepted: retryable HTTP 500",2,2026-08-03T14:27:20.913892+00:00
https://kinetics.nist.gov/solution/Detail?id=1981CHA/NAT478-480:6,queued,500,unknown,data/new_solution/boundary_probe/boundary_20260624_161614/boundary_detail_1981CHA_NAT478-480_6_20260624T164156_403bd4a73689.html,403bd4a7368986749b31714f93b7e21062de05e6080253a9191fb21c2d13c228,2026-06-24T16:41:56.303467+00:00,"repair-v1: legacy Detail is not accepted: retryable HTTP 500",1,2026-08-03T14:27:20.913892+00:00
https://kinetics.nist.gov/solution/Detail?id=1981CHA/VIO3449-3456:12,queued,500,unknown,data/new_solution/boundary_probe/boundary_20260624_161614/boundary_detail_1981CHA_VIO3449-3456_12_20260624T165715_c36cf9707827.html,c36cf9707827746b52cdb30842066074990ac08b41083199c1c8e980e4f98586,2026-06-24T16:57:15.742493+00:00,"repair-v1: legacy Detail is not accepted: retryable HTTP 500",1,2026-08-03T14:27:20.913892+00:00
https://kinetics.nist.gov/solution/Detail?id=1981CHE/BUT7796-7797:2,queued,500,unknown,data/new_solution/boundary_probe/boundary_20260625_071124/boundary_detail_1981CHE_BUT7796-7797_2_20260625T071711_90c5ec330318.html,90c5ec33031866024b913d36c5b16d1a23342105872880b1e0d01a8d3f69b375,2026-06-25T07:17:11.634203+00:00,"repair-v1: legacy Detail is not accepted: retryable HTTP 500",1,2026-08-03T14:27:20.913892+00:00
https://kinetics.nist.gov/solution/Detail?id=1981CHR/SEH723-731:3,queued,500,unknown,data/new_solution/boundary_probe/boundary_20260624_155905/boundary_detail_1981CHR_SEH723-731_3_20260624T161126_13820ed2b410.html,13820ed2b410eb5695c181b9cb6827147dad7e7b1031dd49c64df97bfaaaeffc,2026-06-24T16:11:26.420695+00:00,"repair-v1: legacy Detail is not accepted: retryable HTTP 500",0,2026-08-03T14:27:20.913892+00:00
https://kinetics.nist.gov/solution/Detail?id=1981FES2p:4,queued,500,unknown,data/new_solution/boundary_probe/boundary_20260620_190527/boundary_detail_1981FES2p_4_20260620T190817_0327849e1122.html,0327849e112212c2489397632cd04862446e3608d52778ff26669a5222f76f27,2026-06-20T19:08:17.722876+00:00,"repair-v1: legacy Detail is not accepted: retryable HTTP 500",0,2026-08-03T14:27:20.913892+00:00
https://kinetics.nist.gov/solution/Detail?id=1981FUJ/STE2540-2545:6,queued,500,unknown,data/new_solution/boundary_probe/boundary_20260624_155905/boundary_detail_1981FUJ_STE2540-2545_6_20260624T161253_b85f973876f7.html,b85f973876f7f65026f0e7fc8353669a64e5141c2df1203112b04ed591ca4856,2026-06-24T16:12:53.406478+00:00,"repair-v1: legacy Detail is not accepted: retryable HTTP 500",0,2026-08-03T14:27:20.913892+00:00
https://kinetics.nist.gov/solution/Detail?id=1981GOL/HAR379-395B:26,queued,500,unknown,data/new_solution/boundary_probe/boundary_20260624_155905/boundary_detail_1981GOL_HAR379-395B_26_20260624T160935_e342aae9850d.html,e342aae9850d49979c17381c275883be0de99c14c5bae6f15b32e5995ba01c40,2026-06-24T16:09:35.642614+00:00,"repair-v1: legacy Detail is not accepted: retryable HTTP 500",0,2026-08-03T14:27:20.913892+00:00
https://kinetics.nist.gov/solution/Detail?id=1981HAR/WIL1550-1556:2,queued,500,unknown,data/new_solution/boundary_probe/boundary_20260624_161614/boundary_detail_1981HAR_WIL1550-1556_2_20260624T162148_eedd18cb955f.html,eedd18cb955f83d06ffb92d4c22c56242c3a9ac98f6d512fa89dc31fe9357f91,2026-06-24T16:21:48.731348+00:00,"repair-v1: legacy Detail is not accepted: retryable HTTP 500",1,2026-08-03T14:27:20.913892+00:00
https://kinetics.nist.gov/solution/Detail?id=1981HIS/VON63-71:2,queued,500,unknown,data/new_solution/boundary_probe/boundary_20260624_155905/boundary_detail_1981HIS_VON63-71_2_20260624T160007_6efea81d759d.html,6efea81d759dcaa17191acb1b949e22ec9d44f792f7f3ade0696f179b912a668,2026-06-24T16:00:07.688985+00:00,"repair-v1: legacy Detail is not accepted: retryable HTTP 500",0,2026-08-03T14:27:20.913892+00:00
https://kinetics.nist.gov/solution/Detail?id=1981INB/LIN7323-7328:4,queued,500,unknown,data/new_solution/boundary_probe/boundary_20260624_161614/boundary_detail_1981INB_LIN7323-7328_4_20260624T161614_5a76bfee032a.html,5a76bfee032a7b6389567d0996cd1bac052db26f3b9ee29c619a865efb76ebb9,2026-06-24T16:16:14.922481+00:00,"repair-v1: legacy Detail is not accepted: retryable HTTP 500",1,2026-08-03T14:27:20.913892+00:00
https://kinetics.nist.gov/solution/Detail?id=1981KHA/WAL3319-3325:5,queued,500,unknown,data/new_solution/boundary_probe/boundary_20260624_161614/boundary_detail_1981KHA_WAL3319-3325_5_20260624T165632_38e4b2c1b9bf.html,38e4b2c1b9bf76e92cccf1333c7dc0a07e48a73391122bde9790da81f763414e,2026-06-24T16:56:32.736551+00:00,"repair-v1: legacy Detail is not accepted: retryable HTTP 500",1,2026-08-03T14:27:20.913892+00:00
https://kinetics.nist.gov/solution/Detail?id=1981KLA/SEH1707-1718:10,queued,500,unknown,data/new_solution/boundary_probe/boundary_20260624_161614/boundary_detail_1981KLA_SEH1707-1718_10_20260624T161703_52a41bf317b1.html,52a41bf317b19147aab4f1ff4bc9c8c1fd626606ebc19bbd51472d7596d2a910,2026-06-24T16:17:03.452299+00:00,"repair-v1: legacy Detail is not accepted: retryable HTTP 500",1,2026-08-03T14:27:20.913892+00:00
https://kinetics.nist.gov/solution/Detail?id=1981KRU/PSC1-18:8,queued,500,unknown,data/new_solution/boundary_probe/boundary_20260624_155905/boundary_detail_1981KRU_PSC1-18_8_20260624T160215_7510724c8f00.html,7510724c8f00b7784068415838cf2266a5cc467e4e86aa36aad61c1031b39b33,2026-06-24T16:02:15.220119+00:00,"repair-v1: legacy Detail is not accepted: retryable HTTP 500",0,2026-08-03T14:27:20.913892+00:00
https://kinetics.nist.gov/solution/Detail?id=1981KUM/NET2830-2832:4,queued,500,unknown,data/new_solution/boundary_probe/boundary_20260625_071124/boundary_detail_1981KUM_NET2830-2832_4_20260625T071934_d90e8a0e4e6c.html,d90e8a0e4e6ca3114846f1353fb83127bb820c2fcdff097c815a346564cb4f38,2026-06-25T07:19:34.504060+00:00,"repair-v1: legacy Detail is not accepted: retryable HTTP 500",1,2026-08-03T14:27:20.913892+00:00
https://kinetics.nist.gov/solution/Detail?id=1981PAC/MAH901-906:4,queued,500,unknown,data/new_solution/boundary_probe/boundary_20260624_155905/boundary_detail_1981PAC_MAH901-906_4_20260624T160916_d57b017d0630.html,d57b017d0630e48f6d99b056c6d323a0dd52de2d708dd5c0fce3caaab6d205c4,2026-06-24T16:09:16.479553+00:00,"repair-v1: legacy Detail is not accepted: retryable HTTP 500",0,2026-08-03T14:27:20.913892+00:00
https://kinetics.nist.gov/solution/Detail?id=1981PAS/BAN261-267:2,queued,500,unknown,data/new_solution/boundary_probe/boundary_20260625_071124/boundary_detail_1981PAS_BAN261-267_2_20260625T071343_e7bf3b56b8a6.html,e7bf3b56b8a6c95775ce90b94bfe02adb08d3f23104dad81e5489693c9b44f65,2026-06-25T07:13:43.155163+00:00,"repair-v1: legacy Detail is not accepted: retryable HTTP 500",1,2026-08-03T14:27:20.913892+00:00
https://kinetics.nist.gov/solution/Detail?id=1981PIK/SHI987-990:1,queued,500,unknown,data/new_solution/boundary_probe/boundary_20260627_103328/boundary_detail_1981PIK_SHI987-990_1_20260627T104811_c42a8a940b19.html,c42a8a940b1945af554336d044cec392a1f5ef751a507d54d3b257b4091ae7c0,2026-06-27T10:48:11.728679+00:00,"repair-v1: legacy Detail is not accepted: retryable HTTP 500",2,2026-08-03T14:27:20.913892+00:00
https://kinetics.nist.gov/solution/Detail?id=1981PRI39-41:3,queued,500,unknown,data/new_solution/boundary_probe/boundary_20260620_190527/boundary_detail_1981PRI39-41_3_20260620T190625_de152463b0d6.html,de152463b0d62dab6c85bc06415b534b8df13a9e7b3cc964c5989d3e7be5a6e1,2026-06-20T19:06:25.675605+00:00,"repair-v1: legacy Detail is not accepted: retryable HTTP 500",0,2026-08-03T14:27:20.913892+00:00
https://kinetics.nist.gov/solution/Detail?id=1981PRI39-41:4,queued,500,unknown,data/new_solution/boundary_probe/boundary_20260624_161614/boundary_detail_1981PRI39-41_4_20260624T165520_ab63056b567c.html,ab63056b567cc7aafd63284e7d65e4392fd80c63e30ab0231fc337dcfb5923eb,2026-06-24T16:55:20.705798+00:00,"repair-v1: legacy Detail is not accepted: retryable HTTP 500",1,2026-08-03T14:27:20.913892+00:00
https://kinetics.nist.gov/solution/Detail?id=1981PRU/LAN281-292:2,queued,500,unknown,data/new_solution/boundary_probe/boundary_20260624_161614/boundary_detail_1981PRU_LAN281-292_2_20260624T164610_18bc7296e458.html,18bc7296e45800aa6db525c2409dad0e33a3112aa86f6733bbd6b164f03a719e,2026-06-24T16:46:10.977697+00:00,"repair-v1: legacy Detail is not accepted: retryable HTTP 500",1,2026-08-03T14:27:20.913892+00:00
https://kinetics.nist.gov/solution/Detail?id=1981SAP184-187:2,queued,500,unknown,data/new_solution/boundary_probe/boundary_20260624_161614/boundary_detail_1981SAP184-187_2_20260624T165754_6eae3677771e.html,6eae3677771e713bc8bd585f1a0f6caa910ab5ad109f3ec6058f7cabcb9a4fb0,2026-06-24T16:57:54.349188+00:00,"repair-v1: legacy Detail is not accepted: retryable HTTP 500",1,2026-08-03T14:27:20.913892+00:00
https://kinetics.nist.gov/solution/Detail?id=1981SAW/OGA5947-5948:5,queued,500,unknown,data/new_solution/boundary_probe/boundary_20260620_190527/boundary_detail_1981SAW_OGA5947-5948_5_20260620T190730_2e85b19a0885.html,2e85b19a088588521bc857d0810a9cbcb0928c19698874d08e104daee27e540d,2026-06-20T19:07:30.829708+00:00,"repair-v1: legacy Detail is not accepted: retryable HTTP 500",0,2026-08-03T14:27:20.913892+00:00
https://kinetics.nist.gov/solution/Detail?id=1981SCH1p:2,queued,500,unknown,data/new_solution/boundary_probe/boundary_20260624_161614/boundary_detail_1981SCH1p_2_20260624T163645_4a2a9d2c7364.html,4a2a9d2c7364810330ca48a82d02222ef725e74ce6fbb9da29bd34220aceff05,2026-06-24T16:36:45.628248+00:00,"repair-v1: legacy Detail is not accepted: retryable HTTP 500",1,2026-08-03T14:27:20.913892+00:00
https://kinetics.nist.gov/solution/Detail?id=1981SEK/IMA81-89:6,queued,500,unknown,data/new_solution/boundary_probe/boundary_20260624_161614/boundary_detail_1981SEK_IMA81-89_6_20260624T165330_f92246e06761.html,f92246e06761b162b898642c868f83d7433cfbb11c9e890079f2d196eed97662,2026-06-24T16:53:30.362250+00:00,"repair-v1: legacy Detail is not accepted: retryable HTTP 500",1,2026-08-03T14:27:20.913892+00:00
https://kinetics.nist.gov/solution/Detail?id=1981SER/JAM1091-1098:24,queued,500,unknown,data/new_solution/boundary_probe/boundary_20260625_071124/boundary_detail_1981SER_JAM1091-1098_24_20260625T071212_62592545272f.html,62592545272f5cc0dd97a5ba42a3643d11e05be3eaf3c295bcbaf386a5fafeb5,2026-06-25T07:12:12.868399+00:00,"repair-v1: legacy Detail is not accepted: retryable HTTP 500",1,2026-08-03T14:27:20.913892+00:00
https://kinetics.nist.gov/solution/Detail?id=1981TAV/MAR737-740:5,queued,500,unknown,data/new_solution/boundary_probe/boundary_20260624_155905/boundary_detail_1981TAV_MAR737-740_5_20260624T161214_66a99d372b55.html,66a99d372b554da0986b9564e95501c4c0b3504520b91f336819384c99671da9,2026-06-24T16:12:14.723475+00:00,"repair-v1: legacy Detail is not accepted: retryable HTTP 500",0,2026-08-03T14:27:20.913892+00:00
https://kinetics.nist.gov/solution/Detail?id=1981THO1005-1010:2,queued,500,unknown,data/new_solution/boundary_probe/boundary_20260625_152102/boundary_detail_1981THO1005-1010_2_20260625T152110_d49cb0c3e54d.html,d49cb0c3e54dc22b22965c550f20100db7520adb02622799814d630c615ee65f,2026-06-25T15:21:10.017078+00:00,"reset retryable HTTP status from boundary probe",1,2026-06-25T15:22:47.446712+00:00
https://kinetics.nist.gov/solution/Detail?id=1981TIR/BYT682-684:16,queued,500,unknown,data/new_solution/boundary_probe/boundary_20260624_161614/boundary_detail_1981TIR_BYT682-684_16_20260624T170304_5b0e721860fa.html,5b0e721860fa453fa5b1a921ad0bbb483947c02d34b6675ca6b8bd06512167ca,2026-06-24T17:03:04.118770+00:00,"repair-v1: legacy Detail is not accepted: retryable HTTP 500",1,2026-08-03T14:27:20.913892+00:00
https://kinetics.nist.gov/solution/Detail?id=1981VEK/MIR974-981:2,queued,500,unknown,data/new_solution/boundary_probe/boundary_20260624_161614/boundary_detail_1981VEK_MIR974-981_2_20260624T165107_55cd1bb3837e.html,55cd1bb3837e43bc43c28dbd94e24744dbf93d0769b79db26b35433048dd76ef,2026-06-24T16:51:07.419704+00:00,"repair-v1: legacy Detail is not accepted: retryable HTTP 500",1,2026-08-03T14:27:20.913892+00:00
https://kinetics.nist.gov/solution/Detail?id=1981WAS/PIC1069-1073:12,queued,500,unknown,data/new_solution/boundary_probe/boundary_20260624_161614/boundary_detail_1981WAS_PIC1069-1073_12_20260624T164532_cc7448880c5d.html,cc7448880c5d2b1e3e9205d5422755c07eb065def193edfb43644ea872ebea0b,2026-06-24T16:45:32.530888+00:00,"repair-v1: legacy Detail is not accepted: retryable HTTP 500",1,2026-08-03T14:27:20.913892+00:00
https://kinetics.nist.gov/solution/Detail?id=1982ABU/MOO575-581:5,queued,500,unknown,data/new_solution/boundary_probe/boundary_20260624_161614/boundary_detail_1982ABU_MOO575-581_5_20260624T165915_b085393f14da.html,b085393f14da0e96260f7f1d9fa92ebfd93842db48817364baa8ef89d041257d,2026-06-24T16:59:15.553351+00:00,"repair-v1: legacy Detail is not accepted: retryable HTTP 500",1,2026-08-03T14:27:20.913892+00:00
https://kinetics.nist.gov/solution/Detail?id=1982BIE/GEB796-798:2,queued,500,unknown,data/new_solution/boundary_probe/boundary_20260624_161614/boundary_detail_1982BIE_GEB796-798_2_20260624T163548_ec348bfe818d.html,ec348bfe818d267732f7b4d75b839dfa6fb417af92d4a69d66972b6a1d29efb0,2026-06-24T16:35:48.607399+00:00,"repair-v1: legacy Detail is not accepted: retryable HTTP 500",1,2026-08-03T14:27:20.913892+00:00
https://kinetics.nist.gov/solution/Detail?id=1982BRA/NET3405-3410:10,queued,500,unknown,data/new_solution/boundary_probe/boundary_20260625_071124/boundary_detail_1982BRA_NET3405-3410_10_20260625T071124_46feffe5f54e.html,46feffe5f54e97f87d26aad7ce891651fed606c16afc0d8e19bbc9367805d3bb,2026-06-25T07:11:24.734605+00:00,"repair-v1: legacy Detail is not accepted: retryable HTTP 500",1,2026-08-03T14:27:20.913892+00:00
https://kinetics.nist.gov/solution/Detail?id=1982BUT/HAL174-178:10,queued,500,unknown,data/new_solution/boundary_probe/boundary_20260624_161614/boundary_detail_1982BUT_HAL174-178_10_20260624T161816_e33bbc1a9f13.html,e33bbc1a9f13dd0b53cbf01b0af6a82f34c3350ce08744af36420a551270bfc4,2026-06-24T16:18:16.892626+00:00,"repair-v1: legacy Detail is not accepted: retryable HTTP 500",1,2026-08-03T14:27:20.913892+00:00
https://kinetics.nist.gov/solution/Detail?id=1982BUT/KOP10747-10750:5,queued,500,unknown,data/new_solution/boundary_probe/boundary_20260624_155905/boundary_detail_1982BUT_KOP10747-10750_5_20260624T160630_746c77ca558d.html,746c77ca558d457b1ab78b6a7412ac7d8f5df93a265a13bd8bde9cb56c530b89,2026-06-24T16:06:30.291626+00:00,"repair-v1: legacy Detail is not accepted: retryable HTTP 500",0,2026-08-03T14:27:20.913892+00:00
https://kinetics.nist.gov/solution/Detail?id=1982BUT/LAN150-162:1,queued,500,unknown,data/new_solution/boundary_probe/boundary_20260625_121139/boundary_detail_1982BUT_LAN150-162_1_20260625T121821_fc9a050e4dc7.html,fc9a050e4dc7ecada786be1286bef357e37fab05007a730e40fb2e0c1ee0c80b,2026-06-25T12:18:21.258535+00:00,"reset retryable HTTP status from boundary probe",2,2026-07-29T12:26:06.828443+00:00
https://kinetics.nist.gov/solution/Detail?id=1982CHR/SEH1588-1590:3,queued,500,unknown,data/new_solution/boundary_probe/boundary_20260624_155905/boundary_detail_1982CHR_SEH1588-1590_3_20260624T160137_e5e28a97fc18.html,e5e28a97fc18cfe053705442d115688ee6d6d0ff741c0414ac74fb19305eb680,2026-06-24T16:01:37.514370+00:00,"repair-v1: legacy Detail is not accepted: retryable HTTP 500",0,2026-08-03T14:27:20.913892+00:00
https://kinetics.nist.gov/solution/Detail?id=1982COH/NUT943-950:13,queued,500,unknown,data/new_solution/boundary_probe/boundary_20260624_161614/boundary_detail_1982COH_NUT943-950_13_20260624T165404_d30831bdf4de.html,d30831bdf4de2ce1e01f59af3b919dd374c7cde720188240c4fe8cc03c9bbc02,2026-06-24T16:54:04.085509+00:00,"repair-v1: legacy Detail is not accepted: retryable HTTP 500",1,2026-08-03T14:27:20.913892+00:00
https://kinetics.nist.gov/solution/Detail?id=1982CRE/KEL3618-3627:6,queued,500,unknown,data/new_solution/boundary_probe/boundary_20260624_161614/boundary_detail_1982CRE_KEL3618-3627_6_20260624T163849_554dc1187d60.html,554dc1187d600f0b074b2ecf0f353cdb4df2d14d9ae17751b51e17d1693e5ebe,2026-06-24T16:38:49.579240+00:00,"repair-v1: legacy Detail is not accepted: retryable HTTP 500",1,2026-08-03T14:27:20.913892+00:00
https://kinetics.nist.gov/solution/Detail?id=1982DZI/GLO347-354:3,queued,500,unknown,data/new_solution/boundary_probe/boundary_20260624_161614/boundary_detail_1982DZI_GLO347-354_3_20260624T170216_8983127eedb1.html,8983127eedb13ffe2b31441858efcb6d8fe0b3db3048a6b1c4d78353c4e18f5c,2026-06-24T17:02:16.311734+00:00,"repair-v1: legacy Detail is not accepted: retryable HTTP 500",1,2026-08-03T14:27:20.913892+00:00
https://kinetics.nist.gov/solution/Detail?id=1982FOR/BAH255-259:2,queued,500,unknown,data/new_solution/boundary_probe/boundary_20260624_161614/boundary_detail_1982FOR_BAH255-259_2_20260624T161723_0bdc7bce5c20.html,0bdc7bce5c20627677320de65fdd99ff7cfdcf61e2d6be15e427d4ab81360ef8,2026-06-24T16:17:23.230062+00:00,"repair-v1: legacy Detail is not accepted: retryable HTTP 500",1,2026-08-03T14:27:20.913892+00:00
https://kinetics.nist.gov/solution/Detail?id=1982GIL/NOR1439-1445:1,queued,500,unknown,data/new_solution/boundary_probe/boundary_20260625_121139/boundary_detail_1982GIL_NOR1439-1445_1_20260625T121453_23cea4ec92a0.html,23cea4ec92a080c5daafe91260eceb8abd2baf4ef7a4954f5de5c06eb6c9fe26,2026-06-25T12:14:53.739564+00:00,"reset retryable HTTP status from boundary probe",2,2026-07-29T12:26:06.842404+00:00
https://kinetics.nist.gov/solution/Detail?id=1982HAG/BIR887-895:13,queued,500,unknown,data/new_solution/boundary_probe/boundary_20260624_155905/boundary_detail_1982HAG_BIR887-895_13_20260624T160542_cabf8cbae988.html,cabf8cbae98837cda9e7a19cb1dd0e6e614aa47ac4ef5b89fb31f09d06a6dd5f,2026-06-24T16:05:42.879041+00:00,"repair-v1: legacy Detail is not accepted: retryable HTTP 500",0,2026-08-03T14:27:20.913892+00:00
https://kinetics.nist.gov/solution/Detail?id=1982HEI/NAU560-563:2,queued,500,unknown,data/new_solution/boundary_probe/boundary_20260624_161614/boundary_detail_1982HEI_NAU560-563_2_20260624T162653_b24497f54753.html,b24497f54753cb03d26e074ae7a9afa245f52dbd58c065236ad4cc1e270dde78,2026-06-24T16:26:53.922430+00:00,"repair-v1: legacy Detail is not accepted: retryable HTTP 500",1,2026-08-03T14:27:20.913892+00:00
https://kinetics.nist.gov/solution/Detail?id=1982HEN241-246:2,queued,500,unknown,data/new_solution/boundary_probe/boundary_20260624_155905/boundary_detail_1982HEN241-246_2_20260624T155929_b433eb45a362.html,b433eb45a3623930dfdbf8a4c06d92ff4a2ad5f12c17323b2ca5f94c75ee7190,2026-06-24T15:59:29.552548+00:00,"repair-v1: legacy Detail is not accepted: retryable HTTP 500",0,2026-08-03T14:27:20.913892+00:00
https://kinetics.nist.gov/solution/Detail?id=1982INO/MAT2959-2964:17,queued,500,unknown,data/new_solution/boundary_probe/boundary_20260625_071124/boundary_detail_1982INO_MAT2959-2964_17_20260625T071324_37684fc9d660.html,37684fc9d660bf997688b806a5559da74f187d6b2eed7895ac399c6208c3bc42,2026-06-25T07:13:24.210154+00:00,"repair-v1: legacy Detail is not accepted: retryable HTTP 500",1,2026-08-03T14:27:20.913892+00:00
https://kinetics.nist.gov/solution/Detail?id=1982JEF/KOH133-136:29,queued,500,unknown,data/new_solution/boundary_probe/boundary_20260624_161614/boundary_detail_1982JEF_KOH133-136_29_20260624T164058_1fe70b2cdb12.html,1fe70b2cdb1290cd62e4e8dc55d9fb2970242b49b8bd06e2eb187b9d347ba3ef,2026-06-24T16:40:58.691873+00:00,"repair-v1: legacy Detail is not accepted: retryable HTTP 500",1,2026-08-03T14:27:20.913892+00:00
https://kinetics.nist.gov/solution/Detail?id=1982KOL/BEH7311-7312:15,queued,500,unknown,data/new_solution/boundary_probe/boundary_20260624_155905/boundary_detail_1982KOL_BEH7311-7312_15_20260624T155908_5b55be7a41b4.html,5b55be7a41b4d1dc2b21ee7208c6e26984998239eb8918115ab1303e9597c5a9,2026-06-24T15:59:08.819079+00:00,"repair-v1: legacy Detail is not accepted: retryable HTTP 500",0,2026-08-03T14:27:20.913892+00:00
https://kinetics.nist.gov/solution/Detail?id=1982KOL/LIN599-605:2,queued,500,unknown,data/new_solution/boundary_probe/boundary_20260624_161614/boundary_detail_1982KOL_LIN599-605_2_20260624T164337_a6af21ea738f.html,a6af21ea738f2cff8c65fed62e5df5d649530c9e2e9b06f26ad511b97bd818a3,2026-06-24T16:43:37.587410+00:00,"repair-v1: legacy Detail is not accepted: retryable HTTP 500",1,2026-08-03T14:27:20.913892+00:00
https://kinetics.nist.gov/solution/Detail?id=1982KOU/MAR571-572:3,queued,500,unknown,data/new_solution/boundary_probe/boundary_20260624_161614/boundary_detail_1982KOU_MAR571-572_3_20260624T162226_8364923e7c86.html,8364923e7c86f2b9e823ec92be67ab1944eb6c115ef134adc9428d48935342f9,2026-06-24T16:22:26.736260+00:00,"repair-v1: legacy Detail is not accepted: retryable HTTP 500",1,2026-08-03T14:27:20.913892+00:00
https://kinetics.nist.gov/solution/Detail?id=1982LAU/LOD158-162:3,queued,500,unknown,data/new_solution/boundary_probe/boundary_20260624_161614/boundary_detail_1982LAU_LOD158-162_3_20260624T165920_ae1bb1cc241c.html,ae1bb1cc241c642a000810007efe51da4f372bbc42e38873e82721ee603d955a,2026-06-24T16:59:20.269460+00:00,"repair-v1: legacy Detail is not accepted: retryable HTTP 500",1,2026-08-03T14:27:20.913892+00:00
https://kinetics.nist.gov/solution/Detail?id=1982LEV/NET4532-4537:5,queued,500,unknown,data/new_solution/boundary_probe/boundary_20260624_161614/boundary_detail_1982LEV_NET4532-4537_5_20260624T162435_3cdfcebfdb11.html,3cdfcebfdb110bef1ff859c8b7077d267c1b999918005826553c8332681c72e6,2026-06-24T16:24:35.381655+00:00,"repair-v1: legacy Detail is not accepted: retryable HTTP 500",1,2026-08-03T14:27:20.913892+00:00
https://kinetics.nist.gov/solution/Detail?id=1982LOU/LEP617-628:11,queued,500,unknown,data/new_solution/boundary_probe/boundary_20260624_161614/boundary_detail_1982LOU_LEP617-628_11_20260624T164811_4d979c5221ec.html,4d979c5221ec37280f2f4e7b0564dd4174d0abec175d5fdc9e07d861b685172e,2026-06-24T16:48:11.076334+00:00,"repair-v1: legacy Detail is not accepted: retryable HTTP 500",1,2026-08-03T14:27:20.913892+00:00
https://kinetics.nist.gov/solution/Detail?id=1982MAD/FES2578-2581:1,queued,500,unknown,data/new_solution/boundary_probe/boundary_20260625_121139/boundary_detail_1982MAD_FES2578-2581_1_20260625T121227_46c85b9a95d2.html,46c85b9a95d239b755db5444e041ccd2547f3bad4b2826588591ef116df4d004,2026-06-25T12:12:27.628149+00:00,"reset retryable HTTP status from boundary probe",2,2026-07-29T12:26:06.866687+00:00
https://kinetics.nist.gov/solution/Detail?id=1982MAT/ROD884-887:2,queued,500,unknown,data/new_solution/boundary_probe/boundary_20260624_155905/boundary_detail_1982MAT_ROD884-887_2_20260624T160606_7a96bf710d94.html,7a96bf710d940a193ea5326b64a4e80ccb2419d7babf95fea4fb55632c184aa4,2026-06-24T16:06:06.756035+00:00,"repair-v1: legacy Detail is not accepted: retryable HTTP 500",0,2026-08-03T14:27:20.913892+00:00
https://kinetics.nist.gov/solution/Detail?id=1982MEH/BRE299-309:2,queued,500,unknown,data/new_solution/boundary_probe/boundary_20260624_161614/boundary_detail_1982MEH_BRE299-309_2_20260624T164746_c45c9e909ba6.html,c45c9e909ba6f703a33a289bdbb116ec17975b61a01bf550082cd5712cd701bd,2026-06-24T16:47:46.954462+00:00,"repair-v1: legacy Detail is not accepted: retryable HTTP 500",1,2026-08-03T14:27:20.913892+00:00
https://kinetics.nist.gov/solution/Detail?id=1982MOR/PAT1833-1837:4,queued,500,unknown,data/new_solution/boundary_probe/boundary_20260625_071124/boundary_detail_1982MOR_PAT1833-1837_4_20260625T071236_e28c66a6b7e9.html,e28c66a6b7e99a1b8bdc0fe1aaf833cf74e3dbb69595a4ae0a986094f74e84a9,2026-06-25T07:12:36.483436+00:00,"repair-v1: legacy Detail is not accepted: retryable HTTP 500",1,2026-08-03T14:27:20.913892+00:00
https://kinetics.nist.gov/solution/Detail?id=1982MOR/PATL183-L185:4,queued,500,unknown,data/new_solution/boundary_probe/boundary_20260625_071124/boundary_detail_1982MOR_PATL183-L185_4_20260625T071657_19af15b40c4c.html,19af15b40c4ccab6c53d6062d4c3a1cca718c67979bfa426c4ec25b9f0953ece,2026-06-25T07:16:57.345867+00:00,"repair-v1: legacy Detail is not accepted: retryable HTTP 500",1,2026-08-03T14:27:20.913892+00:00
https://kinetics.nist.gov/solution/Detail?id=1982OHN/KAT2753-2759:1,queued,500,unknown,data/new_solution/boundary_probe/boundary_20260625_140556/boundary_detail_1982OHN_KAT2753-2759_1_20260625T140728_7940167de7f4.html,7940167de7f48844edea1042982db407618c93aed2880d3e560770c819e42232,2026-06-25T14:07:28.243206+00:00,"reset retryable HTTP status from boundary probe",2,2026-06-25T15:22:47.446712+00:00
https://kinetics.nist.gov/solution/Detail?id=1982PAP/HOF2087-2089:8,queued,500,unknown,data/new_solution/boundary_probe/boundary_20260624_161614/boundary_detail_1982PAP_HOF2087-2089_8_20260624T163247_4efd0db137c1.html,4efd0db137c152ecd174f01bc3e5c9e75601e3d0867b23c6cb78d7b06c8adc45,2026-06-24T16:32:47.085622+00:00,"repair-v1: legacy Detail is not accepted: retryable HTTP 500",1,2026-08-03T14:27:20.913892+00:00
https://kinetics.nist.gov/solution/Detail?id=1982RAM/RAM109-115:15,queued,500,unknown,data/new_solution/boundary_probe/boundary_20260624_161614/boundary_detail_1982RAM_RAM109-115_15_20260624T163932_3865d31ae362.html,3865d31ae36212903e1983218bdf96a0949fd5d2ec1a7dfe49f6dcfd67d1eb5c,2026-06-24T16:39:32.548643+00:00,"repair-v1: legacy Detail is not accepted: retryable HTTP 500",1,2026-08-03T14:27:20.913892+00:00
https://kinetics.nist.gov/solution/Detail?id=1982ROD/BAT473-477:4,queued,500,unknown,data/new_solution/boundary_probe/boundary_20260624_161614/boundary_detail_1982ROD_BAT473-477_4_20260624T162153_e5168f2f9123.html,e5168f2f9123c742d813ceb757354196217881e456cf6e4524d42afa33f428e3,2026-06-24T16:21:53.440910+00:00,"repair-v1: legacy Detail is not accepted: retryable HTTP 500",1,2026-08-03T14:27:20.913892+00:00
https://kinetics.nist.gov/solution/Detail?id=1982SCH/DRE4909-4913:2,queued,500,unknown,data/new_solution/boundary_probe/boundary_20260624_161614/boundary_detail_1982SCH_DRE4909-4913_2_20260624T163056_ad63283c723d.html,ad63283c723d6c43e6d893d0b06578a57ef4e7463b6cc1d1ef7dd17ca583a39e,2026-06-24T16:30:56.822745+00:00,"repair-v1: legacy Detail is not accepted: retryable HTTP 500",1,2026-08-03T14:27:20.913892+00:00
https://kinetics.nist.gov/solution/Detail?id=1982SHI/FED832-834:3,queued,500,unknown,data/new_solution/boundary_probe/boundary_20260624_161614/boundary_detail_1982SHI_FED832-834_3_20260624T162857_e25a2df2fc5a.html,e25a2df2fc5a10c9e029e785999f61bcd0f85580aa39b7772f014107e184a577,2026-06-24T16:28:57.606552+00:00,"repair-v1: legacy Detail is not accepted: retryable HTTP 500",1,2026-08-03T14:27:20.913892+00:00
https://kinetics.nist.gov/solution/Detail?id=1982SIN/KOR137-146:4,queued,500,unknown,data/new_solution/boundary_probe/boundary_20260624_161614/boundary_detail_1982SIN_KOR137-146_4_20260624T161826_31f70fc9f027.html,31f70fc9f027e735923809bbcdbbf16e501791f5a257ce87f3ebfdb7129e9354,2026-06-24T16:18:26.611244+00:00,"repair-v1: legacy Detail is not accepted: retryable HTTP 500",1,2026-08-03T14:27:20.913892+00:00
https://kinetics.nist.gov/solution/Detail?id=1982SOL/SOL1077-1082:2,queued,500,unknown,data/new_solution/boundary_probe/boundary_20260624_161614/boundary_detail_1982SOL_SOL1077-1082_2_20260624T162601_ce3241fa124c.html,ce3241fa124cc05a5a399cdffdecb4ca83341d073ad0c3cdd66b5adce2fdcfbd,2026-06-24T16:26:01.278923+00:00,"repair-v1: legacy Detail is not accepted: retryable HTTP 500",1,2026-08-03T14:27:20.913892+00:00
https://kinetics.nist.gov/solution/Detail?id=1982SOM/OHA62-68:8,queued,500,unknown,data/new_solution/boundary_probe/boundary_20260624_161614/boundary_detail_1982SOM_OHA62-68_8_20260624T170406_fa5cb72a9c7b.html,fa5cb72a9c7bea180c6735b9b936f470896d670aa376cccb59513143e217f934,2026-06-24T17:04:06.284852+00:00,"repair-v1: legacy Detail is not accepted: retryable HTTP 500",1,2026-08-03T14:27:20.913892+00:00
https://kinetics.nist.gov/solution/Detail?id=1982VEL/ASM1143-1145:5,queued,500,unknown,data/new_solution/boundary_probe/boundary_20260621_101630/boundary_detail_1982VEL_ASM1143-1145_5_20260621T101724_8b7166067970.html,8b7166067970504de4a5b1805cc9f169c19d59394b79d9699edc40cb4c2051b7,2026-06-21T10:17:24.847098+00:00,"repair-v1: legacy Detail is not accepted: retryable HTTP 500",0,2026-08-03T14:27:20.913892+00:00
https://kinetics.nist.gov/solution/Detail?id=1982VEL/ASM1147-1152:3,queued,500,unknown,data/new_solution/boundary_probe/boundary_20260624_161614/boundary_detail_1982VEL_ASM1147-1152_3_20260624T164425_e03ebd4e9c8a.html,e03ebd4e9c8a30890f9330bd34fe12285bc974a286a6bc4f23648501f92646c8,2026-06-24T16:44:25.350530+00:00,"repair-v1: legacy Detail is not accepted: retryable HTTP 500",1,2026-08-03T14:27:20.913892+00:00
https://kinetics.nist.gov/solution/Detail?id=1982WAJ/ROS396-402:1,queued,500,unknown,data/new_solution/boundary_probe/boundary_20260627_103328/boundary_detail_1982WAJ_ROS396-402_1_20260627T105937_8df996e063a8.html,8df996e063a8c0e5a9b13d98085e13a73c139d92688ad16aed65de662c6258b6,2026-06-27T10:59:37.592059+00:00,"repair-v1: legacy Detail is not accepted: retryable HTTP 500",2,2026-08-03T14:27:20.913892+00:00
https://kinetics.nist.gov/solution/Detail?id=1982WU/BAC4417-4422:2,queued,500,unknown,data/new_solution/boundary_probe/boundary_20260624_161614/boundary_detail_1982WU_BAC4417-4422_2_20260624T170401_1a5fd9957ac5.html,1a5fd9957ac5492c5d4011180f4a2b54e7a49b91cf9815af217524834c18999f,2026-06-24T17:04:01.564023+00:00,"repair-v1: legacy Detail is not accepted: retryable HTTP 500",1,2026-08-03T14:27:20.913892+00:00
https://kinetics.nist.gov/solution/Detail?id=1983AHM/WU1806-1810:3,queued,500,unknown,data/new_solution/boundary_probe/boundary_20260624_161614/boundary_detail_1983AHM_WU1806-1810_3_20260624T165325_5de0792b0b69.html,5de0792b0b699cb1ac38de4aeb2856610b2f6d531f8cedbd6c9ccaa19da3e0c3,2026-06-24T16:53:25.554600+00:00,"repair-v1: legacy Detail is not accepted: retryable HTTP 500",1,2026-08-03T14:27:20.913892+00:00
https://kinetics.nist.gov/solution/Detail?id=1983AND78-82:4,queued,500,unknown,data/new_solution/boundary_probe/boundary_20260624_161614/boundary_detail_1983AND78-82_4_20260624T165749_041bc52c4c3c.html,041bc52c4c3cbe49cb8dcea32b999c5d0a8a820a39da1c95c0a68de099565ec6,2026-06-24T16:57:49.539423+00:00,"repair-v1: legacy Detail is not accepted: retryable HTTP 500",1,2026-08-03T14:27:20.913892+00:00
https://kinetics.nist.gov/solution/Detail?id=1983BAH/ASM1661-1668:12,queued,500,unknown,data/new_solution/boundary_probe/boundary_20260624_161614/boundary_detail_1983BAH_ASM1661-1668_12_20260624T163757_09360dd19081.html,09360dd19081132aae2393adb69c14625774bff68bc2638fff056052a33746a8,2026-06-24T16:37:57.200922+00:00,"repair-v1: legacy Detail is not accepted: retryable HTTP 500",1,2026-08-03T14:27:20.913892+00:00
https://kinetics.nist.gov/solution/Detail?id=1983BAK/ESP7624-7628:2,queued,500,unknown,data/new_solution/boundary_probe/boundary_20260620_190527/boundary_detail_1983BAK_ESP7624-7628_2_20260620T190721_e9c573e5a0cc.html,e9c573e5a0ccd99df0684f15c356064b30405a4069937811ca15c1337c88529d,2026-06-20T19:07:21.417365+00:00,"repair-v1: legacy Detail is not accepted: retryable HTTP 500",0,2026-08-03T14:27:20.913892+00:00
https://kinetics.nist.gov/solution/Detail?id=1983BIS/CUN1053-1060B:2,queued,500,unknown,data/new_solution/boundary_probe/boundary_20260624_161614/boundary_detail_1983BIS_CUN1053-1060B_2_20260624T163237_bba4a59c711a.html,bba4a59c711af2ef7e2d1aeb80b4350a0072e2703211f6cb4f07719c0059d410,2026-06-24T16:32:37.485874+00:00,"repair-v1: legacy Detail is not accepted: retryable HTTP 500",1,2026-08-03T14:27:20.913892+00:00
https://kinetics.nist.gov/solution/Detail?id=1983BLA/SWA241-247B:4,queued,500,unknown,data/new_solution/boundary_probe/boundary_20260624_161614/boundary_detail_1983BLA_SWA241-247B_4_20260624T163218_93b0990c7b9d.html,93b0990c7b9d44b3e70478a4a785068ed17edf9bc7a7d8adef338a05fc0cc61c,2026-06-24T16:32:18.330171+00:00,"repair-v1: legacy Detail is not accepted: retryable HTTP 500",1,2026-08-03T14:27:20.913892+00:00
https://kinetics.nist.gov/solution/Detail?id=1983BRE/MEH117-127:3,queued,500,unknown,data/new_solution/boundary_probe/boundary_20260624_161614/boundary_detail_1983BRE_MEH117-127_3_20260624T164122_7c4051c4d4f7.html,7c4051c4d4f7be22bba41e6d8b617126b449eef3dd3f776ec626ef0a1f188f7c,2026-06-24T16:41:22.530373+00:00,"repair-v1: legacy Detail is not accepted: retryable HTTP 500",1,2026-08-03T14:27:20.913892+00:00
https://kinetics.nist.gov/solution/Detail?id=1983CHR/SEH118-120:2,queued,500,unknown,data/new_solution/boundary_probe/boundary_20260624_155905/boundary_detail_1983CHR_SEH118-120_2_20260624T160413_86ff9c246342.html,86ff9c2463420d8f86edc7604b8aeee8d21a576f6f61f85ce886fbd3361e9694,2026-06-24T16:04:13.328604+00:00,"repair-v1: legacy Detail is not accepted: retryable HTTP 500",0,2026-08-03T14:27:20.913892+00:00
https://kinetics.nist.gov/solution/Detail?id=1983DAM/MAR2005-2011:2,queued,500,unknown,data/new_solution/boundary_probe/boundary_20260624_161614/boundary_detail_1983DAM_MAR2005-2011_2_20260624T163918_8cfbe6c9aa68.html,8cfbe6c9aa68c723a952a6960afc50970b1f190d88550bf487a6c03a3ba3c571,2026-06-24T16:39:18.002389+00:00,"repair-v1: legacy Detail is not accepted: retryable HTTP 500",1,2026-08-03T14:27:20.913892+00:00
https://kinetics.nist.gov/solution/Detail?id=1983DIX/WEL444-448:3,queued,500,unknown,data/new_solution/boundary_probe/boundary_20260624_161614/boundary_detail_1983DIX_WEL444-448_3_20260624T163830_7b2c44b24238.html,7b2c44b24238d23071f91d8b926a8f9a6c7359cfc6a315b65943d8092140a00c,2026-06-24T16:38:30.500299+00:00,"repair-v1: legacy Detail is not accepted: retryable HTTP 500",1,2026-08-03T14:27:20.913892+00:00
https://kinetics.nist.gov/solution/Detail?id=1983EMM/BEG677-686B:3,queued,500,unknown,data/new_solution/boundary_probe/boundary_20260624_155905/boundary_detail_1983EMM_BEG677-686B_3_20260624T161009_7adf6b3cde38.html,7adf6b3cde389dadf8aa1ef0f1636f652d5a2c0bbac0d2dd2ad24af44fc9c2d4,2026-06-24T16:10:09.374285+00:00,"repair-v1: legacy Detail is not accepted: retryable HTTP 500",0,2026-08-03T14:27:20.913892+00:00
https://kinetics.nist.gov/solution/Detail?id=1983FOR/PAC171-177:9,queued,500,unknown,data/new_solution/boundary_probe/boundary_20260624_161614/boundary_detail_1983FOR_PAC171-177_9_20260624T165451_3bc7b283c8e6.html,3bc7b283c8e6a0e64c3470da8cdc2b1f66716426ae6a45d5b61519a5e3d1fb94,2026-06-24T16:54:51.772760+00:00,"repair-v1: legacy Detail is not accepted: retryable HTTP 500",1,2026-08-03T14:27:20.913892+00:00
https://kinetics.nist.gov/solution/Detail?id=1983GAL/MAN219-222:8,queued,500,unknown,data/new_solution/boundary_probe/boundary_20260624_155905/boundary_detail_1983GAL_MAN219-222_8_20260624T160312_b27811ba843d.html,b27811ba843dd2c37f3ea905e2824508f67a0b63cc82febbf7d5c3d7e0e2f181,2026-06-24T16:03:12.256111+00:00,"repair-v1: legacy Detail is not accepted: retryable HTTP 500",0,2026-08-03T14:27:20.913892+00:00
https://kinetics.nist.gov/solution/Detail?id=1983GOE/LEN228-233B:2,queued,500,unknown,data/new_solution/boundary_probe/boundary_20260624_155905/boundary_detail_1983GOE_LEN228-233B_2_20260624T160307_aaefeada6c8f.html,aaefeada6c8f72369d0b994d958d25c0b3a507398d1dd2f0fd5c4e5e04be8119,2026-06-24T16:03:07.395359+00:00,"repair-v1: legacy Detail is not accepted: retryable HTTP 500",0,2026-08-03T14:27:20.913892+00:00
https://kinetics.nist.gov/solution/Detail?id=1983GOL/CZA7276-7280:5,queued,500,unknown,data/new_solution/boundary_probe/boundary_20260625_071124/boundary_detail_1983GOL_CZA7276-7280_5_20260625T071749_79e01824338b.html,79e01824338b41f5237383b11f2a2b03838651b4f6e20f2609994e7ccc6a8d5f,2026-06-25T07:17:49.475613+00:00,"repair-v1: legacy Detail is not accepted: retryable HTTP 500",1,2026-08-03T14:27:20.913892+00:00
https://kinetics.nist.gov/solution/Detail?id=1983HOI/BAD173-183:60,queued,500,unknown,data/new_solution/boundary_probe/boundary_20260624_155905/boundary_detail_1983HOI_BAD173-183_60_20260624T160911_51eaf0494a87.html,51eaf0494a87cee41a38b659cd502e70539a06fd701d25d87ec9193fb87fe91e,2026-06-24T16:09:11.660344+00:00,"repair-v1: legacy Detail is not accepted: retryable HTTP 500",0,2026-08-03T14:27:20.913892+00:00
https://kinetics.nist.gov/solution/Detail?id=1983KOB/HIR2239-2243:2,queued,500,unknown,data/new_solution/boundary_probe/boundary_20260625_071124/boundary_detail_1983KOB_HIR2239-2243_2_20260625T071319_792b3d765d91.html,792b3d765d91b952bac15abd47443ed5b0a807985ce679f421b93c97966f101e,2026-06-25T07:13:19.469309+00:00,"repair-v1: legacy Detail is not accepted: retryable HTTP 500",1,2026-08-03T14:27:20.913892+00:00
https://kinetics.nist.gov/solution/Detail?id=1983KRA/KAG233-236:8,queued,500,unknown,data/new_solution/boundary_probe/boundary_20260624_161614/boundary_detail_1983KRA_KAG233-236_8_20260624T164523_76d63e8cc0a8.html,76d63e8cc0a86455cf52aa650b4cd853100af5c9965b5a2e83df09fb6f629e7f,2026-06-24T16:45:23.055883+00:00,"repair-v1: legacy Detail is not accepted: retryable HTTP 500",1,2026-08-03T14:27:20.913892+00:00
https://kinetics.nist.gov/solution/Detail?id=1983KRA/STE1493-1512:4,queued,500,unknown,data/new_solution/boundary_probe/boundary_20260624_161614/boundary_detail_1983KRA_STE1493-1512_4_20260624T163738_d69c4f575870.html,d69c4f5758704cca3eccb0e46f3cb4c7b6f16f6da5b9d69799876552efc63b78,2026-06-24T16:37:38.152173+00:00,"repair-v1: legacy Detail is not accepted: retryable HTTP 500",1,2026-08-03T14:27:20.913892+00:00
https://kinetics.nist.gov/solution/Detail?id=1983KRA/SUK1259-1261:6,queued,500,unknown,data/new_solution/boundary_probe/boundary_20260624_155905/boundary_detail_1983KRA_SUK1259-1261_6_20260624T160403_c8874c0574a0.html,c8874c0574a022ac69b572e0e30a97360bc393f67d2cddabc38a702d97a890b0,2026-06-24T16:04:03.929119+00:00,"repair-v1: legacy Detail is not accepted: retryable HTTP 500",0,2026-08-03T14:27:20.913892+00:00
https://kinetics.nist.gov/solution/Detail?id=1983KUM/ROT7064-7074:12,queued,500,unknown,data/new_solution/boundary_probe/boundary_20260625_071124/boundary_detail_1983KUM_ROT7064-7074_12_20260625T071508_053af79c5b8c.html,053af79c5b8cc6ad32a65996d1f970cca1d841b5afca94f5d969179c137d626e,2026-06-25T07:15:08.424348+00:00,"repair-v1: legacy Detail is not accepted: retryable HTTP 500",1,2026-08-03T14:27:20.913892+00:00
https://kinetics.nist.gov/solution/Detail?id=1983LED/STA3098-3101:2,queued,500,unknown,data/new_solution/boundary_probe/boundary_20260625_121139/boundary_detail_1983LED_STA3098-3101_2_20260625T121154_c6e67ad7b045.html,c6e67ad7b0454fe32db7071edddbc79939cf6e6d0ca6d2a87784d1a43f9d48c9,2026-06-25T12:11:54.263734+00:00,"repair-v1: legacy Detail is not accepted: retryable HTTP 500",1,2026-08-03T14:27:20.913892+00:00
https://kinetics.nist.gov/solution/Detail?id=1983MIN/PRA399-407:1,queued,500,unknown,data/new_solution/boundary_probe/boundary_20260627_103328/boundary_detail_1983MIN_PRA399-407_1_20260627T105452_397bda500cd6.html,397bda500cd664844df82f2a2a26dd8dd1028fc5e24cbf56907534ec76693f00,2026-06-27T10:54:52.455630+00:00,"repair-v1: legacy Detail is not accepted: retryable HTTP 500",2,2026-08-03T14:27:20.913892+00:00
https://kinetics.nist.gov/solution/Detail?id=1983MUR/SER432-433:3,queued,500,unknown,data/new_solution/boundary_probe/boundary_20260624_161614/boundary_detail_1983MUR_SER432-433_3_20260624T165057_20a4140e6f35.html,20a4140e6f35331df732a7b52f09061b5c39475eee114d86f9fc902d4a509794,2026-06-24T16:50:57.754026+00:00,"repair-v1: legacy Detail is not accepted: retryable HTTP 500",1,2026-08-03T14:27:20.913892+00:00
https://kinetics.nist.gov/solution/Detail?id=1983OGI/FOO3423-3430:10,queued,500,unknown,data/new_solution/boundary_probe/boundary_20260624_161614/boundary_detail_1983OGI_FOO3423-3430_10_20260624T161846_8b76a6214a38.html,8b76a6214a3810d634f45959f83e59cbc082a93fc6d1a3629643ac7d1cd8930c,2026-06-24T16:18:46.155901+00:00,"repair-v1: legacy Detail is not accepted: retryable HTTP 500",1,2026-08-03T14:27:20.913892+00:00
https://kinetics.nist.gov/solution/Detail?id=1983PAC/WIL733-734:3,queued,500,unknown,data/new_solution/boundary_probe/boundary_20260620_190527/boundary_detail_1983PAC_WIL733-734_3_20260620T190648_db64b4059ca9.html,db64b4059ca9f04e7853f1864389bb15810d6b1897743807ffa1ab7bc09231ec,2026-06-20T19:06:48.885024+00:00,"repair-v1: legacy Detail is not accepted: retryable HTTP 500",0,2026-08-03T14:27:20.913892+00:00
https://kinetics.nist.gov/solution/Detail?id=1983PIK/KUC135-137:4,queued,500,unknown,data/new_solution/boundary_probe/boundary_20260624_161614/boundary_detail_1983PIK_KUC135-137_4_20260624T165730_0556ee471325.html,0556ee471325f4bb9c6930849eae3bcf8abe508922e713023338a562ed8fd71c,2026-06-24T16:57:30.392839+00:00,"repair-v1: legacy Detail is not accepted: retryable HTTP 500",1,2026-08-03T14:27:20.913892+00:00
https://kinetics.nist.gov/solution/Detail?id=1983RES/CHI281-291:3,queued,500,unknown,data/new_solution/boundary_probe/boundary_20260624_161614/boundary_detail_1983RES_CHI281-291_3_20260624T164830_28c50c31ccb7.html,28c50c31ccb72760fbe3597c64bbf5bbbf10d75638144d8aa86c30b40f9a9d54,2026-06-24T16:48:30.144607+00:00,"repair-v1: legacy Detail is not accepted: retryable HTTP 500",1,2026-08-03T14:27:20.913892+00:00
https://kinetics.nist.gov/solution/Detail?id=1983RIC/WAD5434-5440:2,queued,500,unknown,data/new_solution/boundary_probe/boundary_20260620_190527/boundary_detail_1983RIC_WAD5434-5440_2_20260620T190836_816179334b46.html,816179334b462f5264114ee974d301e283441494dd120fbf8ed6621963298130,2026-06-20T19:08:36.362747+00:00,"repair-v1: legacy Detail is not accepted: retryable HTTP 500",0,2026-08-03T14:27:20.913892+00:00
https://kinetics.nist.gov/solution/Detail?id=1983ROS/HOF2866-2873:2,queued,500,unknown,data/new_solution/boundary_probe/boundary_20260624_161614/boundary_detail_1983ROS_HOF2866-2873_2_20260624T165511_72f0a86c4d58.html,72f0a86c4d58d9bd1c190009d4f4d982fd4b7ac203f485c4c05faed49af7e332,2026-06-24T16:55:11.172830+00:00,"repair-v1: legacy Detail is not accepted: retryable HTTP 500",1,2026-08-03T14:27:20.913892+00:00
https://kinetics.nist.gov/solution/Detail?id=1983SCH/VON1525-1531:1,queued,500,unknown,data/new_solution/boundary_probe/boundary_20260625_121139/boundary_detail_1983SCH_VON1525-1531_1_20260625T121301_74e6d3cf5653.html,74e6d3cf56535f2b3cef6c03d993f6a056290cb5d5cb03796ad5441cea0f540d,2026-06-25T12:13:01.668461+00:00,"reset retryable HTTP status from boundary probe",2,2026-07-29T12:26:06.981581+00:00
https://kinetics.nist.gov/solution/Detail?id=1983SHA/ISA3897-3902:4,queued,500,unknown,data/new_solution/boundary_probe/boundary_20260624_161614/boundary_detail_1983SHA_ISA3897-3902_4_20260624T162255_293a8a4774d1.html,293a8a4774d1804b0b82214749e82fc853ce59175addd79ed42525f3a66f2a9c,2026-06-24T16:22:55.358106+00:00,"repair-v1: legacy Detail is not accepted: retryable HTTP 500",1,2026-08-03T14:27:20.913892+00:00
https://kinetics.nist.gov/solution/Detail?id=1983SIM/HUN449-460B:4,queued,500,unknown,data/new_solution/boundary_probe/boundary_20260624_161614/boundary_detail_1983SIM_HUN449-460B_4_20260624T165408_6f858cba455f.html,6f858cba455f92c95fbb8d5fad267800f5c1513ade43d2308a2eb85c8eb6ecc9,2026-06-24T16:54:08.869831+00:00,"repair-v1: legacy Detail is not accepted: retryable HTTP 500",1,2026-08-03T14:27:20.913892+00:00
https://kinetics.nist.gov/solution/Detail?id=1983SMI119-121:10,queued,500,unknown,data/new_solution/boundary_probe/boundary_20260624_155905/boundary_detail_1983SMI119-121_10_20260624T160519_37e9d777a70a.html,37e9d777a70a25a2f6a4fc082e38dc1e2502e9d09de01106e6a398fd9870d3de,2026-06-24T16:05:19.901945+00:00,"repair-v1: legacy Detail is not accepted: retryable HTTP 500",0,2026-08-03T14:27:20.913892+00:00
https://kinetics.nist.gov/solution/Detail?id=1983TAN/CHA265-273:6,queued,500,unknown,data/new_solution/boundary_probe/boundary_20260624_161614/boundary_detail_1983TAN_CHA265-273_6_20260624T162736_3d0dde1537cf.html,3d0dde1537cf24d93fd79550e9bb900b55a9f4c63803bfc9facf11a05a54ccd9,2026-06-24T16:27:36.726852+00:00,"repair-v1: legacy Detail is not accepted: retryable HTTP 500",1,2026-08-03T14:27:20.913892+00:00
https://kinetics.nist.gov/solution/Detail?id=1983VAN/VAN601-607:4,queued,500,unknown,data/new_solution/boundary_probe/boundary_20260624_155905/boundary_detail_1983VAN_VAN601-607_4_20260624T160819_444e38788d05.html,444e38788d0559f1d9bd7685968df1952c6555236e5a8ea4099702041f260e1f,2026-06-24T16:08:19.160209+00:00,"repair-v1: legacy Detail is not accepted: retryable HTTP 500",0,2026-08-03T14:27:20.913892+00:00
https://kinetics.nist.gov/solution/Detail?id=1983WIL/SCH679-681:5,queued,500,unknown,data/new_solution/boundary_probe/boundary_20260624_161614/boundary_detail_1983WIL_SCH679-681_5_20260624T162110_bd87ddb9a0f0.html,bd87ddb9a0f0fa0d0c5bbc4f3dee6e28897c2c27ef44df214ea7ba559785180c,2026-06-24T16:21:10.393493+00:00,"repair-v1: legacy Detail is not accepted: retryable HTTP 500",1,2026-08-03T14:27:20.913892+00:00
https://kinetics.nist.gov/solution/Detail?id=1983WIL1-22B:7,queued,500,unknown,data/new_solution/boundary_probe/boundary_20260624_161614/boundary_detail_1983WIL1-22B_7_20260624T165252_02c9e855c2c8.html,02c9e855c2c806beeafcabf72d79008c108d3dc461b85ceb002ce8b36544c7f9,2026-06-24T16:52:52.410108+00:00,"repair-v1: legacy Detail is not accepted: retryable HTTP 500",1,2026-08-03T14:27:20.913892+00:00
https://kinetics.nist.gov/solution/Detail?id=1983WUL/GET271-278B:5,queued,500,unknown,data/new_solution/boundary_probe/boundary_20260624_161614/boundary_detail_1983WUL_GET271-278B_5_20260624T163626_bc97ecedd3a5.html,bc97ecedd3a5a1c374464e8b1e53215fdd1c6d7571ee3d9e77acc931249b6944,2026-06-24T16:36:26.742136+00:00,"repair-v1: legacy Detail is not accepted: retryable HTTP 500",1,2026-08-03T14:27:20.913892+00:00
https://kinetics.nist.gov/solution/Detail?id=1984AND/PAC49-52:2,queued,500,unknown,data/new_solution/boundary_probe/boundary_20260624_161614/boundary_detail_1984AND_PAC49-52_2_20260624T165856_e4ee673ff564.html,e4ee673ff56449bf27620fe39c87fe72266e772461dfc6625708c5371d1c63ce,2026-06-24T16:58:56.426797+00:00,"repair-v1: legacy Detail is not accepted: retryable HTTP 500",1,2026-08-03T14:27:20.913892+00:00
https://kinetics.nist.gov/solution/Detail?id=1984BAR/HAM1595-1600:2,queued,500,unknown,data/new_solution/boundary_probe/boundary_20260624_161614/boundary_detail_1984BAR_HAM1595-1600_2_20260624T163816_de7a237359a4.html,de7a237359a489b960301ec97dda6dea798f1d97c45c19bf66699608060e7b9e,2026-06-24T16:38:16.075790+00:00,"repair-v1: legacy Detail is not accepted: retryable HTTP 500",1,2026-08-03T14:27:20.913892+00:00
https://kinetics.nist.gov/solution/Detail?id=1984BHA/DAS1107-1116:1,queued,500,unknown,data/new_solution/boundary_probe/boundary_20260625_121139/boundary_detail_1984BHA_DAS1107-1116_1_20260625T122022_a250945cc6fa.html,a250945cc6facbd355c83c0371b3544e9133b2ec7520ae1756a394228e310fd3,2026-06-25T12:20:22.828646+00:00,"repair-v1: legacy Detail is not accepted: retryable HTTP 500",2,2026-08-03T14:27:20.913892+00:00
https://kinetics.nist.gov/solution/Detail?id=1984BIE/ARU1-15B:12,queued,500,unknown,data/new_solution/boundary_probe/boundary_20260624_161614/boundary_detail_1984BIE_ARU1-15B_12_20260624T164103_8bec97e4a84d.html,8bec97e4a84dc691e863a3eea8c0aa3aeea5cf2f76f97c866c3b93d7888eb633,2026-06-24T16:41:03.448772+00:00,"repair-v1: legacy Detail is not accepted: retryable HTTP 500",1,2026-08-03T14:27:20.913892+00:00
https://kinetics.nist.gov/solution/Detail?id=1984BOB1377-1389:5,queued,500,unknown,data/new_solution/boundary_probe/boundary_20260625_071124/boundary_detail_1984BOB1377-1389_5_20260625T071910_95e6468b02bc.html,95e6468b02bc805e8a9b0065339a4afd671dab65df128c9fe88cf758f15560d5,2026-06-25T07:19:10.739102+00:00,"repair-v1: legacy Detail is not accepted: retryable HTTP 500",1,2026-08-03T14:27:20.913892+00:00
https://kinetics.nist.gov/solution/Detail?id=1984BRA/NET2857-2862:9,queued,500,unknown,data/new_solution/boundary_probe/boundary_20260624_161614/boundary_detail_1984BRA_NET2857-2862_9_20260624T165744_731115373245.html,731115373245e00ed7d240dcf61ec2b5034123927c6a576bea84a2e0643c74ea,2026-06-24T16:57:44.732345+00:00,"repair-v1: legacy Detail is not accepted: retryable HTTP 500",1,2026-08-03T14:27:20.913892+00:00
https://kinetics.nist.gov/solution/Detail?id=1984BUX/WAL207-210:2,queued,500,unknown,data/new_solution/boundary_probe/boundary_20260625_071124/boundary_detail_1984BUX_WAL207-210_2_20260625T071706_0152d22fadc0.html,0152d22fadc03b705868f5e6c29ac849f18ae513016d56f484f1e7d4a614b715,2026-06-25T07:17:06.860320+00:00,"repair-v1: legacy Detail is not accepted: retryable HTTP 500",1,2026-08-03T14:27:20.913892+00:00
https://kinetics.nist.gov/solution/Detail?id=1984CAS/TOU119-132:10,queued,500,unknown,data/new_solution/boundary_probe/boundary_20260625_071124/boundary_detail_1984CAS_TOU119-132_10_20260625T071250_25174a420ee5.html,25174a420ee5cd40737db25d18d87e922883b815f42a3f5418911f7249472ad4,2026-06-25T07:12:50.905713+00:00,"repair-v1: legacy Detail is not accepted: retryable HTTP 500",1,2026-08-03T14:27:20.913892+00:00
https://kinetics.nist.gov/solution/Detail?id=1984CHE/ATH5143-5145:2,queued,500,unknown,data/new_solution/boundary_probe/boundary_20260624_161614/boundary_detail_1984CHE_ATH5143-5145_2_20260624T163714_f1acd10a3d2f.html,f1acd10a3d2f790f69ffaa7f0cc0c74c7dfa90d566bca4160841cc1c4c6cad39,2026-06-24T16:37:14.183340+00:00,"repair-v1: legacy Detail is not accepted: retryable HTTP 500",1,2026-08-03T14:27:20.913892+00:00
https://kinetics.nist.gov/solution/Detail?id=1984CHE/LAN1170-1172:1,queued,500,unknown,data/new_solution/boundary_probe/boundary_20260627_103328/boundary_detail_1984CHE_LAN1170-1172_1_20260627T105706_5030a7cd0068.html,5030a7cd006800c5db767740bc4f2fe4cc0b65a0299f2da7bebdd6ea93e15bdb,2026-06-27T10:57:06.711398+00:00,"repair-v1: legacy Detail is not accepted: retryable HTTP 500",2,2026-08-03T14:27:20.913892+00:00
https://kinetics.nist.gov/solution/Detail?id=1984CRE/SCH3036-3037:1,queued,500,unknown,data/new_solution/boundary_probe/boundary_20260627_103328/boundary_detail_1984CRE_SCH3036-3037_1_20260627T110621_fcff69455015.html,fcff694550159d6a144ae94a809e24f1019027fb461c0ebc8fcbee43c10912e2,2026-06-27T11:06:21.347980+00:00,"repair-v1: legacy Detail is not accepted: retryable HTTP 500",2,2026-08-03T14:27:20.913892+00:00
https://kinetics.nist.gov/solution/Detail?id=1984DAR/MOG269-274:3,queued,500,unknown,data/new_solution/boundary_probe/boundary_20260624_161614/boundary_detail_1984DAR_MOG269-274_3_20260624T164503_f3746caca231.html,f3746caca2319cd6026c5df6e023454332afd3eb12bbb01e93e7e677c3617bbb,2026-06-24T16:45:03.938193+00:00,"repair-v1: legacy Detail is not accepted: retryable HTTP 500",1,2026-08-03T14:27:20.913892+00:00
https://kinetics.nist.gov/solution/Detail?id=1984ELA/RAM47-52:9,queued,500,unknown,data/new_solution/boundary_probe/boundary_20260624_161614/boundary_detail_1984ELA_RAM47-52_9_20260624T163339_b355f641e895.html,b355f641e89537f3ae9910f2e29d27a1d0cf98966d18c606d12fbb9b6c2270b1,2026-06-24T16:33:39.857874+00:00,"repair-v1: legacy Detail is not accepted: retryable HTTP 500",1,2026-08-03T14:27:20.913892+00:00
https://kinetics.nist.gov/solution/Detail?id=1984EYE/LEN1005-1013:2,queued,500,unknown,data/nist_solution/archive/o2_20260522T072723Z/detail_rr_20260601T073420_e727012a6f07.html,e727012a6f0795ffc14b3f329774c89af34378bcb9280600f67f391600e99947,2026-06-01T07:34:20.614896+00:00,"repair-v1: legacy Detail is not accepted: retryable HTTP 500",1,2026-08-03T14:27:20.913892+00:00
https://kinetics.nist.gov/solution/Detail?id=1984FOR197-209:5,queued,500,unknown,data/new_solution/boundary_probe/boundary_20260624_161614/boundary_detail_1984FOR197-209_5_20260624T164235_c65b83bea023.html,c65b83bea023de58d1ecfb986a3c49db759776e8156173ae03f9413da6ac4d3f,2026-06-24T16:42:35.121471+00:00,"repair-v1: legacy Detail is not accepted: retryable HTTP 500",1,2026-08-03T14:27:20.913892+00:00
https://kinetics.nist.gov/solution/Detail?id=1984GOR/HAM581-584:11,queued,500,unknown,data/new_solution/boundary_probe/boundary_20260624_161614/boundary_detail_1984GOR_HAM581-584_11_20260624T165647_295fe171f91f.html,295fe171f91f5fcfff45825adadd2263c25600d67786967bad983883d14039ca,2026-06-24T16:56:47.175634+00:00,"repair-v1: legacy Detail is not accepted: retryable HTTP 500",1,2026-08-03T14:27:20.913892+00:00
https://kinetics.nist.gov/solution/Detail?id=1984LER/MIA909-920:1,queued,500,unknown,data/new_solution/boundary_probe/boundary_20260627_103328/boundary_detail_1984LER_MIA909-920_1_20260627T105802_e48205dfdbed.html,e48205dfdbeda41269772ff8a1666a621d5a6ccb3194085e5564caaa7e20032b,2026-06-27T10:58:02.343118+00:00,"repair-v1: legacy Detail is not accepted: retryable HTTP 500",2,2026-08-03T14:27:20.913892+00:00
https://kinetics.nist.gov/solution/Detail?id=1984LEV/GON363-368:3,queued,500,unknown,data/new_solution/boundary_probe/boundary_20260624_155905/boundary_detail_1984LEV_GON363-368_3_20260624T160736_8bb7ccf35a27.html,8bb7ccf35a27c526635a08e961bc02d2d9e85e2903ba63b33f207ee9b0bcf3c5,2026-06-24T16:07:36.222252+00:00,"repair-v1: legacy Detail is not accepted: retryable HTTP 500",0,2026-08-03T14:27:20.913892+00:00
https://kinetics.nist.gov/solution/Detail?id=1984MCA1579-1592:2,queued,500,unknown,data/new_solution/boundary_probe/boundary_20260624_161614/boundary_detail_1984MCA1579-1592_2_20260624T162935_69f2f06aa75d.html,69f2f06aa75d220fd3f929ba1abfd8f9d4c8c18aa0ba5e9d60ab410b80b88ef6,2026-06-24T16:29:35.723141+00:00,"repair-v1: legacy Detail is not accepted: retryable HTTP 500",1,2026-08-03T14:27:20.913892+00:00
https://kinetics.nist.gov/solution/Detail?id=1984MUR/ESP636-639:2,queued,500,unknown,data/new_solution/boundary_probe/boundary_20260624_161614/boundary_detail_1984MUR_ESP636-639_2_20260624T165539_55e8f1eaad89.html,55e8f1eaad89a6ffb9177dd8cfc02a38d7a02b69bc0721949fbf1df79bc9c777,2026-06-24T16:55:39.788645+00:00,"repair-v1: legacy Detail is not accepted: retryable HTTP 500",1,2026-08-03T14:27:20.913892+00:00
https://kinetics.nist.gov/solution/Detail?id=1984NAG/MEY3663-3665:3,queued,500,unknown,data/new_solution/boundary_probe/boundary_20260624_161614/boundary_detail_1984NAG_MEY3663-3665_3_20260624T165851_4fdf92ff5e0c.html,4fdf92ff5e0c870f68c155628e26903973bdfd2658f7102cc9e03f6a9fc984d3,2026-06-24T16:58:51.713667+00:00,"repair-v1: legacy Detail is not accepted: retryable HTTP 500",1,2026-08-03T14:27:20.913892+00:00
https://kinetics.nist.gov/solution/Detail?id=1984NGU/SCA371-377:1,queued,500,unknown,data/new_solution/boundary_probe/boundary_20260625_121139/boundary_detail_1984NGU_SCA371-377_1_20260625T121654_5ef2825faad5.html,5ef2825faad5041e20577bfa101c83dbb7cd737d7076a9bc3406e870c05463f8,2026-06-25T12:16:54.654861+00:00,"reset retryable HTTP status from boundary probe",2,2026-07-29T12:26:07.062839+00:00
https://kinetics.nist.gov/solution/Detail?id=1984NIK/SAI4177-4182:3,queued,500,unknown,data/new_solution/boundary_probe/boundary_20260624_161614/boundary_detail_1984NIK_SAI4177-4182_3_20260624T165219_d9ad8fb50396.html,d9ad8fb50396615145a3a799f601ddee7d489f912d75c05e09fb7bfff515726f,2026-06-24T16:52:19.016527+00:00,"repair-v1: legacy Detail is not accepted: retryable HTTP 500",1,2026-08-03T14:27:20.913892+00:00
https://kinetics.nist.gov/solution/Detail?id=1984OHN/KAT1528-1533:3,queued,500,unknown,data/new_solution/boundary_probe/boundary_20260625_071124/boundary_detail_1984OHN_KAT1528-1533_3_20260625T071600_69f9e552a13d.html,69f9e552a13dfa68cdd9bcf95820dbb5d36a534c848c03496db1bdf96d658711,2026-06-25T07:16:00.546897+00:00,"repair-v1: legacy Detail is not accepted: retryable HTTP 500",1,2026-08-03T14:27:20.913892+00:00
https://kinetics.nist.gov/solution/Detail?id=1984PAC/WIL1415-1419:3,queued,500,unknown,data/new_solution/boundary_probe/boundary_20260624_161614/boundary_detail_1984PAC_WIL1415-1419_3_20260624T162513_8a83e937426f.html,8a83e937426f1d2c91f7f29f8f651aa4adf6beedca0def33b8b712c9a1694dd1,2026-06-24T16:25:13.486148+00:00,"repair-v1: legacy Detail is not accepted: retryable HTTP 500",1,2026-08-03T14:27:20.913892+00:00
https://kinetics.nist.gov/solution/Detail?id=1984PRY/GLE2574-2578:29,queued,500,unknown,data/new_solution/boundary_probe/boundary_20260624_155905/boundary_detail_1984PRY_GLE2574-2578_29_20260624T160040_6a505c58eda6.html,6a505c58eda6a040d14274821e7149e0b158a4d4e0e8bf11bfb4dfe6c2125c23,2026-06-24T16:00:40.770987+00:00,"repair-v1: legacy Detail is not accepted: retryable HTTP 500",0,2026-08-03T14:27:20.913892+00:00
https://kinetics.nist.gov/solution/Detail?id=1984RES/SEA293-299:2,queued,500,unknown,data/new_solution/boundary_probe/boundary_20260625_071124/boundary_detail_1984RES_SEA293-299_2_20260625T071425_e9550bada31b.html,e9550bada31bc2981bbae09dfeed6c69ff4f8eeda106c88f4385ca2dfab4d90a,2026-06-25T07:14:25.956450+00:00,"repair-v1: legacy Detail is not accepted: retryable HTTP 500",1,2026-08-03T14:27:20.913892+00:00
https://kinetics.nist.gov/solution/Detail?id=1984RTI/ELT134-142:8,queued,500,unknown,data/new_solution/boundary_probe/boundary_20260624_161614/boundary_detail_1984RTI_ELT134-142_8_20260624T165842_ca6874a7d1d8.html,ca6874a7d1d89d219b97e4aaab51848ae512d221ff8d97f8982d6eba343f66c2,2026-06-24T16:58:42.073494+00:00,"repair-v1: legacy Detail is not accepted: retryable HTTP 500",1,2026-08-03T14:27:20.913892+00:00
https://kinetics.nist.gov/solution/Detail?id=1984SAS/RAB6389-6396:3,queued,500,unknown,data/new_solution/boundary_probe/boundary_20260620_190527/boundary_detail_1984SAS_RAB6389-6396_3_20260620T190827_e0a65e6e6c21.html,e0a65e6e6c21436786a53c072a46611f2a44f6e559a79035dcdca15d7d79468a,2026-06-20T19:08:27.019183+00:00,"repair-v1: legacy Detail is not accepted: retryable HTTP 500",0,2026-08-03T14:27:20.913892+00:00
https://kinetics.nist.gov/solution/Detail?id=1984SAS/RAB6389-6396:4,queued,500,unknown,data/new_solution/boundary_probe/boundary_20260624_161614/boundary_detail_1984SAS_RAB6389-6396_4_20260624T164546_28da86afb86a.html,28da86afb86a83ffadc41e991b8a3078a46c2adda0032593ac0be2585b7ef296,2026-06-24T16:45:46.818590+00:00,"repair-v1: legacy Detail is not accepted: retryable HTTP 500",1,2026-08-03T14:27:20.913892+00:00
https://kinetics.nist.gov/solution/Detail?id=1984SCH/VON699-704:1,queued,500,unknown,data/new_solution/boundary_probe/boundary_20260625_121139/boundary_detail_1984SCH_VON699-704_1_20260625T121212_7d534ae87068.html,7d534ae87068a756f172f029713b7be4354c4366b888be5381fa9fe59cbee278,2026-06-25T12:12:12.874102+00:00,"reset retryable HTTP status from boundary probe",2,2026-07-29T12:26:07.081411+00:00
https://kinetics.nist.gov/solution/Detail?id=1984SHI/KOB4414-4418:3,queued,500,unknown,data/new_solution/boundary_probe/boundary_20260624_161614/boundary_detail_1984SHI_KOB4414-4418_3_20260624T163534_e081ca6a5b65.html,e081ca6a5b65c5ad5316550ce6b09cbb9b8c5a204cd1ee77779ce8c442797340,2026-06-24T16:35:34.219952+00:00,"repair-v1: legacy Detail is not accepted: retryable HTTP 500",1,2026-08-03T14:27:20.913892+00:00
https://kinetics.nist.gov/solution/Detail?id=1984SOL/SOL2091-2095:2,queued,500,unknown,data/new_solution/boundary_probe/boundary_20260624_161614/boundary_detail_1984SOL_SOL2091-2095_2_20260624T170143_8b9e84c90f1a.html,8b9e84c90f1a3f8c0686dd4471a6023f17a7a182d506dad1e7dabe772f7cef65,2026-06-24T17:01:43.023734+00:00,"repair-v1: legacy Detail is not accepted: retryable HTTP 500",1,2026-08-03T14:27:20.913892+00:00
https://kinetics.nist.gov/solution/Detail?id=1984TAN/GOL117-125:8,queued,500,unknown,data/new_solution/boundary_probe/boundary_20260624_161614/boundary_detail_1984TAN_GOL117-125_8_20260624T162125_060dc823f605.html,060dc823f605a7a67cfa49945b3fdb0a81e8f662f88ceb30114ce59a0fcf5698,2026-06-24T16:21:25.002188+00:00,"repair-v1: legacy Detail is not accepted: retryable HTTP 500",1,2026-08-03T14:27:20.913892+00:00
https://kinetics.nist.gov/solution/Detail?id=1984TAN/SAK3403-3407:3,queued,500,unknown,data/new_solution/boundary_probe/boundary_20260624_161614/boundary_detail_1984TAN_SAK3403-3407_3_20260624T164039_7ffa7368a262.html,7ffa7368a262ed23ba4fae9ff87196c2c2a00092c2224e039fa3252185635755,2026-06-24T16:40:39.509597+00:00,"repair-v1: legacy Detail is not accepted: retryable HTTP 500",1,2026-08-03T14:27:20.913892+00:00
https://kinetics.nist.gov/solution/Detail?id=1984THO/SUT772-775:9,queued,500,unknown,data/new_solution/boundary_probe/boundary_20260624_161614/boundary_detail_1984THO_SUT772-775_9_20260624T164727_431a70c359fc.html,431a70c359fc03cd4f4403a9aa48c2f465a75566fbb0d593d7dee6d430afc253,2026-06-24T16:47:27.787837+00:00,"repair-v1: legacy Detail is not accepted: retryable HTTP 500",1,2026-08-03T14:27:20.913892+00:00
https://kinetics.nist.gov/solution/Detail?id=1984WAG/STR5296-5300:3,queued,500,unknown,data/new_solution/boundary_probe/boundary_20260624_161614/boundary_detail_1984WAG_STR5296-5300_3_20260624T162119_a22329e1a21c.html,a22329e1a21c7fb6898bc4434dd77f73edb50f08a397ab618cea92b2a8f29889,2026-06-24T16:21:19.880398+00:00,"repair-v1: legacy Detail is not accepted: retryable HTTP 500",1,2026-08-03T14:27:20.913892+00:00
https://kinetics.nist.gov/solution/Detail?id=1985ALF/SCH3359-3363:33,queued,500,unknown,data/new_solution/boundary_probe/boundary_20260624_161614/boundary_detail_1985ALF_SCH3359-3363_33_20260624T170133_224e451561d0.html,224e451561d05a17347389f7799d57dba4d30e012f19b5868cbd37a2583933c6,2026-06-24T17:01:33.508973+00:00,"repair-v1: legacy Detail is not accepted: retryable HTTP 500",1,2026-08-03T14:27:20.913892+00:00
https://kinetics.nist.gov/solution/Detail?id=1985BAL/HEI4596-4600:1,queued,500,unknown,data/new_solution/boundary_probe/boundary_20260625_140556/boundary_detail_1985BAL_HEI4596-4600_1_20260625T140612_df77c38edd2b.html,df77c38edd2b57a2daf1d023b35963f568e33b7d4164fe727e8ce07b82931a60,2026-06-25T14:06:12.320301+00:00,"reset retryable HTTP status from boundary probe",2,2026-06-25T15:22:47.446712+00:00
https://kinetics.nist.gov/solution/Detail?id=1985BAR/LAP2213-2215:6,queued,500,unknown,data/new_solution/boundary_probe/boundary_20260624_161614/boundary_detail_1985BAR_LAP2213-2215_6_20260624T163037_15a4175fed92.html,15a4175fed92b359eb2bbedf5a69abbe97220a7a5c21adc5e75473597f1850b6,2026-06-24T16:30:37.498755+00:00,"repair-v1: legacy Detail is not accepted: retryable HTTP 500",1,2026-08-03T14:27:20.913892+00:00
https://kinetics.nist.gov/solution/Detail?id=1985BAR/LUM5779-5783:2,queued,500,unknown,data/new_solution/boundary_probe/boundary_20260624_161614/boundary_detail_1985BAR_LUM5779-5783_2_20260624T162634_6d1aec8c51fb.html,6d1aec8c51fb5fc8ccd33324831e858aee6b4846635032ddc7da6c7fd1c064d2,2026-06-24T16:26:34.583323+00:00,"repair-v1: legacy Detail is not accepted: retryable HTTP 500",1,2026-08-03T14:27:20.913892+00:00
https://kinetics.nist.gov/solution/Detail?id=1985BHA/DAS326-332:3,queued,500,unknown,data/new_solution/boundary_probe/boundary_20260624_155905/boundary_detail_1985BHA_DAS326-332_3_20260624T155939_a64616845059.html,a646168450590df222d905356c457779635c38ea6d28ccaa078b0e411521f97e,2026-06-24T15:59:39.093996+00:00,"repair-v1: legacy Detail is not accepted: retryable HTTP 500",0,2026-08-03T14:27:20.913892+00:00
https://kinetics.nist.gov/solution/Detail?id=1985BOT/EVA1147-1149:4,queued,500,unknown,data/new_solution/boundary_probe/boundary_20260624_155905/boundary_detail_1985BOT_EVA1147-1149_4_20260624T160123_f33fa6f5237b.html,f33fa6f5237b584b0260bd1e299e9f5ccd96cec0b2eded56c29137a92a7e9033,2026-06-24T16:01:23.279150+00:00,"repair-v1: legacy Detail is not accepted: retryable HTTP 500",0,2026-08-03T14:27:20.913892+00:00
https://kinetics.nist.gov/solution/Detail?id=1985BRA/NET28-32:5,queued,500,unknown,data/new_solution/boundary_probe/boundary_20260624_161614/boundary_detail_1985BRA_NET28-32_5_20260624T165005_e07bcb6bb26c.html,e07bcb6bb26cba1820b439429776fa8240b77a5d6959b6fea2863647cea24c8f,2026-06-24T16:50:05.416411+00:00,"repair-v1: legacy Detail is not accepted: retryable HTTP 500",1,2026-08-03T14:27:20.913892+00:00
https://kinetics.nist.gov/solution/Detail?id=1985BRA/NET289-297:15,queued,500,unknown,data/new_solution/boundary_probe/boundary_20260624_161614/boundary_detail_1985BRA_NET289-297_15_20260624T165447_d3e9b27625bc.html,d3e9b27625bc2aad87ba241f5fa905f037cabcc3bc8e3666311374173c2bb8a3,2026-06-24T16:54:47.064203+00:00,"repair-v1: legacy Detail is not accepted: retryable HTTP 500",1,2026-08-03T14:27:20.913892+00:00
https://kinetics.nist.gov/solution/Detail?id=1985BUT/HOE1-13:16,queued,500,unknown,data/new_solution/boundary_probe/boundary_20260624_161614/boundary_detail_1985BUT_HOE1-13_16_20260624T161639_9685c8a6f224.html,9685c8a6f224a598a09fa12120b00a0a1f274bbf00007569dc036b26c72371c4,2026-06-24T16:16:39.239803+00:00,"repair-v1: legacy Detail is not accepted: retryable HTTP 500",1,2026-08-03T14:27:20.913892+00:00
https://kinetics.nist.gov/solution/Detail?id=1985CAM/ELK3203-3209:4,queued,500,unknown,data/new_solution/boundary_probe/boundary_20260624_155905/boundary_detail_1985CAM_ELK3203-3209_4_20260624T160354_7b14c1dadbaf.html,7b14c1dadbaf9b934def89db32607c4b800d7a4c2613c2c05c653988d35a7e22,2026-06-24T16:03:54.560763+00:00,"repair-v1: legacy Detail is not accepted: retryable HTTP 500",0,2026-08-03T14:27:20.913892+00:00
https://kinetics.nist.gov/solution/Detail?id=1985CAS/TAN4616-4620:3,queued,500,unknown,data/new_solution/boundary_probe/boundary_20260624_161614/boundary_detail_1985CAS_TAN4616-4620_3_20260624T164922_86da8f963437.html,86da8f9634372fd900915fd0e0426e3a3a21ca7116a98ac7aed501a21e17857b,2026-06-24T16:49:22.413271+00:00,"repair-v1: legacy Detail is not accepted: retryable HTTP 500",1,2026-08-03T14:27:20.913892+00:00
https://kinetics.nist.gov/solution/Detail?id=1985CHR/HAR2461-2466:1,queued,500,unknown,data/new_solution/boundary_probe/boundary_20260627_103328/boundary_detail_1985CHR_HAR2461-2466_1_20260627T104254_df5b97797372.html,df5b9779737200f61d9818bc3d239f47ccd1832b3a848f25eeb7f07d3bc652d2,2026-06-27T10:42:54.032100+00:00,"repair-v1: legacy Detail is not accepted: retryable HTTP 500",2,2026-08-03T14:27:20.913892+00:00
https://kinetics.nist.gov/solution/Detail?id=1985COH/SLA2465-2467:6,queued,500,unknown,data/new_solution/boundary_probe/boundary_20260624_155905/boundary_detail_1985COH_SLA2465-2467_6_20260624T155948_67c596afcb33.html,67c596afcb33a94d657399236284e69815be270ef02101c55df391c7e2b68939,2026-06-24T15:59:48.829172+00:00,"repair-v1: legacy Detail is not accepted: retryable HTTP 500",0,2026-08-03T14:27:20.913892+00:00
https://kinetics.nist.gov/solution/Detail?id=1985CRE/GAH2671-2680:2,queued,500,unknown,data/new_solution/boundary_probe/boundary_20260621_101630/boundary_detail_1985CRE_GAH2671-2680_2_20260621T101651_3d1e95da319e.html,3d1e95da319e9d87b3533c277aada8dd684a15a2616475f2d7f086c630e2c2d9,2026-06-21T10:16:51.209820+00:00,"repair-v1: legacy Detail is not accepted: retryable HTTP 500",0,2026-08-03T14:27:20.913892+00:00
https://kinetics.nist.gov/solution/Detail?id=1985CRE/GAH2671-2680:3,queued,500,unknown,data/new_solution/boundary_probe/boundary_20260624_161614/boundary_detail_1985CRE_GAH2671-2680_3_20260624T164449_e7774475c93f.html,e7774475c93f367b3da9b5acd2c7c1b2ce390007dba107f81fca70c2be324b9d,2026-06-24T16:44:49.625355+00:00,"repair-v1: legacy Detail is not accepted: retryable HTTP 500",1,2026-08-03T14:27:20.913892+00:00
https://kinetics.nist.gov/solution/Detail?id=1985ELA/WIL2053-2057:1,queued,500,unknown,data/new_solution/boundary_probe/boundary_20260625_121139/boundary_detail_1985ELA_WIL2053-2057_1_20260625T121845_0ecb5cc6dd3d.html,0ecb5cc6dd3d3a5d4c9ac6aba55089eee899416397f099784c5a48e099de748f,2026-06-25T12:18:45.787889+00:00,"reset retryable HTTP status from boundary probe",2,2026-07-29T12:26:07.133052+00:00
https://kinetics.nist.gov/solution/Detail?id=1985EMM/BEG189-197:2,queued,500,unknown,data/new_solution/boundary_probe/boundary_20260624_161614/boundary_detail_1985EMM_BEG189-197_2_20260624T165608_d8f7ebea4570.html,d8f7ebea4570b25142228fbad9b3d2de7762ed3d4e640e8729caef0fef2ef194,2026-06-24T16:56:08.682163+00:00,"repair-v1: legacy Detail is not accepted: retryable HTTP 500",1,2026-08-03T14:27:20.913892+00:00
https://kinetics.nist.gov/solution/Detail?id=1985FER/GRA1206-1210:2,queued,500,unknown,data/new_solution/boundary_probe/boundary_20260624_155905/boundary_detail_1985FER_GRA1206-1210_2_20260624T161307_e83facb81492.html,e83facb81492065c914f0acbfd8ec3dbee08822ec698015f6032565637db5787,2026-06-24T16:13:07.818303+00:00,"repair-v1: legacy Detail is not accepted: retryable HTTP 500",0,2026-08-03T14:27:20.913892+00:00
https://kinetics.nist.gov/solution/Detail?id=1985FIT/GIL517-529:2,queued,500,unknown,data/new_solution/boundary_probe/boundary_20260624_161614/boundary_detail_1985FIT_GIL517-529_2_20260624T170619_c93a3eddca38.html,c93a3eddca38c967fef3830bb55892ea02e3d362344fe6dff3e71abbbeb48120,2026-06-24T17:06:19.589993+00:00,"repair-v1: legacy Detail is not accepted: retryable HTTP 500",1,2026-08-03T14:27:20.913892+00:00
https://kinetics.nist.gov/solution/Detail?id=1985HOI/BAD993-1004:23,queued,500,unknown,data/nist_solution/archive/o3_20260522T072802Z/detail_rr_20260525T073625_352f92f715be.html,352f92f715be12f256c6a5f8596e7b705cf9c5ae6a513c6a57e155b16d9639ed,2026-05-25T07:36:25.042990+00:00,"repair-v1: legacy Detail is not accepted: retryable HTTP 500",1,2026-08-03T14:27:20.913892+00:00
https://kinetics.nist.gov/solution/Detail?id=1985HOR/ABE2751-2755:10,queued,500,unknown,data/new_solution/boundary_probe/boundary_20260624_161614/boundary_detail_1985HOR_ABE2751-2755_10_20260624T165427_5cb3d0dc9aab.html,5cb3d0dc9aab3301ffd6030554b1923529a48fb73299cf55f7b126ac337f8b0c,2026-06-24T16:54:27.941404+00:00,"repair-v1: legacy Detail is not accepted: retryable HTTP 500",1,2026-08-03T14:27:20.913892+00:00
https://kinetics.nist.gov/solution/Detail?id=1985HUI/NET3918-3921:8,queued,500,unknown,data/new_solution/boundary_probe/boundary_20260624_155905/boundary_detail_1985HUI_NET3918-3921_8_20260624T160054_fd76ad445251.html,fd76ad4452516dabc834b37c8b11ba6a7735b2e71269d9205b45b36fe2113698,2026-06-24T16:00:54.856981+00:00,"repair-v1: legacy Detail is not accepted: retryable HTTP 500",0,2026-08-03T14:27:20.913892+00:00
https://kinetics.nist.gov/solution/Detail?id=1985KLA/WOL243-245:12,queued,500,unknown,data/new_solution/boundary_probe/boundary_20260621_101630/boundary_detail_1985KLA_WOL243-245_12_20260621T101638_a4a3003c5fe6.html,a4a3003c5fe67729fd706565bed5e2221773468372e0b7dc3ee4e0a52e916a7f,2026-06-21T10:16:38.020919+00:00,"repair-v1: legacy Detail is not accepted: retryable HTTP 500",0,2026-08-03T14:27:20.913892+00:00
https://kinetics.nist.gov/solution/Detail?id=1985KLA/WOL243-245:13,queued,500,unknown,data/new_solution/boundary_probe/boundary_20260624_161614/boundary_detail_1985KLA_WOL243-245_13_20260624T162639_632cb219492a.html,632cb219492ad3da5790f6da64fe52dd6259389b2cd234e0311427ef606fa90d,2026-06-24T16:26:39.296097+00:00,"repair-v1: legacy Detail is not accepted: retryable HTTP 500",1,2026-08-03T14:27:20.913892+00:00
https://kinetics.nist.gov/solution/Detail?id=1985KOE/SOL383-391:9,queued,500,unknown,data/new_solution/boundary_probe/boundary_20260625_071124/boundary_detail_1985KOE_SOL383-391_9_20260625T071333_85b1337cccca.html,85b1337cccca6622d09519458af72659d4e6ca8e0429970cb2cbefad82b08899,2026-06-25T07:13:33.765302+00:00,"repair-v1: legacy Detail is not accepted: retryable HTTP 500",1,2026-08-03T14:27:20.913892+00:00
https://kinetics.nist.gov/solution/Detail?id=1985KUC/KAR81-85:2,queued,500,unknown,data/new_solution/boundary_probe/boundary_20260625_071124/boundary_detail_1985KUC_KAR81-85_2_20260625T071837_3bf91a1d71ab.html,3bf91a1d71ab31a4c0952ed421d8f0a788020120d5a44a68a3ca9ad58f342e3c,2026-06-25T07:18:37.030244+00:00,"repair-v1: legacy Detail is not accepted: retryable HTTP 500",1,2026-08-03T14:27:20.913892+00:00
https://kinetics.nist.gov/solution/Detail?id=1985LAW/SAN1095-1096:2,queued,500,unknown,data/new_solution/boundary_probe/boundary_20260624_161614/boundary_detail_1985LAW_SAN1095-1096_2_20260624T164020_593b039d325f.html,593b039d325f115dfa6ad0b28954f013c1f3f0cf06a34c10a9fce78e8718d8a7,2026-06-24T16:40:20.535317+00:00,"repair-v1: legacy Detail is not accepted: retryable HTTP 500",1,2026-08-03T14:27:20.913892+00:00
https://kinetics.nist.gov/solution/Detail?id=1985LER/TAK739-746:1,queued,500,unknown,data/new_solution/boundary_probe/boundary_20260625_140556/boundary_detail_1985LER_TAK739-746_1_20260625T140659_b2a271bb0c9a.html,b2a271bb0c9a7e9a7116f71f48ff2f70217823093ad6e52040dbb6696d6bfc59,2026-06-25T14:06:59.575082+00:00,"reset retryable HTTP status from boundary probe",2,2026-06-25T15:22:47.446712+00:00
https://kinetics.nist.gov/solution/Detail?id=1985MOE/GOE647-651:6,queued,500,unknown,data/new_solution/boundary_probe/boundary_20260624_161614/boundary_detail_1985MOE_GOE647-651_6_20260624T170202_bf886aadb8b4.html,bf886aadb8b4f8e3bea4fb4eb90afd9bc2229efaa6e09d8219234d6d558a96de,2026-06-24T17:02:02.067189+00:00,"repair-v1: legacy Detail is not accepted: retryable HTTP 500",1,2026-08-03T14:27:20.913892+00:00
https://kinetics.nist.gov/solution/Detail?id=1985MUL/VEN183-188:3,queued,500,unknown,data/new_solution/boundary_probe/boundary_20260624_161614/boundary_detail_1985MUL_VEN183-188_3_20260624T162115_c5c10313096e.html,c5c10313096eaaffbaa3916f6dff5a0cf775aff757642fa3a9730e11dee4a62e,2026-06-24T16:21:15.117938+00:00,"repair-v1: legacy Detail is not accepted: retryable HTTP 500",1,2026-08-03T14:27:20.913892+00:00
https://kinetics.nist.gov/solution/Detail?id=1985PRU/BUT149-156:2,queued,500,unknown,data/new_solution/boundary_probe/boundary_20260625_071124/boundary_detail_1985PRU_BUT149-156_2_20260625T071851_3bcb898c5dbb.html,3bcb898c5dbb145afc0b1738fee0d33d64d65da3c40d6c92075523057701ea19,2026-06-25T07:18:51.332761+00:00,"repair-v1: legacy Detail is not accepted: retryable HTTP 500",1,2026-08-03T14:27:20.913892+00:00
https://kinetics.nist.gov/solution/Detail?id=1985PRY/GIA2793-2797:6,queued,500,unknown,data/nist_solution/archive/o3_20260522T072802Z/detail_rr_20260522T080003_0ef3c08c8756.html,0ef3c08c8756a145ac48f1f271569aff07c1a5da6623084e09f1d73b07bb6580,2026-05-22T08:00:03.737260+00:00,"repair-v1: legacy Detail is not accepted: retryable HTTP 500",5,2026-08-03T14:27:20.913892+00:00
https://kinetics.nist.gov/solution/Detail?id=1985ROT/COH4158-4164:8,queued,500,unknown,data/new_solution/boundary_probe/boundary_20260624_161614/boundary_detail_1985ROT_COH4158-4164_8_20260624T162425_bed16120308f.html,bed16120308f636d3baf15a3e3663941284d8b94e397ee60e6b60bceab733df2,2026-06-24T16:24:25.832293+00:00,"repair-v1: legacy Detail is not accepted: retryable HTTP 500",1,2026-08-03T14:27:20.913892+00:00
https://kinetics.nist.gov/solution/Detail?id=1985RUS/BIE3895-3898:5,queued,500,unknown,data/new_solution/boundary_probe/boundary_20260624_161614/boundary_detail_1985RUS_BIE3895-3898_5_20260624T164630_b053063499e6.html,b053063499e67a2a4c3428f6a79895e3f5661c414f3605b45ac7a6e5284225c0,2026-06-24T16:46:30.131895+00:00,"repair-v1: legacy Detail is not accepted: retryable HTTP 500",1,2026-08-03T14:27:20.913892+00:00
https://kinetics.nist.gov/solution/Detail?id=1985RUS/BIE5062-5066:5,queued,500,unknown,data/nist_solution/archive/o2_20260522T072723Z/detail_rr_20260607T082629_94105358eaef.html,94105358eaef9058cc5e498addeb43894ab95559472612c64edd916e0aa1cbbd,2026-06-07T08:26:29.624840+00:00,"repair-v1: legacy Detail is not accepted: retryable HTTP 500",1,2026-08-03T14:27:20.913892+00:00
https://kinetics.nist.gov/solution/Detail?id=1985SAS/AIZ1182-1190:3,queued,500,unknown,data/nist_solution/archive/o2_20260522T072723Z/detail_rr_20260603T125002_4485030d02a9.html,4485030d02a955b280fbb5314d71f97d156ad0c26b2e0e4bc61dde0a83707adf,2026-06-03T12:50:02.797208+00:00,"repair-v1: legacy Detail is not accepted: retryable HTTP 500",1,2026-08-03T14:27:20.913892+00:00
https://kinetics.nist.gov/solution/Detail?id=1985SAS/GER1937-1945:1,queued,500,unknown,data/new_solution/boundary_probe/boundary_20260625_121139/boundary_detail_1985SAS_GER1937-1945_1_20260625T121448_a8fffd8d8216.html,a8fffd8d8216f0059024696a9729113d9669065264090a26435df3cbbb7fe817,2026-06-25T12:14:48.929241+00:00,"repair-v1: legacy Detail is not accepted: retryable HTTP 500",2,2026-08-03T14:27:20.913892+00:00
https://kinetics.nist.gov/solution/Detail?id=1985SCH/BRO4352-4357:3,queued,500,unknown,data/new_solution/boundary_probe/boundary_20260624_161614/boundary_detail_1985SCH_BRO4352-4357_3_20260624T165618_792355c147e4.html,792355c147e4e50555bbabbe262640db46bdb6e201494226fc431f071ed610e5,2026-06-24T16:56:18.299913+00:00,"repair-v1: legacy Detail is not accepted: retryable HTTP 500",1,2026-08-03T14:27:20.913892+00:00
https://kinetics.nist.gov/solution/Detail?id=1985SCH/ZEG215-221:3,queued,500,unknown,data/new_solution/boundary_probe/boundary_20260620_190527/boundary_detail_1985SCH_ZEG215-221_3_20260620T190831_d2ab6415eddb.html,d2ab6415eddb94469659f1fa53fa9318b6ac4f5a3e68c300bd2e819a93bbc590,2026-06-20T19:08:31.650163+00:00,"repair-v1: legacy Detail is not accepted: retryable HTTP 500",0,2026-08-03T14:27:20.913892+00:00
https://kinetics.nist.gov/solution/Detail?id=1985SHI/FED117-120:5,queued,500,unknown,data/new_solution/boundary_probe/boundary_20260624_161614/boundary_detail_1985SHI_FED117-120_5_20260624T162041_6f67cac64a82.html,6f67cac64a82d132e8b88e19fde133d8460d7b27f2168bf423d7f37897232f43,2026-06-24T16:20:41.930634+00:00,"repair-v1: legacy Detail is not accepted: retryable HTTP 500",1,2026-08-03T14:27:20.913892+00:00
https://kinetics.nist.gov/solution/Detail?id=1985SOL/SOL1101-1112:3,queued,500,unknown,data/new_solution/boundary_probe/boundary_20260624_161614/boundary_detail_1985SOL_SOL1101-1112_3_20260624T161920_93b2db5085d9.html,93b2db5085d9ed093b7cdf370ca8a124192964100820ef8a37cf63c4e54e1849,2026-06-24T16:19:20.273976+00:00,"repair-v1: legacy Detail is not accepted: retryable HTTP 500",1,2026-08-03T14:27:20.913892+00:00
https://kinetics.nist.gov/solution/Detail?id=1985SOL109-116:4,queued,500,unknown,data/new_solution/boundary_probe/boundary_20260624_155905/boundary_detail_1985SOL109-116_4_20260624T161014_26c3ec056239.html,26c3ec056239bbff1cb8dc4a9749dfe2dd972baf804bc883d6cb72cd794ba34c,2026-06-24T16:10:14.173886+00:00,"repair-v1: legacy Detail is not accepted: retryable HTTP 500",0,2026-08-03T14:27:20.913892+00:00
https://kinetics.nist.gov/solution/Detail?id=1985STA/FED1082-1088:3,queued,500,unknown,data/new_solution/boundary_probe/boundary_20260624_161614/boundary_detail_1985STA_FED1082-1088_3_20260624T165437_d4f16070d335.html,d4f16070d3355b3ceb94751c6365833a4da2daf9e7ef16f990a92ab52345a587,2026-06-24T16:54:37.440127+00:00,"repair-v1: legacy Detail is not accepted: retryable HTTP 500",1,2026-08-03T14:27:20.913892+00:00
https://kinetics.nist.gov/solution/Detail?id=1985SUR/BAD1357-1364:1,queued,500,unknown,data/new_solution/boundary_probe/boundary_20260625_121139/boundary_detail_1985SUR_BAD1357-1364_1_20260625T121340_da0ea031f160.html,da0ea031f160f1302c39e74225b2dcd40a7ddf896984d667d82200281c845e3d,2026-06-25T12:13:40.686498+00:00,"reset retryable HTTP status from boundary probe",2,2026-07-29T12:26:07.188424+00:00
https://kinetics.nist.gov/solution/Detail?id=1985THO/LAN49-57:1,queued,500,unknown,data/new_solution/boundary_probe/boundary_20260627_103328/boundary_detail_1985THO_LAN49-57_1_20260627T105730_d9a6a58c043b.html,d9a6a58c043bd5e13ece5bd806eba3a5900ec7353abadd8f1e6f941b2b0369aa,2026-06-27T10:57:30.603772+00:00,"repair-v1: legacy Detail is not accepted: retryable HTTP 500",2,2026-08-03T14:27:20.913892+00:00
https://kinetics.nist.gov/solution/Detail?id=1985THO/VAS36-44:5,queued,500,unknown,data/new_solution/boundary_probe/boundary_20260624_161614/boundary_detail_1985THO_VAS36-44_5_20260624T162347_879ea786e813.html,879ea786e81355c6f60eddbee95ebce558dd284a15cdbba85ae47ba9ed5d0a04,2026-06-24T16:23:47.756507+00:00,"repair-v1: legacy Detail is not accepted: retryable HTTP 500",1,2026-08-03T14:27:20.913892+00:00
https://kinetics.nist.gov/solution/Detail?id=1985VEN/PER1824-1826:4,queued,500,unknown,data/new_solution/boundary_probe/boundary_20260624_155905/boundary_detail_1985VEN_PER1824-1826_4_20260624T161209_ea8fb9a3fdc3.html,ea8fb9a3fdc3e664a6f5bcec2b2781045fb58469c1e1e43843b91586f496e765,2026-06-24T16:12:09.923872+00:00,"repair-v1: legacy Detail is not accepted: retryable HTTP 500",0,2026-08-03T14:27:20.913892+00:00
https://kinetics.nist.gov/solution/Detail?id=1985WAN/WAN14-18:2,queued,500,unknown,data/new_solution/boundary_probe/boundary_20260624_161614/boundary_detail_1985WAN_WAN14-18_2_20260624T165642_88f6bf908b32.html,88f6bf908b32577e76b78c3f773ddb470a11aae0ee4dc3ae4e89968b2dfecb38,2026-06-24T16:56:42.429172+00:00,"repair-v1: legacy Detail is not accepted: retryable HTTP 500",1,2026-08-03T14:27:20.913892+00:00
https://kinetics.nist.gov/solution/Detail?id=1985WAR309-320:2,queued,500,unknown,data/new_solution/boundary_probe/boundary_20260624_161614/boundary_detail_1985WAR309-320_2_20260624T162406_5bd2255bdf04.html,5bd2255bdf0431b0cc75e9cbe16349594f42f6fc41f02ce1d7cd9a623d0eea9b,2026-06-24T16:24:06.888584+00:00,"repair-v1: legacy Detail is not accepted: retryable HTTP 500",1,2026-08-03T14:27:20.913892+00:00
https://kinetics.nist.gov/solution/Detail?id=1985XU/XU17-19:6,queued,500,unknown,data/new_solution/boundary_probe/boundary_20260625_071124/boundary_detail_1985XU_XU17-19_6_20260625T071846_847f2a33dd6f.html,847f2a33dd6f24c64ac2bc77fe48727e546ed644e4cbf21342fc76ac1ea4c531,2026-06-25T07:18:46.516304+00:00,"repair-v1: legacy Detail is not accepted: retryable HTTP 500",1,2026-08-03T14:27:20.913892+00:00
https://kinetics.nist.gov/solution/Detail?id=1986ALD/BON277-284:11,queued,500,unknown,data/new_solution/boundary_probe/boundary_20260624_161614/boundary_detail_1986ALD_BON277-284_11_20260624T164117_07993b68c323.html,07993b68c323baff3e7840fc3c35d33b180cc1b9fcf286dbe3d26346431dd2fa,2026-06-24T16:41:17.730451+00:00,"repair-v1: legacy Detail is not accepted: retryable HTTP 500",1,2026-08-03T14:27:20.913892+00:00
https://kinetics.nist.gov/solution/Detail?id=1986ALF/HAR1315-1321:9,queued,500,unknown,data/new_solution/boundary_probe/boundary_20260624_161614/boundary_detail_1986ALF_HAR1315-1321_9_20260624T162547_5f4c7e77b2d9.html,5f4c7e77b2d9b3f23674caa8cc42c557171a39b8a7fd95c83a4ce06c1bbcced0,2026-06-24T16:25:47.051839+00:00,"repair-v1: legacy Detail is not accepted: retryable HTTP 500",1,2026-08-03T14:27:20.913892+00:00
https://kinetics.nist.gov/solution/Detail?id=1986ALF/HUI4156-4158:16,queued,500,unknown,data/new_solution/boundary_probe/boundary_20260624_155905/boundary_detail_1986ALF_HUI4156-4158_16_20260624T160253_79d7ce9746eb.html,79d7ce9746eb8b631b493dc1136b86ecbdf07ffea6734010949186ecade1d2a1,2026-06-24T16:02:53.172851+00:00,"repair-v1: legacy Detail is not accepted: retryable HTTP 500",0,2026-08-03T14:27:20.913892+00:00
https://kinetics.nist.gov/solution/Detail?id=1986ALS/HUG107-115:2,queued,500,unknown,data/new_solution/boundary_probe/boundary_20260624_161614/boundary_detail_1986ALS_HUG107-115_2_20260624T162454_de5ec70fcfb2.html,de5ec70fcfb2f1fd178d1e6c73b9d16ca00c38f5c79994ce4b450689d3148238,2026-06-24T16:24:54.310357+00:00,"repair-v1: legacy Detail is not accepted: retryable HTTP 500",1,2026-08-03T14:27:20.913892+00:00
https://kinetics.nist.gov/solution/Detail?id=1986ALS/HUG151-165:3,queued,500,unknown,data/new_solution/boundary_probe/boundary_20260624_161614/boundary_detail_1986ALS_HUG151-165_3_20260624T165214_d244e29f5d84.html,d244e29f5d8456645c3d1547d0b0a15013c13d74115a8f1c8fa12af825664cd8,2026-06-24T16:52:14.292241+00:00,"repair-v1: legacy Detail is not accepted: retryable HTTP 500",1,2026-08-03T14:27:20.913892+00:00
https://kinetics.nist.gov/solution/Detail?id=1986BAK/BUT341-345:7,queued,500,unknown,data/new_solution/boundary_probe/boundary_20260625_071124/boundary_detail_1986BAK_BUT341-345_7_20260625T071129_fdadc3a49af7.html,fdadc3a49af759b96434852fd6773de772effc4a7a9691904ce52e478f0fecf5,2026-06-25T07:11:29.958419+00:00,"repair-v1: legacy Detail is not accepted: retryable HTTP 500",1,2026-08-03T14:27:20.913892+00:00
https://kinetics.nist.gov/solution/Detail?id=1986BAK/ESP719-723:3,queued,500,unknown,data/new_solution/boundary_probe/boundary_20260621_101630/boundary_detail_1986BAK_ESP719-723_3_20260621T101630_bacf697ca9b8.html,bacf697ca9b8355ef4c72993d7223586fb6400e698092816e5b82d266ee88cda,2026-06-21T10:16:30.751564+00:00,"repair-v1: legacy Detail is not accepted: retryable HTTP 500",0,2026-08-03T14:27:20.913892+00:00
https://kinetics.nist.gov/solution/Detail?id=1986BHA/DAS3987-3993:20,queued,500,unknown,data/new_solution/boundary_probe/boundary_20260624_161614/boundary_detail_1986BHA_DAS3987-3993_20_20260624T163004_eface2b2563e.html,eface2b2563e4bd9f7e2a7dd6269d33c088f2af805aa7eca6121bdfe9bb79459,2026-06-24T16:30:04.307690+00:00,"repair-v1: legacy Detail is not accepted: retryable HTTP 500",1,2026-08-03T14:27:20.913892+00:00
https://kinetics.nist.gov/solution/Detail?id=1986BON/ASM1216-1222:4,queued,500,unknown,data/new_solution/boundary_probe/boundary_20260625_071124/boundary_detail_1986BON_ASM1216-1222_4_20260625T071546_0bc23e10b6ad.html,0bc23e10b6ad08dd8ba888df33fd332502ab2404088b1904420e08669221df3a,2026-06-25T07:15:46.397552+00:00,"repair-v1: legacy Detail is not accepted: retryable HTTP 500",1,2026-08-03T14:27:20.913892+00:00
https://kinetics.nist.gov/solution/Detail?id=1986BUT/HOE77-81:7,queued,500,unknown,data/new_solution/boundary_probe/boundary_20260624_161614/boundary_detail_1986BUT_HOE77-81_7_20260624T165501_e6d58aa048b5.html,e6d58aa048b50ae98035830e00a7693fa03f3cf0c8497c80f40cc21d921340d1,2026-06-24T16:55:01.513224+00:00,"repair-v1: legacy Detail is not accepted: retryable HTTP 500",1,2026-08-03T14:27:20.913892+00:00
https://kinetics.nist.gov/solution/Detail?id=1986CAZ/AUB952-953:10,queued,500,unknown,data/new_solution/boundary_probe/boundary_20260620_190527/boundary_detail_1986CAZ_AUB952-953_10_20260620T190749_6fabb521ba47.html,6fabb521ba47dfcd7f5ea9fe2928f5e0fce3295cd66d6d8fd043030735185d04,2026-06-20T19:07:49.688892+00:00,"repair-v1: legacy Detail is not accepted: retryable HTTP 500",0,2026-08-03T14:27:20.913892+00:00
https://kinetics.nist.gov/solution/Detail?id=1986CLE/LES1440-1446:15,queued,500,unknown,data/new_solution/boundary_probe/boundary_20260624_155905/boundary_detail_1986CLE_LES1440-1446_15_20260624T160045_49a26f165d8c.html,49a26f165d8ce0d4e33c1bb158b9d93af85a2adba884e482551c7e55268a1800,2026-06-24T16:00:45.453319+00:00,"repair-v1: legacy Detail is not accepted: retryable HTTP 500",0,2026-08-03T14:27:20.913892+00:00
https://kinetics.nist.gov/solution/Detail?id=1986CON/ESP1070-1072:1,queued,500,unknown,data/new_solution/boundary_probe/boundary_20260625_121139/boundary_detail_1986CON_ESP1070-1072_1_20260625T121237_1b1bb5072c09.html,1b1bb5072c09ed656a37fa94dc256fa920a43ac2594eb3d34c65318d052f2688,2026-06-25T12:12:37.340906+00:00,"reset retryable HTTP status from boundary probe",2,2026-07-29T12:26:07.227465+00:00
https://kinetics.nist.gov/solution/Detail?id=1986DAR/MOG303-308:7,queued,500,unknown,data/new_solution/boundary_probe/boundary_20260624_161614/boundary_detail_1986DAR_MOG303-308_7_20260624T163515_40182705d937.html,40182705d937bf4f4b78ddfa148e17bd8b83dcf887e77ccb429c745932c57d03,2026-06-24T16:35:15.196402+00:00,"repair-v1: legacy Detail is not accepted: retryable HTTP 500",1,2026-08-03T14:27:20.913892+00:00
https://kinetics.nist.gov/solution/Detail?id=1986DAR/TAT157-163:17,queued,500,unknown,data/new_solution/boundary_probe/boundary_20260624_155905/boundary_detail_1986DAR_TAT157-163_17_20260624T160345_24981f4494db.html,24981f4494db2e653f07069e79014cb38548579c93b9927def2ec3256ee64349,2026-06-24T16:03:45.199774+00:00,"repair-v1: legacy Detail is not accepted: retryable HTTP 500",0,2026-08-03T14:27:20.913892+00:00
https://kinetics.nist.gov/solution/Detail?id=1986DAR/WIL199-215:4,queued,500,unknown,data/new_solution/boundary_probe/boundary_20260624_161614/boundary_detail_1986DAR_WIL199-215_4_20260624T163009_8bcea83a3db8.html,8bcea83a3db8064b924a7a9d9bf895f35142114b620a201dd1f769e4c4249720,2026-06-24T16:30:09.008490+00:00,"repair-v1: legacy Detail is not accepted: retryable HTTP 500",1,2026-08-03T14:27:20.913892+00:00
https://kinetics.nist.gov/solution/Detail?id=1986DEA1627-1635:7,queued,500,unknown,data/new_solution/boundary_probe/boundary_20260624_161614/boundary_detail_1986DEA1627-1635_7_20260624T170323_2b5c20b178f5.html,2b5c20b178f51bb5b46a36a04d9f7216266123cb7d57d24b4a6a037e0c259880,2026-06-24T17:03:23.313280+00:00,"repair-v1: legacy Detail is not accepted: retryable HTTP 500",1,2026-08-03T14:27:20.913892+00:00
https://kinetics.nist.gov/solution/Detail?id=1986EPP/FAI76-78B:5,queued,500,unknown,data/new_solution/boundary_probe/boundary_20260624_161614/boundary_detail_1986EPP_FAI76-78B_5_20260624T161925_c3cec55db02e.html,c3cec55db02e64253451093d22e45f2dfbce5c9ef1d13fa20c1c0ce1675acdc7,2026-06-24T16:19:25.089966+00:00,"repair-v1: legacy Detail is not accepted: retryable HTTP 500",1,2026-08-03T14:27:20.913892+00:00
https://kinetics.nist.gov/solution/Detail?id=1986ERB/BOR419-424:8,queued,500,unknown,data/new_solution/boundary_probe/boundary_20260621_101630/boundary_detail_1986ERB_BOR419-424_8_20260621T101655_7eda57edc77b.html,7eda57edc77be1d85076287e0f82e0c17a34309390267bbb3d83917975e8281d,2026-06-21T10:16:55.993270+00:00,"repair-v1: legacy Detail is not accepted: retryable HTTP 500",0,2026-08-03T14:27:20.913892+00:00
https://kinetics.nist.gov/solution/Detail?id=1986FOR/MOR1-6:14,queued,500,unknown,data/new_solution/boundary_probe/boundary_20260624_161614/boundary_detail_1986FOR_MOR1-6_14_20260624T161900_49af438260f5.html,49af438260f5e065599cfe83bb68be3ac784c99022e3591fd48342e49f90ffef,2026-06-24T16:19:00.797945+00:00,"repair-v1: legacy Detail is not accepted: retryable HTTP 500",1,2026-08-03T14:27:20.913892+00:00
https://kinetics.nist.gov/solution/Detail?id=1986GOL/CZA2244-2250:2,queued,500,unknown,data/new_solution/boundary_probe/boundary_20260624_161614/boundary_detail_1986GOL_CZA2244-2250_2_20260624T163927_a0087da16a7d.html,a0087da16a7d46bf10a00ec0d4f0aead342099e9292a56bfa8c38ea52065bee3,2026-06-24T16:39:27.613330+00:00,"repair-v1: legacy Detail is not accepted: retryable HTTP 500",1,2026-08-03T14:27:20.913892+00:00
https://kinetics.nist.gov/solution/Detail?id=1986GRI/PLY33-38:2,queued,500,unknown,data/new_solution/boundary_probe/boundary_20260624_161614/boundary_detail_1986GRI_PLY33-38_2_20260624T162459_d5a15fc51a20.html,d5a15fc51a200d1a1d3cd6ae0c03697e0c491293c05f54f4fbe585f6e5c762ec,2026-06-24T16:24:59.028920+00:00,"repair-v1: legacy Detail is not accepted: retryable HTTP 500",1,2026-08-03T14:27:20.913892+00:00
https://kinetics.nist.gov/solution/Detail?id=1986JOV/SIM974-978:16,queued,500,unknown,data/new_solution/boundary_probe/boundary_20260620_190527/boundary_detail_1986JOV_SIM974-978_16_20260620T190859_8e1f52ec07ab.html,8e1f52ec07abf2d81e710dbf45ec5d9cca5b1936f13510d34428d3c4374bf8e3,2026-06-20T19:08:59.765385+00:00,"repair-v1: legacy Detail is not accepted: retryable HTTP 500",0,2026-08-03T14:27:20.913892+00:00
https://kinetics.nist.gov/solution/Detail?id=1986JUB/MEY2509-2513:3,queued,500,unknown,data/new_solution/boundary_probe/boundary_20260624_155905/boundary_detail_1986JUB_MEY2509-2513_3_20260624T155953_189d627b5b2e.html,189d627b5b2eedac8a01552e6b03d961fe295fb03812a592678a2e876c2c9d91,2026-06-24T15:59:53.533791+00:00,"repair-v1: legacy Detail is not accepted: retryable HTTP 500",0,2026-08-03T14:27:20.913892+00:00
https://kinetics.nist.gov/solution/Detail?id=1986KRU569-575:4,queued,500,unknown,data/new_solution/boundary_probe/boundary_20260624_161614/boundary_detail_1986KRU569-575_4_20260624T165043_c78bd957dd09.html,c78bd957dd09af3ca76545c3c43a3ea3ad8e95286a799c4fed9cfe5ff751f33a,2026-06-24T16:50:43.388984+00:00,"repair-v1: legacy Detail is not accepted: retryable HTTP 500",1,2026-08-03T14:27:20.913892+00:00
https://kinetics.nist.gov/solution/Detail?id=1986LEG/SUG209-214:4,queued,500,unknown,data/new_solution/boundary_probe/boundary_20260625_071124/boundary_detail_1986LEG_SUG209-214_4_20260625T071614_024d986df65f.html,024d986df65fb8d45e19458faa8e813cfe84b2326430b59a83e2e404983989d7,2026-06-25T07:16:14.686100+00:00,"repair-v1: legacy Detail is not accepted: retryable HTTP 500",1,2026-08-03T14:27:20.913892+00:00
https://kinetics.nist.gov/solution/Detail?id=1986MAS/BUT339-353:3,queued,500,unknown,data/new_solution/boundary_probe/boundary_20260624_161614/boundary_detail_1986MAS_BUT339-353_3_20260624T170206_d14a3563e9c4.html,d14a3563e9c444d2356decf58c71162ac61859d3e18dfedd0911d1b0912c71fb,2026-06-24T17:02:06.865659+00:00,"repair-v1: legacy Detail is not accepted: retryable HTTP 500",1,2026-08-03T14:27:20.913892+00:00
https://kinetics.nist.gov/solution/Detail?id=1986MIY/FUK57-65:4,queued,500,unknown,data/new_solution/boundary_probe/boundary_20260624_161614/boundary_detail_1986MIY_FUK57-65_4_20260624T170031_2f57a5e5a542.html,2f57a5e5a54269d52a0529aef00e5b9b4622ec03afd8a1f45be03342bb8715d9,2026-06-24T17:00:31.808906+00:00,"repair-v1: legacy Detail is not accepted: retryable HTTP 500",1,2026-08-03T14:27:20.913892+00:00
https://kinetics.nist.gov/solution/Detail?id=1986NET/SIL703-707:2,queued,500,unknown,data/new_solution/boundary_probe/boundary_20260624_161614/boundary_detail_1986NET_SIL703-707_2_20260624T162304_cfa3ea1c7b3f.html,cfa3ea1c7b3f6236875812f3880c50aa446eb8ff01006516b595373ee577733c,2026-06-24T16:23:04.905174+00:00,"repair-v1: legacy Detail is not accepted: retryable HTTP 500",1,2026-08-03T14:27:20.913892+00:00
https://kinetics.nist.gov/solution/Detail?id=1986PAS/MAR192-194B:2,queued,500,unknown,data/new_solution/boundary_probe/boundary_20260624_161614/boundary_detail_1986PAS_MAR192-194B_2_20260624T163456_e72a3a8feea3.html,e72a3a8feea32f8155a01959322e7ea4b49cb3b3bb4856a9b282a5c9b82b0c64,2026-06-24T16:34:56.026648+00:00,"repair-v1: legacy Detail is not accepted: retryable HTTP 500",1,2026-08-03T14:27:20.913892+00:00
https://kinetics.nist.gov/solution/Detail?id=1986PIN/MAE4249-4252:3,queued,500,unknown,data/new_solution/boundary_probe/boundary_20260624_161614/boundary_detail_1986PIN_MAE4249-4252_3_20260624T163153_801df99deb3a.html,801df99deb3a94f3ff76013b8d61e1e576d47c2e866b2a5e1c2d42890cc682e9,2026-06-24T16:31:53.991798+00:00,"repair-v1: legacy Detail is not accepted: retryable HTTP 500",1,2026-08-03T14:27:20.913892+00:00
https://kinetics.nist.gov/solution/Detail?id=1986PRA/HOF2568-2573:2,queued,500,unknown,data/new_solution/boundary_probe/boundary_20260625_071124/boundary_detail_1986PRA_HOF2568-2573_2_20260625T071702_7044be6c44a8.html,7044be6c44a8da085c26cd5596f014136783e4167c132ef646d65af2ff414ce3,2026-06-25T07:17:02.172000+00:00,"repair-v1: legacy Detail is not accepted: retryable HTTP 500",1,2026-08-03T14:27:20.913892+00:00
https://kinetics.nist.gov/solution/Detail?id=1986RIB/SAB47-49B:2,queued,500,unknown,data/new_solution/boundary_probe/boundary_20260624_155905/boundary_detail_1986RIB_SAB47-49B_2_20260624T160538_fef45d477f72.html,fef45d477f7254f0033a0f80a4edd221908a736c85cfdd37c69882052067a925,2026-06-24T16:05:38.182049+00:00,"repair-v1: legacy Detail is not accepted: retryable HTTP 500",0,2026-08-03T14:27:20.913892+00:00
https://kinetics.nist.gov/solution/Detail?id=1986RUS/BIE523-525:4,queued,500,unknown,data/new_solution/boundary_probe/boundary_20260625_071124/boundary_detail_1986RUS_BIE523-525_4_20260625T071740_655e1995bf81.html,655e1995bf816bfb9744d882997e3eabc850a6dce0337f600fdf189596c93050,2026-06-25T07:17:40.109760+00:00,"repair-v1: legacy Detail is not accepted: retryable HTTP 500",1,2026-08-03T14:27:20.913892+00:00
https://kinetics.nist.gov/solution/Detail?id=1986SAB/DEL1738-1742:4,queued,500,unknown,data/new_solution/boundary_probe/boundary_20260624_161614/boundary_detail_1986SAB_DEL1738-1742_4_20260624T165204_4d11ec3aa2eb.html,4d11ec3aa2eb715db9bf7d076bd0ad2f367eccd38acd88d65ef7ad1ba3e008cd,2026-06-24T16:52:04.438522+00:00,"repair-v1: legacy Detail is not accepted: retryable HTTP 500",1,2026-08-03T14:27:20.913892+00:00
https://kinetics.nist.gov/solution/Detail?id=1986SIM/HUN227-230:1,queued,500,unknown,data/nist_solution/archive/isopropanol_20260610T123839Z/detail_rr_20260611T095722_8c9753dde0ac.html,8c9753dde0ac6401bb73af602a1e7e4f5f69c1533f6495887cc7d47fadc818b3,2026-06-11T09:57:22.376103+00:00,"repair-v1: legacy Detail is not accepted: retryable HTTP 500",12,2026-08-03T14:27:20.913892+00:00
https://kinetics.nist.gov/solution/Detail?id=1986THO/CAP745-755:4,queued,500,unknown,data/new_solution/boundary_probe/boundary_20260624_155905/boundary_detail_1986THO_CAP745-755_4_20260624T160653_4fa91fa891d7.html,4fa91fa891d7dc7025a9d3dd15c39cf472d0aa443defebb6e4d7a55185d44063,2026-06-24T16:06:53.805457+00:00,"repair-v1: legacy Detail is not accepted: retryable HTTP 500",0,2026-08-03T14:27:20.913892+00:00
https://kinetics.nist.gov/solution/Detail?id=1986VEN/MOZ847-850:9,queued,500,unknown,data/new_solution/boundary_probe/boundary_20260624_161614/boundary_detail_1986VEN_MOZ847-850_9_20260624T161752_c2682ae7c4b6.html,c2682ae7c4b6160affcfd935a0f0297e9e19a0fa5ce213b44e0b57db5ef567b0,2026-06-24T16:17:52.376553+00:00,"repair-v1: legacy Detail is not accepted: retryable HTTP 500",1,2026-08-03T14:27:20.913892+00:00
https://kinetics.nist.gov/solution/Detail?id=1986WAG/KAR861-867:2,queued,500,unknown,data/new_solution/boundary_probe/boundary_20260624_161614/boundary_detail_1986WAG_KAR861-867_2_20260624T164713_1f30d00472c6.html,1f30d00472c66866cef19222ef0c22e60f5c09fdb9a75d321240c0de441a3f9f,2026-06-24T16:47:13.405660+00:00,"repair-v1: legacy Detail is not accepted: retryable HTTP 500",1,2026-08-03T14:27:20.913892+00:00
https://kinetics.nist.gov/solution/Detail?id=1986WEI/LEV649-658:25,queued,500,unknown,data/new_solution/boundary_probe/boundary_20260625_071124/boundary_detail_1986WEI_LEV649-658_25_20260625T071310_c7ded386531f.html,c7ded386531f5fffa62f85bf3b2acc206fab35063741275a1857052f139bbefc,2026-06-25T07:13:10.085630+00:00,"repair-v1: legacy Detail is not accepted: retryable HTTP 500",1,2026-08-03T14:27:20.913892+00:00
https://kinetics.nist.gov/solution/Detail?id=1986YE/MAD5397-5399:4,queued,500,unknown,data/new_solution/boundary_probe/boundary_20260624_155905/boundary_detail_1986YE_MAD5397-5399_4_20260624T160658_08eb60696f37.html,08eb60696f37bf004f3fd25c160b8025878ed834ea21cd3f9e85f83c9ae5df3a,2026-06-24T16:06:58.534971+00:00,"repair-v1: legacy Detail is not accepted: retryable HTTP 500",0,2026-08-03T14:27:20.913892+00:00
https://kinetics.nist.gov/solution/Detail?id=1986ZHA/MA1065-1069:6,queued,500,unknown,data/new_solution/boundary_probe/boundary_20260624_161614/boundary_detail_1986ZHA_MA1065-1069_6_20260624T162829_5bed11ef9ce7.html,5bed11ef9ce7c4f2f94d1db336a8b714219ddb66c53f18db611e31f00728e55f,2026-06-24T16:28:29.157417+00:00,"repair-v1: legacy Detail is not accepted: retryable HTTP 500",1,2026-08-03T14:27:20.913892+00:00
https://kinetics.nist.gov/solution/Detail?id=1987AKH/ALB71-83:18,queued,500,unknown,data/new_solution/boundary_probe/boundary_20260624_155905/boundary_detail_1987AKH_ALB71-83_18_20260624T160906_6c5b30db434f.html,6c5b30db434fcbc16203dd96853775c54af4ec501684f2599ad7517633c62feb,2026-06-24T16:09:06.858224+00:00,"repair-v1: legacy Detail is not accepted: retryable HTTP 500",0,2026-08-03T14:27:20.913892+00:00
https://kinetics.nist.gov/solution/Detail?id=1987ALF/HAR2120-2122:4,queued,500,unknown,data/new_solution/boundary_probe/boundary_20260624_161614/boundary_detail_1987ALF_HAR2120-2122_4_20260624T162907_72c2ab86d639.html,72c2ab86d6391d04fca8166282d8571b56cc7111129302d5bd78d6d12b973ffc,2026-06-24T16:29:07.082455+00:00,"repair-v1: legacy Detail is not accepted: retryable HTTP 500",1,2026-08-03T14:27:20.913892+00:00
https://kinetics.nist.gov/solution/Detail?id=1987ALF/MOS3383-3385:16,queued,500,unknown,data/new_solution/boundary_probe/boundary_20260624_155905/boundary_detail_1987ALF_MOS3383-3385_16_20260624T161024_68416387d5c4.html,68416387d5c44b31bba813066b81c54ad5dc404ec148b8190d33ac39041dc823,2026-06-24T16:10:24.030595+00:00,"repair-v1: legacy Detail is not accepted: retryable HTTP 500",0,2026-08-03T14:27:20.913892+00:00
https://kinetics.nist.gov/solution/Detail?id=1987ALF405-406:5,queued,500,unknown,data/new_solution/boundary_probe/boundary_20260625_071124/boundary_detail_1987ALF405-406_5_20260625T071900_adfc10a36794.html,adfc10a36794310bc4b42dfca67faa0cdc5974e399abbeaaad6832560bf474c9,2026-06-25T07:19:00.869600+00:00,"repair-v1: legacy Detail is not accepted: retryable HTTP 500",1,2026-08-03T14:27:20.913892+00:00
https://kinetics.nist.gov/solution/Detail?id=1987BAK/ESP4096-4099:1,queued,500,unknown,data/new_solution/boundary_probe/boundary_20260625_121139/boundary_detail_1987BAK_ESP4096-4099_1_20260625T121409_e30d52a6804d.html,e30d52a6804dfa5f31c611b6c062815e9a26a94f6046f2e4c8ffba8908e2dc1a,2026-06-25T12:14:09.935449+00:00,"reset retryable HTTP status from boundary probe",2,2026-07-29T12:26:07.299630+00:00
https://kinetics.nist.gov/solution/Detail?id=1987BAR/LAW4843-4855:2,queued,500,unknown,data/new_solution/boundary_probe/boundary_20260624_161614/boundary_detail_1987BAR_LAW4843-4855_2_20260624T163301_9a8f342f22dc.html,9a8f342f22dc36bdf2ba45516bfbb5d77d5fba1124e5878f101a68819ffda144,2026-06-24T16:33:01.366273+00:00,"repair-v1: legacy Detail is not accepted: retryable HTTP 500",1,2026-08-03T14:27:20.913892+00:00
https://kinetics.nist.gov/solution/Detail?id=1987BEH/NET253-260:2,queued,500,unknown,data/new_solution/boundary_probe/boundary_20260624_155905/boundary_detail_1987BEH_NET253-260_2_20260624T160248_1c59f2c18cb5.html,1c59f2c18cb598899e600229dc9725e0d1d365cda3fe1e13c514134e4fdf0c51,2026-06-24T16:02:48.489219+00:00,"repair-v1: legacy Detail is not accepted: retryable HTTP 500",0,2026-08-03T14:27:20.913892+00:00
https://kinetics.nist.gov/solution/Detail?id=1987BEN1805-1813:5,queued,500,unknown,data/new_solution/boundary_probe/boundary_20260624_161614/boundary_detail_1987BEN1805-1813_5_20260624T163951_8f32e3648ab7.html,8f32e3648ab7bfee43959e54cb4e8e4035729a1bce39ca47c70308ee8237656c,2026-06-24T16:39:51.876973+00:00,"repair-v1: legacy Detail is not accepted: retryable HTTP 500",1,2026-08-03T14:27:20.913892+00:00
https://kinetics.nist.gov/solution/Detail?id=1987BIE/THO7761-7764:3,queued,500,unknown,data/new_solution/boundary_probe/boundary_20260624_161614/boundary_detail_1987BIE_THO7761-7764_3_20260624T163752_402a7a0efab7.html,402a7a0efab7402bd5af69989360e27ef170fd178d292b2243ed9b03de48e4d6,2026-06-24T16:37:52.386217+00:00,"repair-v1: legacy Detail is not accepted: retryable HTTP 500",1,2026-08-03T14:27:20.913892+00:00
https://kinetics.nist.gov/solution/Detail?id=1987BJE/NAV59-62:2,queued,500,unknown,data/new_solution/boundary_probe/boundary_20260624_161614/boundary_detail_1987BJE_NAV59-62_2_20260624T163640_61364da04cd0.html,61364da04cd074b2ce84ccfcbddef47f999a47e6449d9c301620df7271a38fe4,2026-06-24T16:36:40.918654+00:00,"repair-v1: legacy Detail is not accepted: retryable HTTP 500",1,2026-08-03T14:27:20.913892+00:00
https://kinetics.nist.gov/solution/Detail?id=1987BOB/DAS1210-1215:3,queued,500,unknown,data/new_solution/boundary_probe/boundary_20260624_155905/boundary_detail_1987BOB_DAS1210-1215_3_20260624T160940_909b7c6eaf04.html,909b7c6eaf0423640e41ba048f4bf3d5c9fe9cbf7aa36a9d0c74c7b3f3d0be2d,2026-06-24T16:09:40.528786+00:00,"repair-v1: legacy Detail is not accepted: retryable HTTP 500",0,2026-08-03T14:27:20.913892+00:00
https://kinetics.nist.gov/solution/Detail?id=1987BUE11995-11998:4,queued,500,unknown,data/nist_solution/archive/o2_20260522T072723Z/detail_rr_20260606T091827_65e43f444837.html,65e43f44483711ff2b062f26df4a2d87fc72730897ef2b24b24d62e50fc7c180,2026-06-06T09:18:27.424989+00:00,"repair-v1: legacy Detail is not accepted: retryable HTTP 500",2,2026-08-03T14:27:20.913892+00:00
https://kinetics.nist.gov/solution/Detail?id=1987BUT/HOE144-149:3,queued,500,unknown,data/new_solution/boundary_probe/boundary_20260624_161614/boundary_detail_1987BUT_HOE144-149_3_20260624T163046_96a303ce1b31.html,96a303ce1b31c2b1b055575e9215af436c8851c5eb03cc2709545927da9a2f9e,2026-06-24T16:30:46.980234+00:00,"repair-v1: legacy Detail is not accepted: retryable HTTP 500",1,2026-08-03T14:27:20.913892+00:00
https://kinetics.nist.gov/solution/Detail?id=1987BUT/HOE53-59:5,queued,500,unknown,data/new_solution/boundary_probe/boundary_20260624_161614/boundary_detail_1987BUT_HOE53-59_5_20260624T165112_951ddadf045b.html,951ddadf045b8eb71f87b3ca7d68b3ce0392c5742926d53b872c4f519705437a,2026-06-24T16:51:12.129270+00:00,"repair-v1: legacy Detail is not accepted: retryable HTTP 500",1,2026-08-03T14:27:20.913892+00:00
https://kinetics.nist.gov/solution/Detail?id=1987CAP/INS13-22:2,queued,500,unknown,data/new_solution/boundary_probe/boundary_20260624_155905/boundary_detail_1987CAP_INS13-22_2_20260624T160359_58d4079c2faf.html,58d4079c2fafb04cb2c0775a115d622c8a1a10d514f854a60d76dfac121bf09c,2026-06-24T16:03:59.240484+00:00,"repair-v1: legacy Detail is not accepted: retryable HTTP 500",0,2026-08-03T14:27:20.913892+00:00
https://kinetics.nist.gov/solution/Detail?id=1987CHA/CHE957-964:5,queued,500,unknown,data/new_solution/boundary_probe/boundary_20260624_155905/boundary_detail_1987CHA_CHE957-964_5_20260624T161219_0a899e0773b4.html,0a899e0773b4a17b34553113c8b59b522c2bdcbd0eb073ba9444ba6ed467a8f2,2026-06-24T16:12:19.509025+00:00,"repair-v1: legacy Detail is not accepted: retryable HTTP 500",0,2026-08-03T14:27:20.913892+00:00
https://kinetics.nist.gov/solution/Detail?id=1987CHA/JAM81-99:3,queued,500,unknown,data/new_solution/boundary_probe/boundary_20260624_161614/boundary_detail_1987CHA_JAM81-99_3_20260624T164044_1e03042b950d.html,1e03042b950d1ee6e7271d4e30409475992d13321baf431ccda63342c2fc3af9,2026-06-24T16:40:44.229236+00:00,"repair-v1: legacy Detail is not accepted: retryable HTTP 500",1,2026-08-03T14:27:20.913892+00:00
https://kinetics.nist.gov/solution/Detail?id=1987CLE/NAG294-296:3,queued,500,unknown,data/new_solution/boundary_probe/boundary_20260624_161614/boundary_detail_1987CLE_NAG294-296_3_20260624T164225_67c4915651da.html,67c4915651dad9dde04270b2b9d78be258f38fbf77873c15263582f66ce22308,2026-06-24T16:42:25.175050+00:00,"repair-v1: legacy Detail is not accepted: retryable HTTP 500",1,2026-08-03T14:27:20.913892+00:00
https://kinetics.nist.gov/solution/Detail?id=1987CUD/JOS206-215:2,queued,500,unknown,data/new_solution/boundary_probe/boundary_20260624_161614/boundary_detail_1987CUD_JOS206-215_2_20260624T161836_2d939cb87b28.html,2d939cb87b28f80087ee99dce40fe020b90eb366c90ab40e45dbb655deec67f5,2026-06-24T16:18:36.453978+00:00,"repair-v1: legacy Detail is not accepted: retryable HTTP 500",1,2026-08-03T14:27:20.913892+00:00
https://kinetics.nist.gov/solution/Detail?id=1987DAS/SCH319-323:2,queued,500,unknown,data/new_solution/boundary_probe/boundary_20260625_071124/boundary_detail_1987DAS_SCH319-323_2_20260625T071759_be7a8e57cec5.html,be7a8e57cec5093d97198f55b92d80886716a522b4899b5d8dccfb1c115ed308,2026-06-25T07:17:59.147233+00:00,"repair-v1: legacy Detail is not accepted: retryable HTTP 500",1,2026-08-03T14:27:20.913892+00:00
https://kinetics.nist.gov/solution/Detail?id=1987EGO/DON740-742:3,queued,500,unknown,data/new_solution/boundary_probe/boundary_20260624_161614/boundary_detail_1987EGO_DON740-742_3_20260624T170254_d6e10172ee1d.html,d6e10172ee1d4b159aa25807912cb23ae981a7bc0f579a9c247dfcf70abc2458,2026-06-24T17:02:54.528269+00:00,"repair-v1: legacy Detail is not accepted: retryable HTTP 500",1,2026-08-03T14:27:20.913892+00:00
https://kinetics.nist.gov/solution/Detail?id=1987ERB/BOR393-412:19,queued,500,unknown,data/new_solution/boundary_probe/boundary_20260624_161614/boundary_detail_1987ERB_BOR393-412_19_20260624T165832_72c5c4484469.html,72c5c448446954dab779e952cc0f0acd37c6c711491b168bbf67d3e6f166a3f0,2026-06-24T16:58:32.497901+00:00,"repair-v1: legacy Detail is not accepted: retryable HTTP 500",1,2026-08-03T14:27:20.913892+00:00
https://kinetics.nist.gov/solution/Detail?id=1987FOL183-207B:2,queued,500,unknown,data/new_solution/boundary_probe/boundary_20260621_101630/boundary_detail_1987FOL183-207B_2_20260621T101715_cddaca693cef.html,cddaca693cef42d7bccc2c1005ca732753a1b0cb24d2698474b269a850651bee,2026-06-21T10:17:15.212120+00:00,"repair-v1: legacy Detail is not accepted: retryable HTTP 500",0,2026-08-03T14:27:20.913892+00:00
https://kinetics.nist.gov/solution/Detail?id=1987GOG/SHI1148-1151:12,queued,500,unknown,data/new_solution/boundary_probe/boundary_20260624_161614/boundary_detail_1987GOG_SHI1148-1151_12_20260624T162508_0789a9a63972.html,0789a9a63972c0085431799bc7e960b135877c37d5387473f49910221e61b594,2026-06-24T16:25:08.643723+00:00,"repair-v1: legacy Detail is not accepted: retryable HTTP 500",1,2026-08-03T14:27:20.913892+00:00
https://kinetics.nist.gov/solution/Detail?id=1987GOU/KIR14-18:2,queued,500,unknown,data/new_solution/boundary_probe/boundary_20260625_121139/boundary_detail_1987GOU_KIR14-18_2_20260625T121144_e9a4a18f88b1.html,e9a4a18f88b15d76d09a75e2c80ee6381ec1107cae357d8c002c65929548464b,2026-06-25T12:11:44.385030+00:00,"reset retryable HTTP status from boundary probe",1,2026-07-29T12:26:07.344513+00:00
https://kinetics.nist.gov/solution/Detail?id=1987GSP/PRE23-37:14,queued,500,unknown,data/new_solution/boundary_probe/boundary_20260624_161614/boundary_detail_1987GSP_PRE23-37_14_20260624T170614_2a263631e0c1.html,2a263631e0c1850c1c360824ea946004dacfe27e0ef96566d5be8633a27f7e3e,2026-06-24T17:06:14.856331+00:00,"repair-v1: legacy Detail is not accepted: retryable HTTP 500",1,2026-08-03T14:27:20.913892+00:00
https://kinetics.nist.gov/solution/Detail?id=1987GSP/PRE247-253:5,queued,500,unknown,data/new_solution/boundary_probe/boundary_20260624_161614/boundary_detail_1987GSP_PRE247-253_5_20260624T170449_b8b6ed2e5c87.html,b8b6ed2e5c879b5fdcef2095af270649cdd3c056e7a316402ffe6630bd8d5d16,2026-06-24T17:04:49.249303+00:00,"repair-v1: legacy Detail is not accepted: retryable HTTP 500",1,2026-08-03T14:27:20.913892+00:00
https://kinetics.nist.gov/solution/Detail?id=1987HAA/MIL317-321:4,queued,500,unknown,data/new_solution/boundary_probe/boundary_20260624_161614/boundary_detail_1987HAA_MIL317-321_4_20260624T170147_c70945688167.html,c70945688167e3eae1c8725ba797e1fca8328e22495c185f8bd5f2312b88525d,2026-06-24T17:01:47.740749+00:00,"repair-v1: legacy Detail is not accepted: retryable HTTP 500",1,2026-08-03T14:27:20.913892+00:00
https://kinetics.nist.gov/solution/Detail?id=1987HAM/LAW883-893:7,queued,500,unknown,data/new_solution/boundary_probe/boundary_20260624_155905/boundary_detail_1987HAM_LAW883-893_7_20260624T160349_7640ed4e3b5d.html,7640ed4e3b5d323f02e57bbba2da309f5069f29f8caf6cd62a56ad24face1402,2026-06-24T16:03:49.885007+00:00,"repair-v1: legacy Detail is not accepted: retryable HTTP 500",0,2026-08-03T14:27:20.913892+00:00
https://kinetics.nist.gov/solution/Detail?id=1987JAC/SYK65-66:2,queued,500,unknown,data/new_solution/boundary_probe/boundary_20260624_155905/boundary_detail_1987JAC_SYK65-66_2_20260624T160616_118f7d093860.html,118f7d093860482550a291b4ffdcedd3abe9a0e8dbfb3698bf93e30f1e38561b,2026-06-24T16:06:16.131458+00:00,"repair-v1: legacy Detail is not accepted: retryable HTTP 500",0,2026-08-03T14:27:20.913892+00:00
https://kinetics.nist.gov/solution/Detail?id=1987JEN/FOO325-330:2,queued,500,unknown,data/new_solution/boundary_probe/boundary_20260624_161614/boundary_detail_1987JEN_FOO325-330_2_20260624T164751_124397b10418.html,124397b10418e8d59225539fff30edf9e4e81a7e62ee8143d0a84a0446b8b834,2026-06-24T16:47:51.680464+00:00,"repair-v1: legacy Detail is not accepted: retryable HTTP 500",1,2026-08-03T14:27:20.913892+00:00
https://kinetics.nist.gov/solution/Detail?id=1987LAP/OSV3089-3094:4,queued,500,unknown,data/new_solution/boundary_probe/boundary_20260620_190527/boundary_detail_1987LAP_OSV3089-3094_4_20260620T190707_eace1c112ca9.html,eace1c112ca97ddd0697cf9a9788c51d5b48ac9dd11e84f08af0c7d20a526afd,2026-06-20T19:07:07.473808+00:00,"repair-v1: legacy Detail is not accepted: retryable HTTP 500",0,2026-08-03T14:27:20.913892+00:00
https://kinetics.nist.gov/solution/Detail?id=1987LAP/OSV3089-3094:5,queued,500,unknown,data/new_solution/boundary_probe/boundary_20260624_161614/boundary_detail_1987LAP_OSV3089-3094_5_20260624T164639_cc1ac529132d.html,cc1ac529132d18cd17bc6d4aed6b77be75d0f07069ed93b2279d88b0bb1d2559,2026-06-24T16:46:39.856603+00:00,"repair-v1: legacy Detail is not accepted: retryable HTTP 500",1,2026-08-03T14:27:20.913892+00:00
https://kinetics.nist.gov/solution/Detail?id=1987LAW/SAN1425-1429:7,queued,500,unknown,data/new_solution/boundary_probe/boundary_20260624_161614/boundary_detail_1987LAW_SAN1425-1429_7_20260624T161757_866343f374c2.html,866343f374c28138cc6f8695ddedcd332c874c9e0af313baaacd0ad95caa9898,2026-06-24T16:17:57.226443+00:00,"repair-v1: legacy Detail is not accepted: retryable HTTP 500",1,2026-08-03T14:27:20.913892+00:00
https://kinetics.nist.gov/solution/Detail?id=1987LIE/SUL1408-1410:7,queued,500,unknown,data/new_solution/boundary_probe/boundary_20260624_155905/boundary_detail_1987LIE_SUL1408-1410_7_20260624T161131_e132f38377bc.html,e132f38377bc60f91401e4247c537c5576b4ff9e2e96ceb99f41050b634ff6ea,2026-06-24T16:11:31.402458+00:00,"repair-v1: legacy Detail is not accepted: retryable HTTP 500",0,2026-08-03T14:27:20.913892+00:00
https://kinetics.nist.gov/solution/Detail?id=1987MAT/BRI379-384:3,queued,500,unknown,data/new_solution/boundary_probe/boundary_20260624_161614/boundary_detail_1987MAT_BRI379-384_3_20260624T163251_9aace7099a1b.html,9aace7099a1bba13390a2f0b988d583f5da1d56f4245d14d450d465a469928de,2026-06-24T16:32:51.916432+00:00,"repair-v1: legacy Detail is not accepted: retryable HTTP 500",1,2026-08-03T14:27:20.913892+00:00
https://kinetics.nist.gov/solution/Detail?id=1987MET/MOO253-267:5,queued,500,unknown,data/new_solution/boundary_probe/boundary_20260624_155905/boundary_detail_1987MET_MOO253-267_5_20260624T160828_c56df447866b.html,c56df447866b8e9b82611ac58475735956ab2377739d3a57d084512e05f0dfc3,2026-06-24T16:08:28.651220+00:00,"repair-v1: legacy Detail is not accepted: retryable HTTP 500",0,2026-08-03T14:27:20.913892+00:00
https://kinetics.nist.gov/solution/Detail?id=1987MIL/SCH1590-1596:7,queued,500,unknown,data/new_solution/boundary_probe/boundary_20260624_161614/boundary_detail_1987MIL_SCH1590-1596_7_20260624T165837_bea07883c97d.html,bea07883c97d532e4d16f301c0d5a61cbfd2504dcfac10830801f6d6b0073e8e,2026-06-24T16:58:37.259579+00:00,"repair-v1: legacy Detail is not accepted: retryable HTTP 500",1,2026-08-03T14:27:20.913892+00:00
https://kinetics.nist.gov/solution/Detail?id=1987MON/NOR104-109:2,queued,500,unknown,data/new_solution/boundary_probe/boundary_20260624_161614/boundary_detail_1987MON_NOR104-109_2_20260624T161811_e46ba4fbb79e.html,e46ba4fbb79e3c2f75ff55d9c8befad442b425bf9fe2cbd43378c50f7da2fea9,2026-06-24T16:18:11.851922+00:00,"repair-v1: legacy Detail is not accepted: retryable HTTP 500",1,2026-08-03T14:27:20.913892+00:00
https://kinetics.nist.gov/solution/Detail?id=1987MYI/DEE194-202:3,queued,500,unknown,data/new_solution/boundary_probe/boundary_20260624_161614/boundary_detail_1987MYI_DEE194-202_3_20260624T163820_cd6f99bd3af5.html,cd6f99bd3af5c42665d9c25eaae421b9c2711aa5005863e35783e2a4b0fcbbdf,2026-06-24T16:38:20.847572+00:00,"repair-v1: legacy Detail is not accepted: retryable HTTP 500",1,2026-08-03T14:27:20.913892+00:00
https://kinetics.nist.gov/solution/Detail?id=1987NAH/DAW373-383:2,queued,500,unknown,data/new_solution/boundary_probe/boundary_20260624_161614/boundary_detail_1987NAH_DAW373-383_2_20260624T165554_a7de4e018e2a.html,a7de4e018e2a3b851c8484431a1861b942ce1cbfe7f4c664dc2e47a9baf5a1d7,2026-06-24T16:55:54.128928+00:00,"repair-v1: legacy Detail is not accepted: retryable HTTP 500",1,2026-08-03T14:27:20.913892+00:00
https://kinetics.nist.gov/solution/Detail?id=1987NET/HUI1606-1611:18,queued,500,unknown,data/new_solution/boundary_probe/boundary_20260624_155905/boundary_detail_1987NET_HUI1606-1611_18_20260624T160408_0b2d127fe9a4.html,0b2d127fe9a4dcaaa33a72c673cbe9561e69e0eda27bbd69024ce3aa35fc0b39,2026-06-24T16:04:08.643864+00:00,"repair-v1: legacy Detail is not accepted: retryable HTTP 500",0,2026-08-03T14:27:20.913892+00:00
https://kinetics.nist.gov/solution/Detail?id=1987OLS/ROH12930-12938:1,queued,500,unknown,data/new_solution/boundary_probe/boundary_20260625_121139/boundary_detail_1987OLS_ROH12930-12938_1_20260625T121610_baac918a827e.html,baac918a827efcc6bc4aeeb1b1e879b8cc6b5a0c865f5944285f77544a442f33,2026-06-25T12:16:10.692343+00:00,"reset retryable HTTP status from boundary probe",2,2026-07-29T12:26:07.383426+00:00
https://kinetics.nist.gov/solution/Detail?id=1987ONE/DAV577-587:7,queued,500,unknown,data/new_solution/boundary_probe/boundary_20260624_161614/boundary_detail_1987ONE_DAV577-587_7_20260624T162245_42893665f39e.html,42893665f39ed333a06f0faa8d57f7ad88eb11d78a2da6e61e2ae14cd15f20d2,2026-06-24T16:22:45.908847+00:00,"repair-v1: legacy Detail is not accepted: retryable HTTP 500",1,2026-08-03T14:27:20.913892+00:00
https://kinetics.nist.gov/solution/Detail?id=1987OPI/SCH145-163:2,queued,500,unknown,data/new_solution/boundary_probe/boundary_20260624_155905/boundary_detail_1987OPI_SCH145-163_2_20260624T160800_43a50b8d8982.html,43a50b8d898288ba711dfa35fae9696a89e1fe92ead5edeb9588b8f0fcee60cb,2026-06-24T16:08:00.183706+00:00,"repair-v1: legacy Detail is not accepted: retryable HTTP 500",0,2026-08-03T14:27:20.913892+00:00
https://kinetics.nist.gov/solution/Detail?id=1987PER/GOME106-E127B:25,queued,500,unknown,data/new_solution/boundary_probe/boundary_20260624_155905/boundary_detail_1987PER_GOME106-E127B_25_20260624T160852_9fb58bbaacc8.html,9fb58bbaacc8732253920082be8c40b6cfaab0d3bb52ec3eec7d7b4816c8b19c,2026-06-24T16:08:52.330260+00:00,"repair-v1: legacy Detail is not accepted: retryable HTTP 500",0,2026-08-03T14:27:20.913892+00:00
https://kinetics.nist.gov/solution/Detail?id=1987SAI/BHA375-379:2,queued,500,unknown,data/new_solution/boundary_probe/boundary_20260624_161614/boundary_detail_1987SAI_BHA375-379_2_20260624T164718_41acde3c8177.html,41acde3c81774aadc7fcb82b3bfd0d271f292cb2b17bd9afae44796b60626f2a,2026-06-24T16:47:18.353819+00:00,"repair-v1: legacy Detail is not accepted: retryable HTTP 500",1,2026-08-03T14:27:20.913892+00:00
https://kinetics.nist.gov/solution/Detail?id=1987SCH/DEE441-453:2,queued,500,unknown,data/new_solution/boundary_probe/boundary_20260624_161614/boundary_detail_1987SCH_DEE441-453_2_20260624T164141_7fc8662904c9.html,7fc8662904c95336d9a8ac965af504059e0691d814d6ea8ef90cd437f841911b,2026-06-24T16:41:41.794030+00:00,"repair-v1: legacy Detail is not accepted: retryable HTTP 500",1,2026-08-03T14:27:20.913892+00:00
https://kinetics.nist.gov/solution/Detail?id=1987SEL/ERS573-576B:3,queued,500,unknown,data/new_solution/boundary_probe/boundary_20260624_155905/boundary_detail_1987SEL_ERS573-576B_3_20260624T160635_04ff91ccb66d.html,04ff91ccb66d5c56cfdcb7d638a463332ec4bb4ef1c3fe7deca9319922c9e1e8,2026-06-24T16:06:35.078992+00:00,"repair-v1: legacy Detail is not accepted: retryable HTTP 500",0,2026-08-03T14:27:20.913892+00:00
https://kinetics.nist.gov/solution/Detail?id=1987VEN/PER217-220:4,queued,500,unknown,data/new_solution/boundary_probe/boundary_20260624_161614/boundary_detail_1987VEN_PER217-220_4_20260624T161910_93dc3a5baef2.html,93dc3a5baef26801894986263590ef9a276785e44582930246f093bb42db117e,2026-06-24T16:19:10.589623+00:00,"repair-v1: legacy Detail is not accepted: retryable HTTP 500",1,2026-08-03T14:27:20.913892+00:00
https://kinetics.nist.gov/solution/Detail?id=1987VIE/STE7441-7448:8,queued,500,unknown,data/new_solution/boundary_probe/boundary_20260624_161614/boundary_detail_1987VIE_STE7441-7448_8_20260624T162954_0666f1709709.html,0666f17097097ec87c0e036b62c5d513840adc12dd37dd36f345db86bc72b3da,2026-06-24T16:29:54.835695+00:00,"repair-v1: legacy Detail is not accepted: retryable HTTP 500",1,2026-08-03T14:27:20.913892+00:00
https://kinetics.nist.gov/solution/Detail?id=1987VIS/DEH745-753:2,queued,500,unknown,data/new_solution/boundary_probe/boundary_20260624_155905/boundary_detail_1987VIS_DEH745-753_2_20260624T160146_6784016841a6.html,6784016841a62e0cf00579bb6c25aba603617ed0f5ccbd3773093c123560ac52,2026-06-24T16:01:46.963968+00:00,"repair-v1: legacy Detail is not accepted: retryable HTTP 500",0,2026-08-03T14:27:20.913892+00:00
https://kinetics.nist.gov/solution/Detail?id=1987WAG/STR1317-1321:5,queued,500,unknown,data/new_solution/boundary_probe/boundary_20260624_155905/boundary_detail_1987WAG_STR1317-1321_5_20260624T160151_8284e05773bd.html,8284e05773bddaa6b3d189e4f84bdc961a3dd7ab6de5ab37c6d7e437ffe376e5,2026-06-24T16:01:51.697458+00:00,"repair-v1: legacy Detail is not accepted: retryable HTTP 500",0,2026-08-03T14:27:20.913892+00:00
https://kinetics.nist.gov/solution/Detail?id=1988ALF/HUI85-88:10,queued,500,unknown,data/new_solution/boundary_probe/boundary_20260624_155905/boundary_detail_1988ALF_HUI85-88_10_20260624T161136_2b7ea0c08b77.html,2b7ea0c08b77466c5b879d52f24ac0b117a0141c238f0526c23ba6b8e5f6bcf7,2026-06-24T16:11:36.197673+00:00,"repair-v1: legacy Detail is not accepted: retryable HTTP 500",0,2026-08-03T14:27:20.913892+00:00
https://kinetics.nist.gov/solution/Detail?id=1988AUB/CAZ2013-2014:2,queued,500,unknown,data/new_solution/boundary_probe/boundary_20260624_161614/boundary_detail_1988AUB_CAZ2013-2014_2_20260624T162712_14aa893bcd9c.html,14aa893bcd9c08f8cf8fecdf058cc58abbaa8d317b101e0bf7d1386ca593a719,2026-06-24T16:27:12.860580+00:00,"repair-v1: legacy Detail is not accepted: retryable HTTP 500",1,2026-08-03T14:27:20.913892+00:00
https://kinetics.nist.gov/solution/Detail?id=1988BAK/ZAH315-318:2,queued,500,unknown,data/new_solution/boundary_probe/boundary_20260624_155905/boundary_detail_1988BAK_ZAH315-318_2_20260624T160649_5e7207ba8164.html,5e7207ba8164465d3b3cce34c30d15794026c50f3497f29bc601317bbc4c557e,2026-06-24T16:06:49.137514+00:00,"repair-v1: legacy Detail is not accepted: retryable HTTP 500",0,2026-08-03T14:27:20.913892+00:00
https://kinetics.nist.gov/solution/Detail?id=1988BAZ/PAT177-180:3,queued,500,unknown,data/new_solution/boundary_probe/boundary_20260624_161614/boundary_detail_1988BAZ_PAT177-180_3_20260624T161619_a3f8db324e10.html,a3f8db324e10f7f51c6eb6be23c8af2e94ede036d61f84f5a9b317a375579394,2026-06-24T16:16:19.881561+00:00,"repair-v1: legacy Detail is not accepted: retryable HTTP 500",1,2026-08-03T14:27:20.913892+00:00
https://kinetics.nist.gov/solution/Detail?id=1988BIG/CRA19-28:3,queued,500,unknown,data/new_solution/boundary_probe/boundary_20260624_161614/boundary_detail_1988BIG_CRA19-28_3_20260624T163158_8f2364120003.html,8f2364120003aa8e0d5c90dfaff1b9d2af220fe53f9053986ceb2791da6e14f7,2026-06-24T16:31:58.953946+00:00,"repair-v1: legacy Detail is not accepted: retryable HTTP 500",1,2026-08-03T14:27:20.913892+00:00
https://kinetics.nist.gov/solution/Detail?id=1988BOR/MCG427-434:3,queued,500,unknown,data/new_solution/boundary_probe/boundary_20260624_161614/boundary_detail_1988BOR_MCG427-434_3_20260624T164313_bec84d4911b4.html,bec84d4911b464e644390b82a7fda253ccee221cd671c3726bf8d1ae93a260b1,2026-06-24T16:43:13.326920+00:00,"repair-v1: legacy Detail is not accepted: retryable HTTP 500",1,2026-08-03T14:27:20.913892+00:00
https://kinetics.nist.gov/solution/Detail?id=1988CAR/ARR215-218:2,queued,500,unknown,data/new_solution/boundary_probe/boundary_20260624_161614/boundary_detail_1988CAR_ARR215-218_2_20260624T165126_5f52b9a0be7e.html,5f52b9a0be7e9dd3333c8566714f7480a3d380484e0baa7c9ab62f7d7e322c50,2026-06-24T16:51:26.560520+00:00,"repair-v1: legacy Detail is not accepted: retryable HTTP 500",1,2026-08-03T14:27:20.913892+00:00
https://kinetics.nist.gov/solution/Detail?id=1988CEN/HU1-8:17,queued,500,unknown,data/new_solution/boundary_probe/boundary_20260624_161614/boundary_detail_1988CEN_HU1-8_17_20260624T165525_aab6e378ceae.html,aab6e378ceaef67c607fb552b58e18cae06d81ca6218b89fd441969fcb1adb06,2026-06-24T16:55:25.465443+00:00,"repair-v1: legacy Detail is not accepted: retryable HTTP 500",1,2026-08-03T14:27:20.913892+00:00
https://kinetics.nist.gov/solution/Detail?id=1988CHA/MCL647-656:7,queued,500,unknown,data/new_solution/boundary_probe/boundary_20260624_161614/boundary_detail_1988CHA_MCL647-656_7_20260624T162950_152ef347bdb4.html,152ef347bdb4b68c2fa330f82c4de0244d49bb8c645e2e69802cec348bae9c04,2026-06-24T16:29:50.125189+00:00,"repair-v1: legacy Detail is not accepted: retryable HTTP 500",1,2026-08-03T14:27:20.913892+00:00
https://kinetics.nist.gov/solution/Detail?id=1988COH/MEY4157-4160:3,queued,500,unknown,data/new_solution/boundary_probe/boundary_20260624_161614/boundary_detail_1988COH_MEY4157-4160_3_20260624T164703_632ffb503dc5.html,632ffb503dc5e8f09a61a0738fff12f54d32f88e53757749ff4a656636bba2f9,2026-06-24T16:47:03.985581+00:00,"repair-v1: legacy Detail is not accepted: retryable HTTP 500",1,2026-08-03T14:27:20.913892+00:00
https://kinetics.nist.gov/solution/Detail?id=1988DAN/VEN319-324:5,queued,500,unknown,data/new_solution/boundary_probe/boundary_20260624_161614/boundary_detail_1988DAN_VEN319-324_5_20260624T170240_8d67efc60d4a.html,8d67efc60d4aca1da7f765250c1dbb6430efed77d853a039fa749fa3ca7cb8df,2026-06-24T17:02:40.258599+00:00,"repair-v1: legacy Detail is not accepted: retryable HTTP 500",1,2026-08-03T14:27:20.913892+00:00
https://kinetics.nist.gov/solution/Detail?id=1988DAR/SIR1151-1157:53,queued,500,unknown,data/new_solution/boundary_probe/boundary_20260624_161614/boundary_detail_1988DAR_SIR1151-1157_53_20260624T164342_56200962fe7c.html,56200962fe7c7875080456e7c06d731b254a589d291cc21176109a8cccd58ab5,2026-06-24T16:43:42.496712+00:00,"repair-v1: legacy Detail is not accepted: retryable HTTP 500",1,2026-08-03T14:27:20.913892+00:00
https://kinetics.nist.gov/solution/Detail?id=1988DAV/HAR287-297:7,queued,500,unknown,data/new_solution/boundary_probe/boundary_20260624_161614/boundary_detail_1988DAV_HAR287-297_7_20260624T165223_4c3bb70582cf.html,4c3bb70582cfd2a4aa65d3d95d70f05cdeee61d75c1c91442e4f064cae7b3682,2026-06-24T16:52:23.747282+00:00,"repair-v1: legacy Detail is not accepted: retryable HTTP 500",1,2026-08-03T14:27:20.913892+00:00
https://kinetics.nist.gov/solution/Detail?id=1988ERS/MIK506-510:3,queued,500,unknown,data/new_solution/boundary_probe/boundary_20260624_155905/boundary_detail_1988ERS_MIK506-510_3_20260624T160726_73c95034ab99.html,73c95034ab990bd5870a526abba77043bb6576ba0700beb9472dd08e4c759ba2,2026-06-24T16:07:26.846594+00:00,"repair-v1: legacy Detail is not accepted: retryable HTTP 500",0,2026-08-03T14:27:20.913892+00:00
https://kinetics.nist.gov/solution/Detail?id=1988GOR/HAM8053-8059:5,queued,500,unknown,data/new_solution/boundary_probe/boundary_20260625_071124/boundary_detail_1988GOR_HAM8053-8059_5_20260625T071402_49df2c0acef5.html,49df2c0acef5beb9a0be28befc99f6a92bcfd5ef6e445f2fe128f9d2b2f9f1f3,2026-06-25T07:14:02.263850+00:00,"repair-v1: legacy Detail is not accepted: retryable HTTP 500",1,2026-08-03T14:27:20.913892+00:00
https://kinetics.nist.gov/solution/Detail?id=1988HOE/BUT259-263:4,queued,500,unknown,data/new_solution/boundary_probe/boundary_20260624_155905/boundary_detail_1988HOE_BUT259-263_4_20260624T160731_f230a6d87f91.html,f230a6d87f91bbaee3a9b5af0f8f76eaaf7685bece343067a2ee44551118dcc4,2026-06-24T16:07:31.541621+00:00,"repair-v1: legacy Detail is not accepted: retryable HTTP 500",0,2026-08-03T14:27:20.913892+00:00
https://kinetics.nist.gov/solution/Detail?id=1988HOW/BAK791-794:5,queued,500,unknown,data/new_solution/boundary_probe/boundary_20260624_155905/boundary_detail_1988HOW_BAK791-794_5_20260624T160441_fce3507e38f0.html,fce3507e38f055eaa4e39901f9ef1db004ef602495056cda3c99fb4a3c5cc222,2026-06-24T16:04:41.840142+00:00,"repair-v1: legacy Detail is not accepted: retryable HTTP 500",0,2026-08-03T14:27:20.913892+00:00
https://kinetics.nist.gov/solution/Detail?id=1988JAG/STE2188-2192:13,queued,500,unknown,data/new_solution/boundary_probe/boundary_20260625_071124/boundary_detail_1988JAG_STE2188-2192_13_20260625T071605_f7fdb8038f97.html,f7fdb8038f97c8e50fe67074f3488ff588b61c49795d3280c007e686d2913941,2026-06-25T07:16:05.221548+00:00,"repair-v1: legacy Detail is not accepted: retryable HTTP 500",1,2026-08-03T14:27:20.913892+00:00
https://kinetics.nist.gov/solution/Detail?id=1988KNO/WEI411-416:1,queued,500,unknown,data/new_solution/boundary_probe/boundary_20260627_103328/boundary_detail_1988KNO_WEI411-416_1_20260627T105746_025fa20eba76.html,025fa20eba76dc7b28aecf4736ecdff155b1064c6d6bc66596b6bd8a26a4b9db,2026-06-27T10:57:46.663925+00:00,"repair-v1: legacy Detail is not accepted: retryable HTTP 500",4,2026-08-03T14:27:20.913892+00:00
https://kinetics.nist.gov/solution/Detail?id=1988KRI/DYU236-237:2,queued,500,unknown,data/new_solution/boundary_probe/boundary_20260624_161614/boundary_detail_1988KRI_DYU236-237_2_20260624T170351_01843307498e.html,01843307498e9031c4da7627bf3063a3f91dd43f0d87441dddbd153a9b1549fb,2026-06-24T17:03:51.928184+00:00,"repair-v1: legacy Detail is not accepted: retryable HTTP 500",1,2026-08-03T14:27:20.913892+00:00
https://kinetics.nist.gov/solution/Detail?id=1988KRI/KON1555-1559:4,queued,500,unknown,data/new_solution/boundary_probe/boundary_20260624_161614/boundary_detail_1988KRI_KON1555-1559_4_20260624T164006_dc72ad803eac.html,dc72ad803eac43ef5b0a3c7136762477d92126920bb67cb0e379341e4373b142,2026-06-24T16:40:06.236271+00:00,"repair-v1: legacy Detail is not accepted: retryable HTTP 500",1,2026-08-03T14:27:20.913892+00:00
https://kinetics.nist.gov/solution/Detail?id=1988LAD/WAR1487-1495:2,queued,500,unknown,data/new_solution/boundary_probe/boundary_20260624_161614/boundary_detail_1988LAD_WAR1487-1495_2_20260624T165948_357d38ecdfbe.html,357d38ecdfbe1de437e26c501878c9f724b10ffcdff2cf59a82180cb9e24c1a7,2026-06-24T16:59:48.780023+00:00,"repair-v1: legacy Detail is not accepted: retryable HTTP 500",1,2026-08-03T14:27:20.913892+00:00
https://kinetics.nist.gov/solution/Detail?id=1988LAL/MAH599-603:4,queued,500,unknown,data/new_solution/boundary_probe/boundary_20260624_161614/boundary_detail_1988LAL_MAH599-603_4_20260624T163825_fe5b1c71ee36.html,fe5b1c71ee364c4444a484888460daa956bba6cef8e4fadf431a824a9f0686d5,2026-06-24T16:38:25.582794+00:00,"repair-v1: legacy Detail is not accepted: retryable HTTP 500",1,2026-08-03T14:27:20.913892+00:00
https://kinetics.nist.gov/solution/Detail?id=1988LAL/SCH773-785:32,queued,500,unknown,data/nist_solution/archive/none_round_robin/detail_rr_20260607T170432_705dbd51e78f.html,705dbd51e78facbd3d45b85c49efb806638acdf8ac243bda17d018b8ac328b66,2026-06-07T17:04:32.299036+00:00,"repair-v1: legacy Detail is not accepted: retryable HTTP 500",8,2026-08-03T14:27:20.913892+00:00
https://kinetics.nist.gov/solution/Detail?id=1988LEB1138-1144:4,queued,500,unknown,data/new_solution/boundary_probe/boundary_20260624_161614/boundary_detail_1988LEB1138-1144_4_20260624T162202_dfead8e46fd9.html,dfead8e46fd9da228b42196cd15a750de1f242ff9d5995d6f1bb84203d7d5612,2026-06-24T16:22:02.946471+00:00,"repair-v1: legacy Detail is not accepted: retryable HTTP 500",1,2026-08-03T14:27:20.913892+00:00
https://kinetics.nist.gov/solution/Detail?id=1988LIU/LAN2449-2451:1,queued,500,unknown,data/new_solution/boundary_probe/boundary_20260627_103328/boundary_detail_1988LIU_LAN2449-2451_1_20260627T105333_c60641586885.html,c606415868859c243f78f0322369e2ac5883cae924a1c3dad1b3178d8e8aae7a,2026-06-27T10:53:33.552279+00:00,"repair-v1: legacy Detail is not accepted: retryable HTTP 500",2,2026-08-03T14:27:20.913892+00:00
https://kinetics.nist.gov/solution/Detail?id=1988MAS/TIL1031-1036:4,queued,500,unknown,data/new_solution/boundary_probe/boundary_20260624_161614/boundary_detail_1988MAS_TIL1031-1036_4_20260624T162440_3bd9e6328c34.html,3bd9e6328c34d0f8b49478fad45c049213e1f2c5be1a537bf66e2d909b1c2f7a,2026-06-24T16:24:40.089981+00:00,"repair-v1: legacy Detail is not accepted: retryable HTTP 500",1,2026-08-03T14:27:20.913892+00:00
https://kinetics.nist.gov/solution/Detail?id=1988MEY/SCH2933-2949:21,queued,500,unknown,data/new_solution/boundary_probe/boundary_20260624_161614/boundary_detail_1988MEY_SCH2933-2949_21_20260624T162843_3d01aa9fe65e.html,3d01aa9fe65eaee6dcb9d5388768cf4964fd77c722bf233c0a0b3ec609a5579b,2026-06-24T16:28:43.398233+00:00,"repair-v1: legacy Detail is not accepted: retryable HTTP 500",1,2026-08-03T14:27:20.913892+00:00
https://kinetics.nist.gov/solution/Detail?id=1988MUK/LAN2855-2873:7,queued,500,unknown,data/new_solution/boundary_probe/boundary_20260625_071124/boundary_detail_1988MUK_LAN2855-2873_7_20260625T071817_bf98f0f9f939.html,bf98f0f9f939ad9bc1d6c0d7400c5679f7cd59d5167e289cd08032380f911914,2026-06-25T07:18:17.964471+00:00,"repair-v1: legacy Detail is not accepted: retryable HTTP 500",1,2026-08-03T14:27:20.913892+00:00
https://kinetics.nist.gov/solution/Detail?id=1988NAH4359-4366:1,queued,500,unknown,data/new_solution/boundary_probe/boundary_20260625_121139/boundary_detail_1988NAH4359-4366_1_20260625T121355_109fb970ed17.html,109fb970ed171c5247f18224bc943ec5b68ff4a341e483c3fc410649b1c31bce,2026-06-25T12:13:55.452882+00:00,"reset retryable HTTP status from boundary probe",2,2026-07-29T12:26:07.468648+00:00
https://kinetics.nist.gov/solution/Detail?id=1988NEE/MAR423-428:6,queued,500,unknown,data/new_solution/boundary_probe/boundary_20260620_190527/boundary_detail_1988NEE_MAR423-428_6_20260620T190621_fc0f3448f602.html,fc0f3448f6020ee47e00430ac540ee6cc2a2bd0caf5c29027b6683565f74ead2,2026-06-20T19:06:21.062280+00:00,"repair-v1: legacy Detail is not accepted: retryable HTTP 500",0,2026-08-03T14:27:20.913892+00:00
https://kinetics.nist.gov/solution/Detail?id=1988OSV/SAL7114-7118:3,queued,500,unknown,data/new_solution/boundary_probe/boundary_20260620_190527/boundary_detail_1988OSV_SAL7114-7118_3_20260620T190904_80feff647e63.html,80feff647e6363c730f09ca746c496b2e120b52a46e92775fd5e8cb1def62c7d,2026-06-20T19:09:04.518096+00:00,"repair-v1: legacy Detail is not accepted: retryable HTTP 500",0,2026-08-03T14:27:20.913892+00:00
https://kinetics.nist.gov/solution/Detail?id=1988RAC/JAR971-977:2,queued,500,unknown,data/new_solution/boundary_probe/boundary_20260624_161614/boundary_detail_1988RAC_JAR971-977_2_20260624T163446_a1ff41cf07b3.html,a1ff41cf07b39e76d723aa1606be947ab59c805e00530b7283d3d567a25fc13c,2026-06-24T16:34:46.462667+00:00,"repair-v1: legacy Detail is not accepted: retryable HTTP 500",1,2026-08-03T14:27:20.913892+00:00
https://kinetics.nist.gov/solution/Detail?id=1988RON/VAN3453-3458:25,queued,500,unknown,data/new_solution/boundary_probe/boundary_20260624_161614/boundary_detail_1988RON_VAN3453-3458_25_20260624T170600_2207e23739a0.html,2207e23739a0b834cea8212705aa10cab5a90c3495fbdb341ff8a46a53609464,2026-06-24T17:06:00.556460+00:00,"repair-v1: legacy Detail is not accepted: retryable HTTP 500",1,2026-08-03T14:27:20.913892+00:00
https://kinetics.nist.gov/solution/Detail?id=1988SAH797-799:2,queued,500,unknown,data/new_solution/boundary_probe/boundary_20260624_155905/boundary_detail_1988SAH797-799_2_20260624T160524_c5841963de6b.html,c5841963de6bc8880d2a648cc364a39c029c579f032920fd7a9a2d710d8e9a92,2026-06-24T16:05:24.088707+00:00,"repair-v1: legacy Detail is not accepted: retryable HTTP 500",0,2026-08-03T14:27:20.913892+00:00
https://kinetics.nist.gov/solution/Detail?id=1988SCH/VON149-156:2,queued,500,unknown,data/new_solution/boundary_probe/boundary_20260624_161614/boundary_detail_1988SCH_VON149-156_2_20260624T163733_a0200fe0285d.html,a0200fe0285dab50c3affe1035da4a082550052827ee4361dd43d44eb1f68c99,2026-06-24T16:37:33.337883+00:00,"repair-v1: legacy Detail is not accepted: retryable HTTP 500",1,2026-08-03T14:27:20.913892+00:00
https://kinetics.nist.gov/solution/Detail?id=1988SUB/RAJ4631-4636:1,queued,500,unknown,data/new_solution/boundary_probe/boundary_20260625_121139/boundary_detail_1988SUB_RAJ4631-4636_1_20260625T121709_c2025c5b2bd0.html,c2025c5b2bd052cda119cd0ba2fa2904ea386ae0b4be919fd8cdf1e47059f5e9,2026-06-25T12:17:09.240103+00:00,"reset retryable HTTP status from boundary probe",2,2026-07-29T12:26:07.478562+00:00
https://kinetics.nist.gov/solution/Detail?id=1988VIS/SPO787-802:3,queued,500,unknown,data/new_solution/boundary_probe/boundary_20260624_161614/boundary_detail_1988VIS_SPO787-802_3_20260624T162503_67a38472adb1.html,67a38472adb14e99319a8ccb705f5211372ab36e45440296cd7b07fe54d37ec4,2026-06-24T16:25:03.840059+00:00,"repair-v1: legacy Detail is not accepted: retryable HTTP 500",1,2026-08-03T14:27:20.913892+00:00
https://kinetics.nist.gov/solution/Detail?id=1989AND/LAN190-197:4,queued,500,unknown,data/new_solution/boundary_probe/boundary_20260624_161614/boundary_detail_1989AND_LAN190-197_4_20260624T163908_1c3fbb0f9497.html,1c3fbb0f949746f4c46c65e37bf0471357c71c443a3d59f302ad3034b33cbdde,2026-06-24T16:39:08.454488+00:00,"repair-v1: legacy Detail is not accepted: retryable HTTP 500",1,2026-08-03T14:27:20.913892+00:00
https://kinetics.nist.gov/solution/Detail?id=1989ARC/RIV219-237:9,queued,500,unknown,data/new_solution/boundary_probe/boundary_20260625_071124/boundary_detail_1989ARC_RIV219-237_9_20260625T071416_da17010e2f3b.html,da17010e2f3b01040bcda2932c5667163ea6f12e726a632fe6c5ed3c228545a6,2026-06-25T07:14:16.496797+00:00,"repair-v1: legacy Detail is not accepted: retryable HTTP 500",1,2026-08-03T14:27:20.913892+00:00
https://kinetics.nist.gov/solution/Detail?id=1989BAK/ESP4319-4322:19,queued,500,unknown,data/new_solution/boundary_probe/boundary_20260625_071124/boundary_detail_1989BAK_ESP4319-4322_19_20260625T071421_29ba6724dc2a.html,29ba6724dc2a5949b832c1f23a36f9e9bffe51846a7e6e7c02972d05a33486fc,2026-06-25T07:14:21.190726+00:00,"repair-v1: legacy Detail is not accepted: retryable HTTP 500",1,2026-08-03T14:27:20.913892+00:00
https://kinetics.nist.gov/solution/Detail?id=1989BOB/HOL6381-6387:5,queued,500,unknown,data/new_solution/boundary_probe/boundary_20260624_161614/boundary_detail_1989BOB_HOL6381-6387_5_20260624T165939_9bc65043b2b0.html,9bc65043b2b08aef33b3ebde1988c4e9eca5e52813d490be5700a6437879d94b,2026-06-24T16:59:39.375971+00:00,"repair-v1: legacy Detail is not accepted: retryable HTTP 500",1,2026-08-03T14:27:20.913892+00:00
https://kinetics.nist.gov/solution/Detail?id=1989BOR/MON534-540:29,queued,500,unknown,data/new_solution/boundary_probe/boundary_20260624_161614/boundary_detail_1989BOR_MON534-540_29_20260624T163839_3da7598db5af.html,3da7598db5af6bd8084f17caefb54f0129b58ab082df8f5ded5c209559273c3a,2026-06-24T16:38:39.963630+00:00,"repair-v1: legacy Detail is not accepted: retryable HTTP 500",1,2026-08-03T14:27:20.913892+00:00
https://kinetics.nist.gov/solution/Detail?id=1989CHA/CHE63-71:6,queued,500,unknown,data/new_solution/boundary_probe/boundary_20260624_155905/boundary_detail_1989CHA_CHE63-71_6_20260624T161200_5d71cab514f6.html,5d71cab514f614ceb1476f2ff06d05c251d6c7619994341676460a39518cf582,2026-06-24T16:12:00.232817+00:00,"repair-v1: legacy Detail is not accepted: retryable HTTP 500",0,2026-08-03T14:27:20.913892+00:00
https://kinetics.nist.gov/solution/Detail?id=1989CHR/SEH141-144:2,queued,500,unknown,data/new_solution/boundary_probe/boundary_20260624_161614/boundary_detail_1989CHR_SEH141-144_2_20260624T163408_91587eab97ad.html,91587eab97ad3d6db86fd97471c43b43bf25568ce3f0199d53c89a3015c05b3f,2026-06-24T16:34:08.311267+00:00,"repair-v1: legacy Detail is not accepted: retryable HTTP 500",1,2026-08-03T14:27:20.913892+00:00
https://kinetics.nist.gov/solution/Detail?id=1989CLI/HUI677-687:21,queued,500,unknown,data/new_solution/boundary_probe/boundary_20260624_155905/boundary_detail_1989CLI_HUI677-687_21_20260624T160620_dbd11769d441.html,dbd11769d441758abc9c35dac94f5cb1fc5db3ac449fbf25f5b9559ca38ac4d5,2026-06-24T16:06:20.910344+00:00,"repair-v1: legacy Detail is not accepted: retryable HTTP 500",0,2026-08-03T14:27:20.913892+00:00
https://kinetics.nist.gov/solution/Detail?id=1989COM/NAZ63-84:2,queued,500,unknown,data/new_solution/boundary_probe/boundary_20260625_071124/boundary_detail_1989COM_NAZ63-84_2_20260625T071813_5a31af3de5d1.html,5a31af3de5d1e988fdaaf530497534816f16612185f209e406394ec2c234cc5c,2026-06-25T07:18:13.284798+00:00,"repair-v1: legacy Detail is not accepted: retryable HTTP 500",1,2026-08-03T14:27:20.913892+00:00
https://kinetics.nist.gov/solution/Detail?id=1989DEF/MUR4847-4853:28,queued,500,unknown,data/new_solution/boundary_probe/boundary_20260624_161614/boundary_detail_1989DEF_MUR4847-4853_28_20260624T170328_8c7949b7cde0.html,8c7949b7cde0e92f6d4fc3f4f3d5f10a375d48b3b1acc60e4929de2487f09d9a,2026-06-24T17:03:28.048799+00:00,"repair-v1: legacy Detail is not accepted: retryable HTTP 500",1,2026-08-03T14:27:20.913892+00:00
https://kinetics.nist.gov/solution/Detail?id=1989DIM/KAI532-538:16,queued,500,unknown,data/new_solution/boundary_probe/boundary_20260624_161614/boundary_detail_1989DIM_KAI532-538_16_20260624T162606_f163620209d6.html,f163620209d6e3bf2ed3b8bc67f9a7400988f632d95768446b6c55613c03d2c3,2026-06-24T16:26:06.005657+00:00,"repair-v1: legacy Detail is not accepted: retryable HTTP 500",1,2026-08-03T14:27:20.913892+00:00
https://kinetics.nist.gov/solution/Detail?id=1989DIM/MIC465-471:6,queued,500,unknown,data/new_solution/boundary_probe/boundary_20260620_190527/boundary_detail_1989DIM_MIC465-471_6_20260620T190653_2e49cb6e0d72.html,2e49cb6e0d7233e36b407b4c6a3f93ee8180a80205d64e70cd8271913905600c,2026-06-20T19:06:53.595302+00:00,"repair-v1: legacy Detail is not accepted: retryable HTTP 500",0,2026-08-03T14:27:20.913892+00:00
https://kinetics.nist.gov/solution/Detail?id=1989DRA/FOX1938-1944:4,queued,500,unknown,data/new_solution/boundary_probe/boundary_20260624_155905/boundary_detail_1989DRA_FOX1938-1944_4_20260624T160340_647c37849664.html,647c37849664b3581a64488e2d7cbccd21b50a74596442c39191020f1e872aaf,2026-06-24T16:03:40.515260+00:00,"repair-v1: legacy Detail is not accepted: retryable HTTP 500",0,2026-08-03T14:27:20.913892+00:00
https://kinetics.nist.gov/solution/Detail?id=1989EK/GIE391-396:7,queued,500,unknown,data/new_solution/boundary_probe/boundary_20260624_161614/boundary_detail_1989EK_GIE391-396_7_20260624T165010_ee38954bff18.html,ee38954bff1895146574153edc86db4aac72bac50c6fc8060b14149d7e66995b,2026-06-24T16:50:10.196662+00:00,"repair-v1: legacy Detail is not accepted: retryable HTTP 500",1,2026-08-03T14:27:20.913892+00:00
https://kinetics.nist.gov/solution/Detail?id=1989ELL/MCC69-74:10,queued,500,unknown,data/new_solution/boundary_probe/boundary_20260624_161614/boundary_detail_1989ELL_MCC69-74_10_20260624T163859_48dcbf62ef72.html,48dcbf62ef721a4e93ae26a3c60b167cc1c160350a45aab4fc0c3e55a313d1a9,2026-06-24T16:38:59.016242+00:00,"repair-v1: legacy Detail is not accepted: retryable HTTP 500",1,2026-08-03T14:27:20.913892+00:00
https://kinetics.nist.gov/solution/Detail?id=1989FAR/PEC379-382:4,queued,500,unknown,data/new_solution/boundary_probe/boundary_20260624_161614/boundary_detail_1989FAR_PEC379-382_4_20260624T163655_cb6da805603f.html,cb6da805603f8077278bf0ae6ff7800a85b84690d2bda6e0098ca90d17d00619,2026-06-24T16:36:55.060532+00:00,"repair-v1: legacy Detail is not accepted: retryable HTTP 500",1,2026-08-03T14:27:20.913892+00:00
https://kinetics.nist.gov/solution/Detail?id=1989FAR/PEC6968-6972:3,queued,500,unknown,data/new_solution/boundary_probe/boundary_20260624_155905/boundary_detail_1989FAR_PEC6968-6972_3_20260624T161048_c670d101fa03.html,c670d101fa031b619b9acf9e37aaa399a54db7a4435926ecd22b0c82c8dfcedf,2026-06-24T16:10:48.060101+00:00,"repair-v1: legacy Detail is not accepted: retryable HTTP 500",0,2026-08-03T14:27:20.913892+00:00
https://kinetics.nist.gov/solution/Detail?id=1989GLU/PET87-90:3,queued,500,unknown,data/new_solution/boundary_probe/boundary_20260625_071124/boundary_detail_1989GLU_PET87-90_3_20260625T071939_42d6111579d4.html,42d6111579d4adeb2e1d0ba3f2330f3214b4ba27049acbb7409cf46b204d7479,2026-06-25T07:19:39.197366+00:00,"repair-v1: legacy Detail is not accepted: retryable HTTP 500",1,2026-08-03T14:27:20.913892+00:00
https://kinetics.nist.gov/solution/Detail?id=1989GOG/FED162-167:12,queued,500,unknown,data/new_solution/boundary_probe/boundary_20260624_155905/boundary_detail_1989GOG_FED162-167_12_20260624T160432_a49999a2cd4c.html,a49999a2cd4c6d2dece91886a6ec30e9d851adeb7e819e26f980309db10f26e6,2026-06-24T16:04:32.440123+00:00,"repair-v1: legacy Detail is not accepted: retryable HTTP 500",0,2026-08-03T14:27:20.913892+00:00
https://kinetics.nist.gov/solution/Detail?id=1989GOG/SHI13-17:4,queued,500,unknown,data/new_solution/boundary_probe/boundary_20260624_155905/boundary_detail_1989GOG_SHI13-17_4_20260624T160750_f9f6cf99ee31.html,f9f6cf99ee315d4881af2ac05ad647713d01fb15b6ce80d6164d06b709cd7847,2026-06-24T16:07:50.671526+00:00,"repair-v1: legacy Detail is not accepted: retryable HTTP 500",0,2026-08-03T14:27:20.913892+00:00
https://kinetics.nist.gov/solution/Detail?id=1989HEE/PAR557-562:9,queued,500,unknown,data/new_solution/boundary_probe/boundary_20260624_161614/boundary_detail_1989HEE_PAR557-562_9_20260624T163538_b376a6da2197.html,b376a6da219795f271722f2f97bdc977e8aa00063f8ad3d21f13ef8655774c3d,2026-06-24T16:35:38.937372+00:00,"repair-v1: legacy Detail is not accepted: retryable HTTP 500",1,2026-08-03T14:27:20.913892+00:00
https://kinetics.nist.gov/solution/Detail?id=1989IVA/AUR1935-1941:2,queued,500,unknown,data/new_solution/boundary_probe/boundary_20260624_161614/boundary_detail_1989IVA_AUR1935-1941_2_20260624T165906_7c436e49106f.html,7c436e49106f46a7541f2dca83eecb79257a1b764a7eaf4f45051032c4a335d1,2026-06-24T16:59:06.033370+00:00,"repair-v1: legacy Detail is not accepted: retryable HTTP 500",1,2026-08-03T14:27:20.913892+00:00
https://kinetics.nist.gov/solution/Detail?id=1989KHM/PLY1494-1497:5,queued,500,unknown,data/new_solution/boundary_probe/boundary_20260624_161614/boundary_detail_1989KHM_PLY1494-1497_5_20260624T165423_568c25fb36f3.html,568c25fb36f386a0d0cb6092a70427683df120dfa9f98d555b25abd431b1f5b9,2026-06-24T16:54:23.198047+00:00,"repair-v1: legacy Detail is not accepted: retryable HTTP 500",1,2026-08-03T14:27:20.913892+00:00
https://kinetics.nist.gov/solution/Detail?id=1989KIS/GUH721-727:5,queued,500,unknown,data/new_solution/boundary_probe/boundary_20260624_161614/boundary_detail_1989KIS_GUH721-727_5_20260624T165340_fb00bf3cf60f.html,fb00bf3cf60f6fb9010ff4e5491c1e5e48f6cf58c40428944bb09aec80ee95cb,2026-06-24T16:53:40.082195+00:00,"repair-v1: legacy Detail is not accepted: retryable HTTP 500",1,2026-08-03T14:27:20.913892+00:00
https://kinetics.nist.gov/solution/Detail?id=1989KLA/BIE2717-2724:17,queued,500,unknown,data/new_solution/boundary_probe/boundary_20260620_190527/boundary_detail_1989KLA_BIE2717-2724_17_20260620T190548_7fb31d31c3b0.html,7fb31d31c3b0588e4586238d47031d71f7a921319ed72dea2bb0e6674930a9a2,2026-06-20T19:05:48.118422+00:00,"repair-v1: legacy Detail is not accepted: retryable HTTP 500",0,2026-08-03T14:27:20.913892+00:00
https://kinetics.nist.gov/solution/Detail?id=1989KUM/HEN2262-2266:2,queued,500,unknown,data/new_solution/boundary_probe/boundary_20260624_155905/boundary_detail_1989KUM_HEN2262-2266_2_20260624T161224_213896159900.html,213896159900b540dce7209d9356e5d9767265256bc34f52b6b349b63a1ef7ee,2026-06-24T16:12:24.433150+00:00,"repair-v1: legacy Detail is not accepted: retryable HTTP 500",0,2026-08-03T14:27:20.913892+00:00
https://kinetics.nist.gov/solution/Detail?id=1989KUS/OGI970-972:5,queued,500,unknown,data/new_solution/boundary_probe/boundary_20260624_161614/boundary_detail_1989KUS_OGI970-972_5_20260624T165014_fc7085ce77aa.html,fc7085ce77aad1f693fc78295fd33f4cf5404981d64a163aaf5754f94ba7610e,2026-06-24T16:50:14.908340+00:00,"repair-v1: legacy Detail is not accepted: retryable HTTP 500",1,2026-08-03T14:27:20.913892+00:00
https://kinetics.nist.gov/solution/Detail?id=1989MAI/KUZ1191-1196:10,queued,500,unknown,data/new_solution/boundary_probe/boundary_20260624_161614/boundary_detail_1989MAI_KUZ1191-1196_10_20260624T165048_cb1af3dd1197.html,cb1af3dd11979630d3744802ce4d7ef618c864440415944130c39218f11c78d3,2026-06-24T16:50:48.105628+00:00,"repair-v1: legacy Detail is not accepted: retryable HTTP 500",1,2026-08-03T14:27:20.913892+00:00
https://kinetics.nist.gov/solution/Detail?id=1989MIL:4,queued,500,unknown,data/new_solution/boundary_probe/boundary_20260624_155905/boundary_detail_1989MIL_4_20260624T160926_1fc7f37b1efa.html,1fc7f37b1efad77122254fd7aed4893eb2816a427ca4beddf2498c0787110d54,2026-06-24T16:09:26.051110+00:00,"repair-v1: legacy Detail is not accepted: retryable HTTP 500",0,2026-08-03T14:27:20.913892+00:00
https://kinetics.nist.gov/solution/Detail?id=1989MOH/MOO211-217:5,queued,500,unknown,data/new_solution/boundary_probe/boundary_20260624_161614/boundary_detail_1989MOH_MOO211-217_5_20260624T162352_cbd9ae24e1ee.html,cbd9ae24e1eecde3ad1d38a432b115ff6ebc2405af55f36a949c8766e4e21c59,2026-06-24T16:23:52.578690+00:00,"repair-v1: legacy Detail is not accepted: retryable HTTP 500",1,2026-08-03T14:27:20.913892+00:00
https://kinetics.nist.gov/solution/Detail?id=1989MOS/HEN6791-6795:5,queued,500,unknown,data/new_solution/boundary_probe/boundary_20260624_161614/boundary_detail_1989MOS_HEN6791-6795_5_20260624T170128_aaf16de8037c.html,aaf16de8037c1ff7afa74ec55371aed0a93ee293c4941e4e9b62f294cfc0e3ef,2026-06-24T17:01:28.784632+00:00,"repair-v1: legacy Detail is not accepted: retryable HTTP 500",1,2026-08-03T14:27:20.913892+00:00
https://kinetics.nist.gov/solution/Detail?id=1989MOS/NET2358-2362:3,queued,500,unknown,data/new_solution/boundary_probe/boundary_20260624_155905/boundary_detail_1989MOS_NET2358-2362_3_20260624T160804_4b64e8be5b51.html,4b64e8be5b51e29f117a4ffc4629f24f2f081739b7f2968bb98e50f2618d05a4,2026-06-24T16:08:04.975958+00:00,"repair-v1: legacy Detail is not accepted: retryable HTTP 500",0,2026-08-03T14:27:20.913892+00:00
https://kinetics.nist.gov/solution/Detail?id=1989NAH/FOO1909-1910:7,queued,500,unknown,data/new_solution/boundary_probe/boundary_20260624_155905/boundary_detail_1989NAH_FOO1909-1910_7_20260624T160533_f673531d4d9e.html,f673531d4d9e12adfb906a6a5f9f3974dcb5b269b4b27b69403c363ad99378a3,2026-06-24T16:05:33.479278+00:00,"repair-v1: legacy Detail is not accepted: retryable HTTP 500",0,2026-08-03T14:27:20.913892+00:00
https://kinetics.nist.gov/solution/Detail?id=1989NAH/NET6181-6187:4,queued,500,unknown,data/new_solution/boundary_probe/boundary_20260625_071124/boundary_detail_1989NAH_NET6181-6187_4_20260625T071725_b0f8da2c9fd6.html,b0f8da2c9fd6b578c5f097c75e0632e0ec0fd6b37d3c682733aeb51b19d1c8b5,2026-06-25T07:17:25.802797+00:00,"repair-v1: legacy Detail is not accepted: retryable HTTP 500",1,2026-08-03T14:27:20.913892+00:00
https://kinetics.nist.gov/solution/Detail?id=1989OPR/SEI299-309:11,queued,500,unknown,data/nist_solution/archive/carbon_disulfide_20260610T123545Z/detail_rr_20260612T105028_dc0f64c31c86.html,dc0f64c31c8675f2a936b663d4aa43c62a4ac77894c5addf59c4f844be5c3f73,2026-06-12T10:50:28.339334+00:00,"repair-v1: legacy Detail is not accepted: retryable HTTP 500",3,2026-08-03T14:27:20.913892+00:00
https://kinetics.nist.gov/solution/Detail?id=1989PAS/PIE425-432B:9,queued,500,unknown,data/new_solution/boundary_probe/boundary_20260625_071124/boundary_detail_1989PAS_PIE425-432B_9_20260625T071532_6adf52f01a2f.html,6adf52f01a2fbbbd24512b9090883af5bcac98f13a438a366d51bd903e476cba,2026-06-25T07:15:32.120058+00:00,"repair-v1: legacy Detail is not accepted: retryable HTTP 500",1,2026-08-03T14:27:20.913892+00:00
https://kinetics.nist.gov/solution/Detail?id=1989SCA/MCG1612-1616:2,queued,500,unknown,data/new_solution/boundary_probe/boundary_20260624_155905/boundary_detail_1989SCA_MCG1612-1616_2_20260624T160104_4b8d569a02d9.html,4b8d569a02d9e327cd45c9e4d37414ed877802bf36dc3f7709fa6f2d2f64c104,2026-06-24T16:01:04.223864+00:00,"repair-v1: legacy Detail is not accepted: retryable HTTP 500",0,2026-08-03T14:27:20.913892+00:00
https://kinetics.nist.gov/solution/Detail?id=1989SEK/GAR901-911:3,queued,500,unknown,data/new_solution/boundary_probe/boundary_20260624_161614/boundary_detail_1989SEK_GAR901-911_3_20260624T163144_65b52897a087.html,65b52897a08799c3d66126ccb248af9aff9a219e8fb40350fcf817397f7d3940,2026-06-24T16:31:44.550365+00:00,"repair-v1: legacy Detail is not accepted: retryable HTTP 500",1,2026-08-03T14:27:20.913892+00:00
https://kinetics.nist.gov/solution/Detail?id=1989SEK/GAR97-100B:4,queued,500,unknown,data/new_solution/boundary_probe/boundary_20260624_155905/boundary_detail_1989SEK_GAR97-100B_4_20260624T160437_d0a3e94e22a2.html,d0a3e94e22a24bf2e4468cea569289d65b60fa288f3e3fa1c28828f3eb955fe5,2026-06-24T16:04:37.126414+00:00,"repair-v1: legacy Detail is not accepted: retryable HTTP 500",0,2026-08-03T14:27:20.913892+00:00
https://kinetics.nist.gov/solution/Detail?id=1989SHE/LIN555-562:6,queued,500,unknown,data/new_solution/boundary_probe/boundary_20260625_071124/boundary_detail_1989SHE_LIN555-562_6_20260625T071541_ab84472cf209.html,ab84472cf2099fc3f746bb59c9a28a398fc4febf78a5f830102f83210206a8ae,2026-06-25T07:15:41.505140+00:00,"repair-v1: legacy Detail is not accepted: retryable HTTP 500",1,2026-08-03T14:27:20.913892+00:00
https://kinetics.nist.gov/solution/Detail?id=1989SHI/INO730-733:3,queued,500,unknown,data/new_solution/boundary_probe/boundary_20260624_161614/boundary_detail_1989SHI_INO730-733_3_20260624T163946_730c8f98dab7.html,730c8f98dab7bb050710818078aed1e1aaff6c76a8e2f4fbbef5c2490e4641fa,2026-06-24T16:39:46.856857+00:00,"repair-v1: legacy Detail is not accepted: retryable HTTP 500",1,2026-08-03T14:27:20.913892+00:00
https://kinetics.nist.gov/solution/Detail?id=1989SHU/KAM199-207:2,queued,500,unknown,data/new_solution/boundary_probe/boundary_20260624_161614/boundary_detail_1989SHU_KAM199-207_2_20260624T165320_890444eb1257.html,890444eb1257afabb168854152d66afb73965133df3282328fecab3375cdc75f,2026-06-24T16:53:20.844774+00:00,"repair-v1: legacy Detail is not accepted: retryable HTTP 500",1,2026-08-03T14:27:20.913892+00:00
https://kinetics.nist.gov/solution/Detail?id=1989SIM/BAK581-584:13,queued,500,unknown,data/new_solution/boundary_probe/boundary_20260624_161614/boundary_detail_1989SIM_BAK581-584_13_20260624T162236_ffa123bd7a5a.html,ffa123bd7a5aff9d6a41f0943f76ff82be275339ac7cc97fd795cea287e0867d,2026-06-24T16:22:36.275186+00:00,"repair-v1: legacy Detail is not accepted: retryable HTTP 500",1,2026-08-03T14:27:20.913892+00:00
https://kinetics.nist.gov/solution/Detail?id=1989STE/MCC4967-4973:5,queued,500,unknown,data/new_solution/boundary_probe/boundary_20260625_071124/boundary_detail_1989STE_MCC4967-4973_5_20260625T071435_8ca44727f2e0.html,8ca44727f2e02ee39a7746af56f34a1d7b29fa1ade68ac81b7628f73486bfd42,2026-06-25T07:14:35.452006+00:00,"repair-v1: legacy Detail is not accepted: retryable HTTP 500",1,2026-08-03T14:27:20.913892+00:00
https://kinetics.nist.gov/solution/Detail?id=1989SUR/MEZ3360-3363:2,queued,500,unknown,data/new_solution/boundary_probe/boundary_20260624_161614/boundary_detail_1989SUR_MEZ3360-3363_2_20260624T161713_ba7229ea69fd.html,ba7229ea69fd47ba9146242f562692229247135c451dc43c52b99bf40a8b0727,2026-06-24T16:17:13.256226+00:00,"repair-v1: legacy Detail is not accepted: retryable HTTP 500",1,2026-08-03T14:27:20.913892+00:00
https://kinetics.nist.gov/solution/Detail?id=1989TAT/SKL1597-1601:3,queued,500,unknown,data/new_solution/boundary_probe/boundary_20260624_161614/boundary_detail_1989TAT_SKL1597-1601_3_20260624T170546_bc9d51739424.html,bc9d5173942464bd8bda1ee031bfd9c5632ffb0bd9fd01b0d9d906652cbd0e98,2026-06-24T17:05:46.332211+00:00,"repair-v1: legacy Detail is not accepted: retryable HTTP 500",1,2026-08-03T14:27:20.913892+00:00
https://kinetics.nist.gov/solution/Detail?id=1989THO/SRI443-447:14,queued,500,unknown,data/new_solution/boundary_probe/boundary_20260624_161614/boundary_detail_1989THO_SRI443-447_14_20260624T165827_92a0b7a4ce23.html,92a0b7a4ce23943d862052a11c9859e079074d3e9d9f127732bac7e92905db75,2026-06-24T16:58:27.627425+00:00,"repair-v1: legacy Detail is not accepted: retryable HTTP 500",1,2026-08-03T14:27:20.913892+00:00
https://kinetics.nist.gov/solution/Detail?id=1990BAK/ESP1646-1647:4,queued,500,unknown,data/new_solution/boundary_probe/boundary_20260624_161614/boundary_detail_1990BAK_ESP1646-1647_4_20260624T162158_bc442cde2bc4.html,bc442cde2bc40e3aa6af75c0b865dbda7ffcd47c511ca242f67ad4a51f69b8eb,2026-06-24T16:21:58.147670+00:00,"repair-v1: legacy Detail is not accepted: retryable HTTP 500",1,2026-08-03T14:27:20.913892+00:00
https://kinetics.nist.gov/solution/Detail?id=1990BEN3247-3252:1,queued,500,unknown,data/new_solution/boundary_probe/boundary_20260627_103328/boundary_detail_1990BEN3247-3252_1_20260627T104540_ec23c450b1bd.html,ec23c450b1bded86c5e153d7e8a760ebbaaddff6531846d9d31bdc1dbbe249ca,2026-06-27T10:45:40.387166+00:00,"repair-v1: legacy Detail is not accepted: retryable HTTP 500",2,2026-08-03T14:27:20.913892+00:00
https://kinetics.nist.gov/solution/Detail?id=1990BIE108-113:3,queued,500,unknown,data/new_solution/boundary_probe/boundary_20260624_161614/boundary_detail_1990BIE108-113_3_20260624T164849_3554bb4b17be.html,3554bb4b17be8b73f5af575906c0a01f2728401b763b210ed7674584b47d2fc8,2026-06-24T16:48:49.184514+00:00,"repair-v1: legacy Detail is not accepted: retryable HTTP 500",1,2026-08-03T14:27:20.913892+00:00
https://kinetics.nist.gov/solution/Detail?id=1990BUX/SAL245-250B:6,queued,500,unknown,data/new_solution/boundary_probe/boundary_20260624_161614/boundary_detail_1990BUX_SAL245-250B_6_20260624T163451_62283095aad8.html,62283095aad8a369ec4b754399a18ddfdea3af062a04e2921fb59ec36dcd1292,2026-06-24T16:34:51.166592+00:00,"repair-v1: legacy Detail is not accepted: retryable HTTP 500",1,2026-08-03T14:27:20.913892+00:00
https://kinetics.nist.gov/solution/Detail?id=1990CHA/LI5497-5504:19,queued,500,unknown,data/new_solution/boundary_probe/boundary_20260624_161614/boundary_detail_1990CHA_LI5497-5504_19_20260624T162134_8a96a42569cd.html,8a96a42569cd6c7df7c1359774ff214e91f186bdd80ebf1551c516e453f53816,2026-06-24T16:21:34.428762+00:00,"repair-v1: legacy Detail is not accepted: retryable HTTP 500",1,2026-08-03T14:27:20.913892+00:00
https://kinetics.nist.gov/solution/Detail?id=1990CHA442-444:16,queued,500,unknown,data/new_solution/boundary_probe/boundary_20260624_161614/boundary_detail_1990CHA442-444_16_20260624T163441_df48ff18f5f4.html,df48ff18f5f48f898610e8b668965b319d8dd67c081981a86319263db3d83dd3,2026-06-24T16:34:41.756783+00:00,"repair-v1: legacy Detail is not accepted: retryable HTTP 500",1,2026-08-03T14:27:20.913892+00:00
https://kinetics.nist.gov/solution/Detail?id=1990COR/KHA1389-1392:2,queued,500,unknown,data/nist_solution/archive/c6h4_ch3_2_20260525T125438Z/detail_rr_20260528T073328_d9be42411702.html,d9be42411702adb9368d0e0aff39d7e6bc35fc9d77bee460e2e79d7e13566ce9,2026-05-28T07:33:28.957349+00:00,"repair-v1: legacy Detail is not accepted: retryable HTTP 500",6,2026-08-03T14:27:20.913892+00:00
https://kinetics.nist.gov/solution/Detail?id=1990DEE/SCH8186-8192:8,queued,500,unknown,data/new_solution/boundary_probe/boundary_20260625_071124/boundary_detail_1990DEE_SCH8186-8192_8_20260625T071522_1de8f804dfed.html,1de8f804dfed6aedfdbde39aed727b7f251c3515afcce494917f25c792c748a9,2026-06-25T07:15:22.623702+00:00,"repair-v1: legacy Detail is not accepted: retryable HTTP 500",1,2026-08-03T14:27:20.913892+00:00
https://kinetics.nist.gov/solution/Detail?id=1990EGO/KRA6-10:10,queued,500,unknown,data/new_solution/boundary_probe/boundary_20260624_161614/boundary_detail_1990EGO_KRA6-10_10_20260624T164249_5c9178632a83.html,5c9178632a83b886a42c5a1f6682352c4bb35ed94417b910a30b9ad8fb62cae9,2026-06-24T16:42:49.448591+00:00,"repair-v1: legacy Detail is not accepted: retryable HTTP 500",1,2026-08-03T14:27:20.913892+00:00
https://kinetics.nist.gov/solution/Detail?id=1990GEB/GEB161-163:2,queued,500,unknown,data/new_solution/boundary_probe/boundary_20260625_071124/boundary_detail_1990GEB_GEB161-163_2_20260625T071832_fc8e0257543a.html,fc8e0257543a356bd73fc71383d5c4f96c5360e96c9905585d25c83f92dc00fd,2026-06-25T07:18:32.136106+00:00,"repair-v1: legacy Detail is not accepted: retryable HTTP 500",1,2026-08-03T14:27:20.913892+00:00
https://kinetics.nist.gov/solution/Detail?id=1990GOG/SHI21-25:10,queued,500,unknown,data/new_solution/boundary_probe/boundary_20260624_161614/boundary_detail_1990GOG_SHI21-25_10_20260624T170244_117403f7785f.html,117403f7785f748424bca78a120fc1e11efb3ca861fb7b33efcbee0c730a0bc6,2026-06-24T17:02:44.968060+00:00,"repair-v1: legacy Detail is not accepted: retryable HTTP 500",1,2026-08-03T14:27:20.913892+00:00
https://kinetics.nist.gov/solution/Detail?id=1990GOL/CZA371-379:2,queued,500,unknown,data/new_solution/boundary_probe/boundary_20260624_161614/boundary_detail_1990GOL_CZA371-379_2_20260624T164806_518c2b39532d.html,518c2b39532da629ace7070d8488689baa8e6f8c6b45aee3dd1209ad93d082ac,2026-06-24T16:48:06.132914+00:00,"repair-v1: legacy Detail is not accepted: retryable HTTP 500",1,2026-08-03T14:27:20.913892+00:00
https://kinetics.nist.gov/solution/Detail?id=1990GOL/CZA6489-6492:9,queued,500,unknown,data/new_solution/boundary_probe/boundary_20260624_161614/boundary_detail_1990GOL_CZA6489-6492_9_20260624T165535_5938accbab3b.html,5938accbab3b4be7d4ab4ee72094809678765b07e45b8a1219a156ae1223fcdf,2026-06-24T16:55:35.015701+00:00,"repair-v1: legacy Detail is not accepted: retryable HTTP 500",1,2026-08-03T14:27:20.913892+00:00
https://kinetics.nist.gov/solution/Detail?id=1990GYO/BLA165-167:5,queued,500,unknown,data/new_solution/boundary_probe/boundary_20260624_161614/boundary_detail_1990GYO_BLA165-167_5_20260624T163937_38cb0a75c9bc.html,38cb0a75c9bc0aa3c3bfc1bb0970a760ab55b8dca42d907a00014189fd0433ae,2026-06-24T16:39:37.384624+00:00,"repair-v1: legacy Detail is not accepted: retryable HTTP 500",1,2026-08-03T14:27:20.913892+00:00
https://kinetics.nist.gov/solution/Detail?id=1990HAR/LUE735-740:2,queued,500,unknown,data/new_solution/boundary_probe/boundary_20260624_161614/boundary_detail_1990HAR_LUE735-740_2_20260624T162018_cfbd7ed8b1ed.html,cfbd7ed8b1ed6793dc5d6fd132737dde25a916739f0f559c2e16d809eb346457,2026-06-24T16:20:18.241394+00:00,"repair-v1: legacy Detail is not accepted: retryable HTTP 500",1,2026-08-03T14:27:20.913892+00:00
https://kinetics.nist.gov/solution/Detail?id=1990JOV/STE3583-3588:9,queued,500,unknown,data/new_solution/boundary_probe/boundary_20260624_161614/boundary_detail_1990JOV_STE3583-3588_9_20260624T162430_9f2f46ecbd62.html,9f2f46ecbd62f5fde14d31899f8cc02ee46473f6b812fd467ac0b2954d31aac2,2026-06-24T16:24:30.562048+00:00,"repair-v1: legacy Detail is not accepted: retryable HTTP 500",1,2026-08-03T14:27:20.913892+00:00
https://kinetics.nist.gov/solution/Detail?id=1990LAM/PER6141-6144:1,queued,500,unknown,data/new_solution/boundary_probe/boundary_20260627_103328/boundary_detail_1990LAM_PER6141-6144_1_20260627T110441_544b888cce12.html,544b888cce124a420873946e37453ab37a07114f8581224ba5030fd39dc521a0,2026-06-27T11:04:41.847225+00:00,"repair-v1: legacy Detail is not accepted: retryable HTTP 500",2,2026-08-03T14:27:20.913892+00:00
https://kinetics.nist.gov/solution/Detail?id=1990LAM/SAR3879-3882:4,queued,500,unknown,data/new_solution/boundary_probe/boundary_20260624_161614/boundary_detail_1990LAM_SAR3879-3882_4_20260624T164912_578c1095054b.html,578c1095054b6caf3f2fecb7001ad69da4c55a11885452909451e73bea6dca0f,2026-06-24T16:49:12.890046+00:00,"repair-v1: legacy Detail is not accepted: retryable HTTP 500",1,2026-08-03T14:27:20.913892+00:00
https://kinetics.nist.gov/solution/Detail?id=1990LEE/ESP3442-3447:2,queued,500,unknown,data/new_solution/boundary_probe/boundary_20260620_190527/boundary_detail_1990LEE_ESP3442-3447_2_20260620T190716_4e44265d1f93.html,4e44265d1f9360c2d53de6fde85ebc3b396f1070d2f9efc1e3a0abd8c593f038,2026-06-20T19:07:16.705087+00:00,"repair-v1: legacy Detail is not accepted: retryable HTTP 500",0,2026-08-03T14:27:20.913892+00:00
https://kinetics.nist.gov/solution/Detail?id=1990LEE/MIN1630-1634:6,queued,500,unknown,data/new_solution/boundary_probe/boundary_20260624_161614/boundary_detail_1990LEE_MIN1630-1634_6_20260624T170157_a4879f1424e6.html,a4879f1424e69a118bdadf0ccb2209f28adb48ec3dc734e80947b99716414b4f,2026-06-24T17:01:57.263144+00:00,"repair-v1: legacy Detail is not accepted: retryable HTTP 500",1,2026-08-03T14:27:20.913892+00:00
https://kinetics.nist.gov/solution/Detail?id=1990LOG41-46:2,queued,500,unknown,data/new_solution/boundary_probe/boundary_20260625_071124/boundary_detail_1990LOG41-46_2_20260625T071827_ca6ab0cad401.html,ca6ab0cad401628a4c5daf4f8ede96262c0fdb2c6f867824571e51a2cb9236e3,2026-06-25T07:18:27.439758+00:00,"repair-v1: legacy Detail is not accepted: retryable HTTP 500",1,2026-08-03T14:27:20.913892+00:00
https://kinetics.nist.gov/solution/Detail?id=1990MAR/SCH157-168:2,queued,500,unknown,data/new_solution/boundary_probe/boundary_20260624_161614/boundary_detail_1990MAR_SCH157-168_2_20260624T162309_818c717f35b9.html,818c717f35b96735ba9fe70b14fd19f3ea90ccee76e811990a65a6bd14759c3d,2026-06-24T16:23:09.651288+00:00,"repair-v1: legacy Detail is not accepted: retryable HTTP 500",1,2026-08-03T14:27:20.913892+00:00
https://kinetics.nist.gov/solution/Detail?id=1990MAY/KRA169-173:2,queued,500,unknown,data/new_solution/boundary_probe/boundary_20260624_161614/boundary_detail_1990MAY_KRA169-173_2_20260624T165242_10cc33835eb1.html,10cc33835eb11414620caee6221e10d9265d46c8356e17c76f6f57aae4ab4362,2026-06-24T16:52:42.969658+00:00,"repair-v1: legacy Detail is not accepted: retryable HTTP 500",1,2026-08-03T14:27:20.913892+00:00
https://kinetics.nist.gov/solution/Detail?id=1990MCE/WAY251-256B:2,queued,500,unknown,data/new_solution/boundary_probe/boundary_20260624_161614/boundary_detail_1990MCE_WAY251-256B_2_20260624T162542_41c2e75d3b81.html,41c2e75d3b816dd373c9e637f71344f4fddaba0fd5f7e53c8cdac25878d2356c,2026-06-24T16:25:42.342669+00:00,"repair-v1: legacy Detail is not accepted: retryable HTTP 500",1,2026-08-03T14:27:20.913892+00:00
https://kinetics.nist.gov/solution/Detail?id=1990MEL/BIE725-733:11,queued,500,unknown,data/new_solution/boundary_probe/boundary_20260624_161614/boundary_detail_1990MEL_BIE725-733_11_20260624T164955_424b42708c49.html,424b42708c491a79b2c94f1a4ab42cdbe3ffd5123657c903333f611c57b82b6d,2026-06-24T16:49:55.858831+00:00,"repair-v1: legacy Detail is not accepted: retryable HTTP 500",1,2026-08-03T14:27:20.913892+00:00
https://kinetics.nist.gov/solution/Detail?id=1990MIK/NAK689-695:9,queued,500,unknown,data/new_solution/boundary_probe/boundary_20260624_161614/boundary_detail_1990MIK_NAK689-695_9_20260624T163529_3159b9cf5d90.html,3159b9cf5d9096233fe66cb398dda972aab2f5b3112c869d1d6d70b806efdf6b,2026-06-24T16:35:29.409191+00:00,"repair-v1: legacy Detail is not accepted: retryable HTTP 500",1,2026-08-03T14:27:20.913892+00:00
https://kinetics.nist.gov/solution/Detail?id=1990MIT/MIZ187-191:10,queued,500,unknown,data/new_solution/boundary_probe/boundary_20260624_161614/boundary_detail_1990MIT_MIZ187-191_10_20260624T164936_ab9439751b35.html,ab9439751b354f82fc1b912add90e597dc573e62660ad8c3281a6c42f03a2b99,2026-06-24T16:49:36.813274+00:00,"repair-v1: legacy Detail is not accepted: retryable HTTP 500",1,2026-08-03T14:27:20.913892+00:00
https://kinetics.nist.gov/solution/Detail?id=1990MOH/MOO327-337:6,queued,500,unknown,data/new_solution/boundary_probe/boundary_20260624_161614/boundary_detail_1990MOH_MOO327-337_6_20260624T161658_b2425c4aaaa3.html,b2425c4aaaa3d4a7192967c3d65ff7f630c7d3af78aa675a55d8fc87972257af,2026-06-24T16:16:58.513672+00:00,"repair-v1: legacy Detail is not accepted: retryable HTTP 500",1,2026-08-03T14:27:20.913892+00:00
https://kinetics.nist.gov/solution/Detail?id=1990MUK/SWA1483-1491:4,queued,500,unknown,data/new_solution/boundary_probe/boundary_20260624_161614/boundary_detail_1990MUK_SWA1483-1491_4_20260624T162755_2dd0cfc00109.html,2dd0cfc00109bda080664b32e4a80190c1e871e6c674633bd77b4b17b28887c3,2026-06-24T16:27:55.664041+00:00,"repair-v1: legacy Detail is not accepted: retryable HTTP 500",1,2026-08-03T14:27:20.913892+00:00
https://kinetics.nist.gov/solution/Detail?id=1990NAI/MOO705-709:8,queued,500,unknown,data/new_solution/boundary_probe/boundary_20260624_161614/boundary_detail_1990NAI_MOO705-709_8_20260624T162819_34e8df3fc523.html,34e8df3fc52326195f8de71e2fba8ff8dfddb5adac3700edbf69caef471297d0,2026-06-24T16:28:19.512162+00:00,"repair-v1: legacy Detail is not accepted: retryable HTTP 500",1,2026-08-03T14:27:20.913892+00:00
https://kinetics.nist.gov/solution/Detail?id=1990OKA/TAN669-672:5,queued,500,unknown,data/new_solution/boundary_probe/boundary_20260624_155905/boundary_detail_1990OKA_TAN669-672_5_20260624T160722_c810211d8d25.html,c810211d8d252097b80e96adb0a05a858d832d0c5db750f622d0481a1603d25a,2026-06-24T16:07:22.061232+00:00,"repair-v1: legacy Detail is not accepted: retryable HTTP 500",0,2026-08-03T14:27:20.913892+00:00
https://kinetics.nist.gov/solution/Detail?id=1990PAN/VON1337-1340:2,queued,500,unknown,data/new_solution/boundary_probe/boundary_20260624_161614/boundary_detail_1990PAN_VON1337-1340_2_20260624T163223_8d9114c3cbbc.html,8d9114c3cbbc0a9684c5740bb612968a8b10fb756ed3495c58d714c95976f08d,2026-06-24T16:32:23.147489+00:00,"repair-v1: legacy Detail is not accepted: retryable HTTP 500",1,2026-08-03T14:27:20.913892+00:00
https://kinetics.nist.gov/solution/Detail?id=1990QUE/GAR153-159:2,queued,500,unknown,data/new_solution/boundary_probe/boundary_20260624_161614/boundary_detail_1990QUE_GAR153-159_2_20260624T161856_ed959756524b.html,ed959756524b67d0d78de3bb37d1a641d3210f1cf375139359fb64cf78896b38,2026-06-24T16:18:56.002562+00:00,"repair-v1: legacy Detail is not accepted: retryable HTTP 500",1,2026-08-03T14:27:20.913892+00:00
https://kinetics.nist.gov/solution/Detail?id=1990SAR/ISL1133-1142:3,queued,500,unknown,data/new_solution/boundary_probe/boundary_20260624_161614/boundary_detail_1990SAR_ISL1133-1142_3_20260624T164201_7cfc2c26c6de.html,7cfc2c26c6de44e0eb613b033e214bc14c74760e35c76a145a97c163ff98e1b2,2026-06-24T16:42:01.024980+00:00,"repair-v1: legacy Detail is not accepted: retryable HTTP 500",1,2026-08-03T14:27:20.913892+00:00
https://kinetics.nist.gov/solution/Detail?id=1990SCH/SCH403-407:3,queued,500,unknown,data/new_solution/boundary_probe/boundary_20260624_161614/boundary_detail_1990SCH_SCH403-407_3_20260624T170225_0355a4038f46.html,0355a4038f4685fb2926cc9d6aeb564b99971b66c0c7451c4818decbb482c4f3,2026-06-24T17:02:25.882939+00:00,"repair-v1: legacy Detail is not accepted: retryable HTTP 500",1,2026-08-03T14:27:20.913892+00:00
https://kinetics.nist.gov/solution/Detail?id=1990SCH/SCH741-744:2,queued,500,unknown,data/new_solution/boundary_probe/boundary_20260624_161614/boundary_detail_1990SCH_SCH741-744_2_20260624T164244_80d94675fe13.html,80d94675fe1398caab8eb616a65eb5cda5d4dfd46a551ab83ad29c67d0ffe925,2026-06-24T16:42:44.667194+00:00,"repair-v1: legacy Detail is not accepted: retryable HTTP 500",1,2026-08-03T14:27:20.913892+00:00
https://kinetics.nist.gov/solution/Detail?id=1990SCH/VOE45-51:4,queued,500,unknown,data/new_solution/boundary_probe/boundary_20260624_155905/boundary_detail_1990SCH_VOE45-51_4_20260624T155924_65be61f519c4.html,65be61f519c4116b29faa3b8e827aa8151a8a7afc9020ab6c7b8fcdfd7c61ff8,2026-06-24T15:59:24.777645+00:00,"repair-v1: legacy Detail is not accepted: retryable HTTP 500",0,2026-08-03T14:27:20.913892+00:00
https://kinetics.nist.gov/solution/Detail?id=1990SCU/ROU251-258:14,queued,500,unknown,data/new_solution/boundary_probe/boundary_20260624_161614/boundary_detail_1990SCU_ROU251-258_14_20260624T164459_c6bf49530e03.html,c6bf49530e034268f76d62da9ae1cd19badf29d446fef7046445833e3cd5dd43,2026-06-24T16:44:59.087900+00:00,"repair-v1: legacy Detail is not accepted: retryable HTTP 500",1,2026-08-03T14:27:20.913892+00:00
https://kinetics.nist.gov/solution/Detail?id=1990SEH/CHR499-500:2,queued,500,unknown,data/new_solution/boundary_probe/boundary_20260624_161614/boundary_detail_1990SEH_CHR499-500_2_20260624T170605_9b94b9d388a6.html,9b94b9d388a6aa074cb15f1513d830751e7413085f42650083b8a3d5abe9fa5a,2026-06-24T17:06:05.278866+00:00,"repair-v1: legacy Detail is not accepted: retryable HTTP 500",1,2026-08-03T14:27:20.913892+00:00
https://kinetics.nist.gov/solution/Detail?id=1990SHA/HUI505-512:17,queued,500,unknown,data/new_solution/boundary_probe/boundary_20260625_071124/boundary_detail_1990SHA_HUI505-512_17_20260625T071255_60f666648328.html,60f66664832843e66e82e181c2fe1dbd1bb3eacec7e8605bf6371d9987c1b10f,2026-06-25T07:12:55.844310+00:00,"repair-v1: legacy Detail is not accepted: retryable HTTP 500",1,2026-08-03T14:27:20.913892+00:00
https://kinetics.nist.gov/solution/Detail?id=1990STE/WAR335-342:16,queued,500,unknown,data/new_solution/boundary_probe/boundary_20260624_155905/boundary_detail_1990STE_WAR335-342_16_20260624T160455_6eef339a541f.html,6eef339a541f5c62106fe82fb8632335bcfe10433d62124aafccd3a1d618a170,2026-06-24T16:04:55.999870+00:00,"repair-v1: legacy Detail is not accepted: retryable HTTP 500",0,2026-08-03T14:27:20.913892+00:00
https://kinetics.nist.gov/solution/Detail?id=1990SUM/KAT1293-1298:4,queued,500,unknown,data/new_solution/boundary_probe/boundary_20260624_161614/boundary_detail_1990SUM_KAT1293-1298_4_20260624T163106_32d11816d787.html,32d11816d787d2f30a50bd939b0bce6e2a3fa6ef0b582928901fa0524007b34b,2026-06-24T16:31:06.550618+00:00,"repair-v1: legacy Detail is not accepted: retryable HTTP 500",1,2026-08-03T14:27:20.913892+00:00
https://kinetics.nist.gov/solution/Detail?id=1990SUZ/MIZ2783-2787:6,queued,500,unknown,data/new_solution/boundary_probe/boundary_20260624_161614/boundary_detail_1990SUZ_MIZ2783-2787_6_20260624T161806_eeca037cd195.html,eeca037cd195f8eeade2e1b983a1d51aebec35fa47ca9b2b958ea997075cd9fa,2026-06-24T16:18:06.957093+00:00,"repair-v1: legacy Detail is not accepted: retryable HTTP 500",1,2026-08-03T14:27:20.913892+00:00
https://kinetics.nist.gov/solution/Detail?id=1990TOK/NOS321-325:10,queued,500,unknown,data/new_solution/boundary_probe/boundary_20260624_161614/boundary_detail_1990TOK_NOS321-325_10_20260624T164215_4bbf721ad105.html,4bbf721ad10574edd205fbe31c0d607830cc7f4d80fcf3cfcc6da1fbf589e127,2026-06-24T16:42:15.368103+00:00,"repair-v1: legacy Detail is not accepted: retryable HTTP 500",1,2026-08-03T14:27:20.913892+00:00
https://kinetics.nist.gov/solution/Detail?id=1990TSU/YOS2206-2211:3,queued,500,unknown,data/new_solution/boundary_probe/boundary_20260624_155905/boundary_detail_1990TSU_YOS2206-2211_3_20260624T160427_f9d8f8426f67.html,f9d8f8426f6750d1e7c8bc824688804a36a50fb153efc79ce661d5647f8c7f59,2026-06-24T16:04:27.703395+00:00,"repair-v1: legacy Detail is not accepted: retryable HTTP 500",0,2026-08-03T14:27:20.913892+00:00
https://kinetics.nist.gov/solution/Detail?id=1990YE/SCH3369-3387:6,queued,500,unknown,data/new_solution/boundary_probe/boundary_20260620_190527/boundary_detail_1990YE_SCH3369-3387_6_20260620T190726_11a301021fc7.html,11a301021fc7b9cebb7084b20a022cfa26c020a38afc0ffec2b51473ea3fcda9,2026-06-20T19:07:26.113099+00:00,"repair-v1: legacy Detail is not accepted: retryable HTTP 500",0,2026-08-03T14:27:20.913892+00:00
https://kinetics.nist.gov/solution/Detail?id=1990ZEV/SWA307-312:6,queued,500,unknown,data/new_solution/boundary_probe/boundary_20260624_155905/boundary_detail_1990ZEV_SWA307-312_6_20260624T161028_13ef14ac8ab6.html,13ef14ac8ab605e8f3d5df6651d30194c530d47fceff7ff884c79428582a9739,2026-06-24T16:10:28.815637+00:00,"repair-v1: legacy Detail is not accepted: retryable HTTP 500",0,2026-08-03T14:27:20.913892+00:00
https://kinetics.nist.gov/solution/Detail?id=1991AKA/CEC10-16:2,queued,500,unknown,data/new_solution/boundary_probe/boundary_20260624_161614/boundary_detail_1991AKA_CEC10-16_2_20260624T163728_f82543491e14.html,f82543491e14a93333b33f58091b167dc2a06b4ba3754ac8b28aadcc53f86faf,2026-06-24T16:37:28.506235+00:00,"repair-v1: legacy Detail is not accepted: retryable HTTP 500",1,2026-08-03T14:27:20.913892+00:00
https://kinetics.nist.gov/solution/Detail?id=1991ARB/DAR11-12:2,queued,500,unknown,data/new_solution/boundary_probe/boundary_20260624_161614/boundary_detail_1991ARB_DAR11-12_2_20260624T164556_30f7e8874836.html,30f7e8874836541236ae7be3580908c2c9fe5c1246b3e5a9f7ae10b08d8b03a0,2026-06-24T16:45:56.473815+00:00,"repair-v1: legacy Detail is not accepted: retryable HTTP 500",1,2026-08-03T14:27:20.913892+00:00
https://kinetics.nist.gov/solution/Detail?id=1991ARU/AKA303-314:3,queued,500,unknown,data/new_solution/boundary_probe/boundary_20260624_155905/boundary_detail_1991ARU_AKA303-314_3_20260624T160902_1245e4d3b0dd.html,1245e4d3b0ddb33ee6dc4a57b293cddca5d56d8094e847a2232bf91619364672,2026-06-24T16:09:02.162022+00:00,"repair-v1: legacy Detail is not accepted: retryable HTTP 500",0,2026-08-03T14:27:20.913892+00:00
https://kinetics.nist.gov/solution/Detail?id=1991BAR/DEL65-70:3,queued,500,unknown,data/new_solution/boundary_probe/boundary_20260625_140556/boundary_detail_1991BAR_DEL65-70_3_20260625T140604_bc33b7516f80.html,bc33b7516f808639c2fb634375195b876dbfbf2483771fdf3485c2046fe2acc7,2026-06-25T14:06:04.916112+00:00,"reset retryable HTTP status from boundary probe",1,2026-06-25T15:22:47.446712+00:00
https://kinetics.nist.gov/solution/Detail?id=1991BON/ANK243-248:20,queued,500,unknown,data/new_solution/boundary_probe/boundary_20260624_155905/boundary_detail_1991BON_ANK243-248_20_20260624T160547_b3e50dd5cbdf.html,b3e50dd5cbdffe6d978050751c0a8cd725868e294a1b5c77caea4d941a6e0e7c,2026-06-24T16:05:47.554257+00:00,"repair-v1: legacy Detail is not accepted: retryable HTTP 500",0,2026-08-03T14:27:20.913892+00:00
https://kinetics.nist.gov/solution/Detail?id=1991CHU/MCA517-522B:2,queued,500,unknown,data/new_solution/boundary_probe/boundary_20260624_161614/boundary_detail_1991CHU_MCA517-522B_2_20260624T170514_8d349fec78d4.html,8d349fec78d4a24819e19dfe6aaf9c44a28bd16bd1e70c0c463ae95899c31a57,2026-06-24T17:05:14.621533+00:00,"repair-v1: legacy Detail is not accepted: retryable HTTP 500",1,2026-08-03T14:27:20.913892+00:00
https://kinetics.nist.gov/solution/Detail?id=1991CLE/OOL4286-4289:5,queued,500,unknown,data/new_solution/boundary_probe/boundary_20260624_161614/boundary_detail_1991CLE_OOL4286-4289_5_20260624T165934_3b7164a79567.html,3b7164a795679032716ea7cc710360c3236c8b8406a5f9a3c4bbe3fcdcd2452c,2026-06-24T16:59:34.501883+00:00,"repair-v1: legacy Detail is not accepted: retryable HTTP 500",1,2026-08-03T14:27:20.913892+00:00
https://kinetics.nist.gov/solution/Detail?id=1991DEV/STE6283-6289:3,queued,500,unknown,data/new_solution/boundary_probe/boundary_20260624_161614/boundary_detail_1991DEV_STE6283-6289_3_20260624T165637_743905e18408.html,743905e184087dbb9afbbeaa6c83501a14073aa35b8b1c0bffcd0263f92c4f6b,2026-06-24T16:56:37.439523+00:00,"repair-v1: legacy Detail is not accepted: retryable HTTP 500",1,2026-08-03T14:27:20.913892+00:00
https://kinetics.nist.gov/solution/Detail?id=1991DRA/NEG317-321:7,queued,500,unknown,data/new_solution/boundary_probe/boundary_20260624_155905/boundary_detail_1991DRA_NEG317-321_7_20260624T161057_1c0896aae8c3.html,1c0896aae8c39514514eb0fe26bf5c4f90329fbf511007cedac87cf72430679a,2026-06-24T16:10:57.653324+00:00,"repair-v1: legacy Detail is not accepted: retryable HTTP 500",0,2026-08-03T14:27:20.913892+00:00
https://kinetics.nist.gov/solution/Detail?id=1991ERS/JAN8996-8999:3,queued,500,unknown,data/new_solution/boundary_probe/boundary_20260624_161614/boundary_detail_1991ERS_JAN8996-8999_3_20260624T164229_d9eb790c04f3.html,d9eb790c04f3e0b24d95c3591c05badd3a7629b892144971ee8d156a1cf665d0,2026-06-24T16:42:29.998194+00:00,"repair-v1: legacy Detail is not accepted: retryable HTTP 500",1,2026-08-03T14:27:20.913892+00:00
https://kinetics.nist.gov/solution/Detail?id=1991ESP/BAK4830-4833:19,queued,500,unknown,data/new_solution/boundary_probe/boundary_20260624_155905/boundary_detail_1991ESP_BAK4830-4833_19_20260624T161004_53dcb4f63b03.html,53dcb4f63b0329542612a931cbb02d996deac3e19003b06a396a9748619d1930,2026-06-24T16:10:04.486883+00:00,"repair-v1: legacy Detail is not accepted: retryable HTTP 500",0,2026-08-03T14:27:20.913892+00:00
https://kinetics.nist.gov/solution/Detail?id=1991FAV/TOU993-1001:2,queued,500,unknown,data/new_solution/boundary_probe/boundary_20260624_155905/boundary_detail_1991FAV_TOU993-1001_2_20260624T161043_00f9a45e18c2.html,00f9a45e18c25d70048ce7225e6021237d0a0de9a675d6cb465eca0c4c99ed07,2026-06-24T16:10:43.242435+00:00,"repair-v1: legacy Detail is not accepted: retryable HTTP 500",0,2026-08-03T14:27:20.913892+00:00
https://kinetics.nist.gov/solution/Detail?id=1991FIL/CHA937-943:2,queued,500,unknown,data/new_solution/boundary_probe/boundary_20260624_161614/boundary_detail_1991FIL_CHA937-943_2_20260624T165720_086aef530517.html,086aef5305173f5445b01593813219a9dc2dbe97a154beed83ed2e238a1021a5,2026-06-24T16:57:20.532318+00:00,"repair-v1: legacy Detail is not accepted: retryable HTTP 500",1,2026-08-03T14:27:20.913892+00:00
https://kinetics.nist.gov/solution/Detail?id=1991GAR/FRI1478-1483:2,queued,500,unknown,data/new_solution/boundary_probe/boundary_20260621_101630/boundary_detail_1991GAR_FRI1478-1483_2_20260621T101646_8a4d859a6d01.html,8a4d859a6d011d965555c05809338389072dcf08f12f13703e77ab4c9ba9a3bd,2026-06-21T10:16:46.388848+00:00,"repair-v1: legacy Detail is not accepted: retryable HTTP 500",0,2026-08-03T14:27:20.913892+00:00
https://kinetics.nist.gov/solution/Detail?id=1991GEB/GEB617-623:2,queued,500,unknown,data/new_solution/boundary_probe/boundary_20260624_161614/boundary_detail_1991GEB_GEB617-623_2_20260624T170444_3d18aa32f91f.html,3d18aa32f91f4d7878bae2556044b7158bec313a68fb5625ed61071729799121,2026-06-24T17:04:44.367563+00:00,"repair-v1: legacy Detail is not accepted: retryable HTTP 500",1,2026-08-03T14:27:20.913892+00:00
https://kinetics.nist.gov/solution/Detail?id=1991GOE/KOL3993-3999:2,queued,500,unknown,data/new_solution/boundary_probe/boundary_20260624_161614/boundary_detail_1991GOE_KOL3993-3999_2_20260624T162037_fc89be41fde5.html,fc89be41fde508f3fc7c72298a1e1111cb17359bfdc43d9f3815dd16a32e634b,2026-06-24T16:20:37.220446+00:00,"repair-v1: legacy Detail is not accepted: retryable HTTP 500",1,2026-08-03T14:27:20.913892+00:00
https://kinetics.nist.gov/solution/Detail?id=1991GOL/CZA205-210:3,queued,500,unknown,data/new_solution/boundary_probe/boundary_20260624_161614/boundary_detail_1991GOL_CZA205-210_3_20260624T162411_d14b2e925057.html,d14b2e9250578d386712b79dfe30eaf8d01bb17dc14887c3a8a6f6a09c6eda8a,2026-06-24T16:24:11.600032+00:00,"repair-v1: legacy Detail is not accepted: retryable HTTP 500",1,2026-08-03T14:27:20.913892+00:00
https://kinetics.nist.gov/solution/Detail?id=1991GOT/KIM419-430:5,queued,500,unknown,data/new_solution/boundary_probe/boundary_20260624_155905/boundary_detail_1991GOT_KIM419-430_5_20260624T160201_86268a6f3647.html,86268a6f3647447a2e64923763d2859f0dc7dbe911df5697d3e6927b0b5a4df0,2026-06-24T16:02:01.072442+00:00,"repair-v1: legacy Detail is not accepted: retryable HTTP 500",0,2026-08-03T14:27:20.913892+00:00
https://kinetics.nist.gov/solution/Detail?id=1991HOR/SZO97-104:4,queued,500,unknown,data/new_solution/boundary_probe/boundary_20260624_161614/boundary_detail_1991HOR_SZO97-104_4_20260624T170430_eb4b7e408efa.html,eb4b7e408efada418ae664a64cc93ec3f8a0dc2e025e79d5cf5b280ae0973ede,2026-06-24T17:04:30.124836+00:00,"repair-v1: legacy Detail is not accepted: retryable HTTP 500",1,2026-08-03T14:27:20.913892+00:00
https://kinetics.nist.gov/solution/Detail?id=1991HUA/LIA506-511:6,queued,500,unknown,data/new_solution/boundary_probe/boundary_20260624_161614/boundary_detail_1991HUA_LIA506-511_6_20260624T163242_3dbe89a5b5ec.html,3dbe89a5b5eca31ef6da0ce4072aa6750ab8d0d6df28b261b4c84c9ecf5aa9a3,2026-06-24T16:32:42.382499+00:00,"repair-v1: legacy Detail is not accepted: retryable HTTP 500",1,2026-08-03T14:27:20.913892+00:00
https://kinetics.nist.gov/solution/Detail?id=1991HUI/CLI477-481:10,queued,500,unknown,data/new_solution/boundary_probe/boundary_20260625_071124/boundary_detail_1991HUI_CLI477-481_10_20260625T071411_9655c602f182.html,9655c602f1827f8951ed9ba4932f37d49f1cdd183b7415e2d6e2ceaff72fd90c,2026-06-25T07:14:11.717370+00:00,"repair-v1: legacy Detail is not accepted: retryable HTTP 500",1,2026-08-03T14:27:20.913892+00:00
https://kinetics.nist.gov/solution/Detail?id=1991HUS/ESP4826-4830:25,queued,500,unknown,data/new_solution/boundary_probe/boundary_20260624_161614/boundary_detail_1991HUS_ESP4826-4830_25_20260624T161841_e14f1867009e.html,e14f1867009e3d6d327c6c3922933f6c7a6fa752921797fc6af13d83b46bcc72,2026-06-24T16:18:41.289728+00:00,"repair-v1: legacy Detail is not accepted: retryable HTTP 500",1,2026-08-03T14:27:20.913892+00:00
https://kinetics.nist.gov/solution/Detail?id=1991KAM/CHA705-709:6,queued,500,unknown,data/new_solution/boundary_probe/boundary_20260624_161614/boundary_detail_1991KAM_CHA705-709_6_20260624T170518_06a3c1aa172c.html,06a3c1aa172c2ec65dbd3a90c08d04ffa7ef0440596c8bca2be70e994eac0438,2026-06-24T17:05:18.274702+00:00,"repair-v1: legacy Detail is not accepted: retryable HTTP 500",1,2026-08-03T14:27:20.913892+00:00
https://kinetics.nist.gov/solution/Detail?id=1991KAT/JIA4435-4439:19,queued,500,unknown,data/new_solution/boundary_probe/boundary_20260624_155905/boundary_detail_1991KAT_JIA4435-4439_19_20260624T160002_aa15f6a21c0a.html,aa15f6a21c0a305a4769b4b875a952752e07e3cbbca42f04ffdb582424d94a79,2026-06-24T16:00:02.987831+00:00,"repair-v1: legacy Detail is not accepted: retryable HTTP 500",0,2026-08-03T14:27:20.913892+00:00
https://kinetics.nist.gov/solution/Detail?id=1991KLA/SEH3582-3584:4,queued,500,unknown,data/new_solution/boundary_probe/boundary_20260624_161614/boundary_detail_1991KLA_SEH3582-3584_4_20260624T164053_188cb09e6032.html,188cb09e6032fcf3e82690c529f892d95ad3502d2e867f5c4e8f9de3e20de413,2026-06-24T16:40:53.943293+00:00,"repair-v1: legacy Detail is not accepted: retryable HTTP 500",1,2026-08-03T14:27:20.913892+00:00
https://kinetics.nist.gov/solution/Detail?id=1991KUM/RAO531-544:6,queued,500,unknown,data/new_solution/boundary_probe/boundary_20260624_161614/boundary_detail_1991KUM_RAO531-544_6_20260624T163558_0d14f03797a3.html,0d14f03797a3a09a882bf402dd92ea2b44bbbb2e402c2a11d66abcd56189faf1,2026-06-24T16:35:58.118331+00:00,"repair-v1: legacy Detail is not accepted: retryable HTTP 500",1,2026-08-03T14:27:20.913892+00:00
https://kinetics.nist.gov/solution/Detail?id=1991LEE/MIN642-646:4,queued,500,unknown,data/new_solution/boundary_probe/boundary_20260624_161614/boundary_detail_1991LEE_MIN642-646_4_20260624T163354_10837c0bea9d.html,10837c0bea9d0e4c1a29edbe44b9d92ab70306c0d809514b405db58b2c7efc92,2026-06-24T16:33:54.033427+00:00,"repair-v1: legacy Detail is not accepted: retryable HTTP 500",1,2026-08-03T14:27:20.913892+00:00
https://kinetics.nist.gov/solution/Detail?id=1991MAS/COH1849-1854:3,queued,500,unknown,data/new_solution/boundary_probe/boundary_20260624_155905/boundary_detail_1991MAS_COH1849-1854_3_20260624T160113_051671952c33.html,051671952c33829226f9fe6684bed7f1b4c094813c722f21f33f6fed0a7a1848,2026-06-24T16:01:13.608863+00:00,"repair-v1: legacy Detail is not accepted: retryable HTTP 500",0,2026-08-03T14:27:20.913892+00:00
https://kinetics.nist.gov/solution/Detail?id=1991MCE/WAY1513-1521:5,queued,500,unknown,data/new_solution/boundary_probe/boundary_20260624_155905/boundary_detail_1991MCE_WAY1513-1521_5_20260624T160528_619556a01d05.html,619556a01d057b1f64771be204a7aee70cdfd62ebe1460efc770942d8e669349,2026-06-24T16:05:28.791912+00:00,"repair-v1: legacy Detail is not accepted: retryable HTTP 500",0,2026-08-03T14:27:20.913892+00:00
https://kinetics.nist.gov/solution/Detail?id=1991MIL/LUN293-298:2,queued,500,unknown,data/new_solution/boundary_probe/boundary_20260624_161614/boundary_detail_1991MIL_LUN293-298_2_20260624T162212_3054046e4a22.html,3054046e4a22e6d8541844c504f0dfb0cc04c974fdf5038a81ae0eb4438e7c17,2026-06-24T16:22:12.541736+00:00,"repair-v1: legacy Detail is not accepted: retryable HTTP 500",1,2026-08-03T14:27:20.913892+00:00
https://kinetics.nist.gov/solution/Detail?id=1991MUK/DAI4188-4192:23,queued,500,unknown,data/new_solution/boundary_probe/boundary_20260624_161614/boundary_detail_1991MUK_DAI4188-4192_23_20260624T165603_ceb7573c6db9.html,ceb7573c6db942a57a5c4ea29d66c69b8404a288c3a4466cb0d5ad254331d07c,2026-06-24T16:56:03.891167+00:00,"repair-v1: legacy Detail is not accepted: retryable HTTP 500",1,2026-08-03T14:27:20.913892+00:00
https://kinetics.nist.gov/solution/Detail?id=1991NAH/NET4419-4422:19,queued,500,unknown,data/nist_solution/archive/2-propanol_20260610T123333Z/detail_rr_20260612T101428_5a56f7ad6744.html,5a56f7ad6744075de706f6ac6aee82c49fff37ddf8d00fadcf363251790ac7a0,2026-06-12T10:14:28.084446+00:00,"repair-v1: legacy Detail is not accepted: retryable HTTP 500",12,2026-08-03T14:27:20.913892+00:00
https://kinetics.nist.gov/solution/Detail?id=1991NAI/MOO667-675:11,queued,500,unknown,data/new_solution/boundary_probe/boundary_20260624_161614/boundary_detail_1991NAI_MOO667-675_11_20260624T164941_ed149158ef3e.html,ed149158ef3e28c363cc9359dfdd9e5d99cdf7aebae8f1205dbbbefd2ab9d623,2026-06-24T16:49:41.507975+00:00,"repair-v1: legacy Detail is not accepted: retryable HTTP 500",1,2026-08-03T14:27:20.913892+00:00
https://kinetics.nist.gov/solution/Detail?id=1991NEU/FUS453-456:2,queued,500,unknown,data/new_solution/boundary_probe/boundary_20260624_161614/boundary_detail_1991NEU_FUS453-456_2_20260624T164205_cdf95774f5af.html,cdf95774f5af1c0b28680ef2697b7b7a4b60ba99c29e7e32854a57e972e12378,2026-06-24T16:42:05.753844+00:00,"repair-v1: legacy Detail is not accepted: retryable HTTP 500",1,2026-08-03T14:27:20.913892+00:00
https://kinetics.nist.gov/solution/Detail?id=1991NEU/FUS662-665:4,queued,500,unknown,data/new_solution/boundary_probe/boundary_20260624_161614/boundary_detail_1991NEU_FUS662-665_4_20260624T162402_42d400c07e39.html,42d400c07e398a0d483bbeaf634e1eb5227e60fa50842e9d350eaa793e85fae3,2026-06-24T16:24:02.045360+00:00,"repair-v1: legacy Detail is not accepted: retryable HTTP 500",1,2026-08-03T14:27:20.913892+00:00
https://kinetics.nist.gov/solution/Detail?id=1991PEI/FRE884-892:13,queued,500,unknown,data/new_solution/boundary_probe/boundary_20260624_161614/boundary_detail_1991PEI_FRE884-892_13_20260624T164508_0c8b841721db.html,0c8b841721dbb95825717011d43701fba28cfeacdf55591a6683c1e691c24dec,2026-06-24T16:45:08.724886+00:00,"repair-v1: legacy Detail is not accepted: retryable HTTP 500",1,2026-08-03T14:27:20.913892+00:00
https://kinetics.nist.gov/solution/Detail?id=1991PLO/KRA445-447:4,queued,500,unknown,data/new_solution/boundary_probe/boundary_20260624_161614/boundary_detail_1991PLO_KRA445-447_4_20260624T161915_ae36fc1ff041.html,ae36fc1ff041349b53baf6e061ca58c4c5b3bc34d5dc5da0e5f1d419ce0e59b1,2026-06-24T16:19:15.441794+00:00,"repair-v1: legacy Detail is not accepted: retryable HTTP 500",1,2026-08-03T14:27:20.913892+00:00
https://kinetics.nist.gov/solution/Detail?id=1991ROO/SUL4545-4549:9,queued,500,unknown,data/new_solution/boundary_probe/boundary_20260624_161614/boundary_detail_1991ROO_SUL4545-4549_9_20260624T165316_cf81cbb082d1.html,cf81cbb082d1a625d55ce83ed50013a60eebfafef9a0e16b0e5bcbae5c75e2e5,2026-06-24T16:53:16.032612+00:00,"repair-v1: legacy Detail is not accepted: retryable HTTP 500",1,2026-08-03T14:27:20.913892+00:00
https://kinetics.nist.gov/solution/Detail?id=1991SAM/MIT187-194:3,queued,500,unknown,data/new_solution/boundary_probe/boundary_20260620_190527/boundary_detail_1991SAM_MIT187-194_3_20260620T190808_9502da73e1ad.html,9502da73e1add994adb3868fcb668ae4d610aa7cf952e26be304cf7d115d4f48,2026-06-20T19:08:08.402110+00:00,"repair-v1: legacy Detail is not accepted: retryable HTTP 500",0,2026-08-03T14:27:20.913892+00:00
https://kinetics.nist.gov/solution/Detail?id=1991SCU/ROU733-736:11,queued,500,unknown,data/new_solution/boundary_probe/boundary_20260624_155905/boundary_detail_1991SCU_ROU733-736_11_20260624T160335_000616d4480f.html,000616d4480fa23f0b9d0e677dfa031f278f496e5086f11b9e041d307bc8aaa8,2026-06-24T16:03:35.757227+00:00,"repair-v1: legacy Detail is not accepted: retryable HTTP 500",0,2026-08-03T14:27:20.913892+00:00
https://kinetics.nist.gov/solution/Detail?id=1991SEK/GAR977-985:4,queued,500,unknown,data/new_solution/boundary_probe/boundary_20260625_071124/boundary_detail_1991SEK_GAR977-985_4_20260625T071619_8f1bffbfaf3f.html,8f1bffbfaf3fa6a06a86c8c47f596cf9b12444b29d49d3e5d6cbaceaaab72dd5,2026-06-25T07:16:19.364366+00:00,"repair-v1: legacy Detail is not accepted: retryable HTTP 500",1,2026-08-03T14:27:20.913892+00:00
https://kinetics.nist.gov/solution/Detail?id=1991TOK/NOS559-562:1,queued,500,unknown,data/new_solution/boundary_probe/boundary_20260627_103328/boundary_detail_1991TOK_NOS559-562_1_20260627T105413_8b0c1669bf0f.html,8b0c1669bf0f34c99faf1b946130ecffb14e036952fc0cfa4b74769c44a7ea3f,2026-06-27T10:54:13.177480+00:00,"repair-v1: legacy Detail is not accepted: retryable HTTP 500",2,2026-08-03T14:27:20.913892+00:00
https://kinetics.nist.gov/solution/Detail?id=1991VEN/MUL449-456:9,queued,500,unknown,data/new_solution/boundary_probe/boundary_20260624_161614/boundary_detail_1991VEN_MUL449-456_9_20260624T163505_73208fd15f70.html,73208fd15f70ec2004c665fca1332293ccefec8fded12bca6a3b05b20eb3e19e,2026-06-24T16:35:05.571251+00:00,"repair-v1: legacy Detail is not accepted: retryable HTTP 500",1,2026-08-03T14:27:20.913892+00:00
https://kinetics.nist.gov/solution/Detail?id=1991WAN/MAT365-371:3,queued,500,unknown,data/new_solution/boundary_probe/boundary_20260624_155905/boundary_detail_1991WAN_MAT365-371_3_20260624T160234_969e9c033b0f.html,969e9c033b0f8034850c7f2ae9995101875ecd579bed9cc9a72c9e394b080d79,2026-06-24T16:02:34.028615+00:00,"repair-v1: legacy Detail is not accepted: retryable HTTP 500",0,2026-08-03T14:27:20.913892+00:00
https://kinetics.nist.gov/solution/Detail?id=1991WEI/SCH791-800:2,queued,500,unknown,data/new_solution/boundary_probe/boundary_20260624_161614/boundary_detail_1991WEI_SCH791-800_2_20260624T164649_51fab1524e10.html,51fab1524e10b7e645356d6260f48c1c1848f294409d1963aab76a7a174e8f97,2026-06-24T16:46:49.454067+00:00,"repair-v1: legacy Detail is not accepted: retryable HTTP 500",1,2026-08-03T14:27:20.913892+00:00
https://kinetics.nist.gov/solution/Detail?id=1991WIN/NIM510-512:2,queued,500,unknown,data/new_solution/boundary_probe/boundary_20260620_190527/boundary_detail_1991WIN_NIM510-512_2_20260620T190841_b81dbcf5b042.html,b81dbcf5b042962af0095bcbead6837b5a118f1817978e2b03393039d3b86a00,2026-06-20T19:08:41.059850+00:00,"repair-v1: legacy Detail is not accepted: retryable HTTP 500",0,2026-08-03T14:27:20.913892+00:00
https://kinetics.nist.gov/solution/Detail?id=1991YAO/HAA761-773:55,queued,500,unknown,data/new_solution/boundary_probe/boundary_20260624_161614/boundary_detail_1991YAO_HAA761-773_55_20260624T162518_cdbd84838694.html,cdbd84838694da79b1c172859a63409d3e281886ba969d6c8fc83e78f3721c27,2026-06-24T16:25:18.275833+00:00,"repair-v1: legacy Detail is not accepted: retryable HTTP 500",1,2026-08-03T14:27:20.913892+00:00
https://kinetics.nist.gov/solution/Detail?id=1991YE/SCH239-252:10,queued,500,unknown,data/new_solution/boundary_probe/boundary_20260620_190527/boundary_detail_1991YE_SCH239-252_10_20260620T190543_249a4745e5a5.html,249a4745e5a5bbc812317fe5cb489c3579d4523a4c1bbe363cffebfad1107d12,2026-06-20T19:05:43.418783+00:00,"repair-v1: legacy Detail is not accepted: retryable HTTP 500",0,2026-08-03T14:27:20.913892+00:00
https://kinetics.nist.gov/solution/Detail?id=1992AVE/DEL1971-1976:22,queued,500,unknown,data/new_solution/boundary_probe/boundary_20260624_155905/boundary_detail_1992AVE_DEL1971-1976_22_20260624T160823_0d6a7daab2bc.html,0d6a7daab2bcb521a03f402fe2fcde1c7f9ae7232f5253fa621aa6fa772c3b90,2026-06-24T16:08:23.958666+00:00,"repair-v1: legacy Detail is not accepted: retryable HTTP 500",0,2026-08-03T14:27:20.913892+00:00
https://kinetics.nist.gov/solution/Detail?id=1992CAN/STE937-944:2,queued,500,unknown,data/new_solution/boundary_probe/boundary_20260624_161614/boundary_detail_1992CAN_STE937-944_2_20260624T170342_956ed9d8200d.html,956ed9d8200d62d4ffccb39a1bdbe1d24c71b15fe591bf892a852ade60184d41,2026-06-24T17:03:42.509434+00:00,"repair-v1: legacy Detail is not accepted: retryable HTTP 500",1,2026-08-03T14:27:20.913892+00:00
https://kinetics.nist.gov/solution/Detail?id=1992CHI/WIN17-25:4,queued,500,unknown,data/new_solution/boundary_probe/boundary_20260624_161614/boundary_detail_1992CHI_WIN17-25_4_20260624T165739_c7f75a32277d.html,c7f75a32277dd0c8e055736c8981b177870ded626c7b3cfa0173e4ff52866199,2026-06-24T16:57:39.974825+00:00,"repair-v1: legacy Detail is not accepted: retryable HTTP 500",1,2026-08-03T14:27:20.913892+00:00
https://kinetics.nist.gov/solution/Detail?id=1992CLE/YAN4477-4487:28,queued,500,unknown,data/new_solution/boundary_probe/boundary_20260624_161614/boundary_detail_1992CLE_YAN4477-4487_28_20260624T165257_92459bb76183.html,92459bb761832adf3428a44fc2ac0226dcb32ee491dae5a6892f458cd326630b,2026-06-24T16:52:57.139249+00:00,"repair-v1: legacy Detail is not accepted: retryable HTTP 500",1,2026-08-03T14:27:20.913892+00:00
https://kinetics.nist.gov/solution/Detail?id=1992DIM457-460:2,queued,500,unknown,data/new_solution/boundary_probe/boundary_20260624_161614/boundary_detail_1992DIM457-460_2_20260624T165135_1ee8ad252a62.html,1ee8ad252a629060ef9e75bdf6c7ed87e9a04680a6e2388a417a55b36cf48a18,2026-06-24T16:51:35.991029+00:00,"repair-v1: legacy Detail is not accepted: retryable HTTP 500",1,2026-08-03T14:27:20.913892+00:00
https://kinetics.nist.gov/solution/Detail?id=1992DUN/BRA227-235:3,queued,500,unknown,data/new_solution/boundary_probe/boundary_20260624_161614/boundary_detail_1992DUN_BRA227-235_3_20260624T163806_bd7aa2bd99f0.html,bd7aa2bd99f09fa2f7ec891e216e4faf53d17693e1f74107298bba56971edc21,2026-06-24T16:38:06.660774+00:00,"repair-v1: legacy Detail is not accepted: retryable HTTP 500",1,2026-08-03T14:27:20.913892+00:00
https://kinetics.nist.gov/solution/Detail?id=1992ELA/ABD133-141:2,queued,500,unknown,data/new_solution/boundary_probe/boundary_20260624_161614/boundary_detail_1992ELA_ABD133-141_2_20260624T165131_557205a7f660.html,557205a7f660f09da1acf332906d394840b87d000bc79d368ea37cc7589ab8bb,2026-06-24T16:51:31.281223+00:00,"repair-v1: legacy Detail is not accepted: retryable HTTP 500",1,2026-08-03T14:27:20.913892+00:00
https://kinetics.nist.gov/solution/Detail?id=1992ELL1658-1661:6,queued,500,unknown,data/new_solution/boundary_probe/boundary_20260624_161614/boundary_detail_1992ELL1658-1661_6_20260624T162217_35ae04abd871.html,35ae04abd8712f0fc838160429a356130100d97e89547d2fc2894a02aea06e22,2026-06-24T16:22:17.317720+00:00,"repair-v1: legacy Detail is not accepted: retryable HTTP 500",1,2026-08-03T14:27:20.913892+00:00
https://kinetics.nist.gov/solution/Detail?id=1992FOJ/HEN8203-8206:2,queued,500,unknown,data/new_solution/boundary_probe/boundary_20260624_161614/boundary_detail_1992FOJ_HEN8203-8206_2_20260624T163032_7b6cc6be98ef.html,7b6cc6be98ef8ea99f028f5123660ec54f7a960db43481dd18c157508773743d,2026-06-24T16:30:32.691824+00:00,"repair-v1: legacy Detail is not accepted: retryable HTTP 500",1,2026-08-03T14:27:20.913892+00:00
https://kinetics.nist.gov/solution/Detail?id=1992GOL/CZA87-93:5,queued,500,unknown,data/new_solution/boundary_probe/boundary_20260624_161614/boundary_detail_1992GOL_CZA87-93_5_20260624T164327_292bf7d60907.html,292bf7d60907b21d1727e8258ed74724f4c827e94807a377d26af72391e8d3dd,2026-06-24T16:43:27.931132+00:00,"repair-v1: legacy Detail is not accepted: retryable HTTP 500",1,2026-08-03T14:27:20.913892+00:00
https://kinetics.nist.gov/solution/Detail?id=1992GUH/MIT497-507:2,queued,500,unknown,data/new_solution/boundary_probe/boundary_20260624_161614/boundary_detail_1992GUH_MIT497-507_2_20260624T165359_e8c47aeed7f4.html,e8c47aeed7f4b5beed1d9926474a3aae0e0237956677b819aa28aec0e10bb9fc,2026-06-24T16:53:59.237031+00:00,"repair-v1: legacy Detail is not accepted: retryable HTTP 500",1,2026-08-03T14:27:20.913892+00:00
https://kinetics.nist.gov/solution/Detail?id=1992GUL/KUM9576-9581:3,queued,500,unknown,data/new_solution/boundary_probe/boundary_20260624_161614/boundary_detail_1992GUL_KUM9576-9581_3_20260624T170003_e42041285ae0.html,e42041285ae04f90b9e21a885cc8a20632955218161b48f7a2d4f48857f82368,2026-06-24T17:00:03.192829+00:00,"repair-v1: legacy Detail is not accepted: retryable HTTP 500",1,2026-08-03T14:27:20.913892+00:00
https://kinetics.nist.gov/solution/Detail?id=1992GUL/NET4849-4853:5,queued,500,unknown,data/new_solution/boundary_probe/boundary_20260624_161614/boundary_detail_1992GUL_NET4849-4853_5_20260624T170420_7335502097be.html,7335502097be226259528f8eac3419d65b8bb71f7e272bd713ace567ee9d641d,2026-06-24T17:04:20.674840+00:00,"repair-v1: legacy Detail is not accepted: retryable HTTP 500",1,2026-08-03T14:27:20.913892+00:00
https://kinetics.nist.gov/solution/Detail?id=1992GYO/ANT81-84:4,queued,500,unknown,data/new_solution/boundary_probe/boundary_20260624_161614/boundary_detail_1992GYO_ANT81-84_4_20260624T163510_2cab497aada6.html,2cab497aada69c6c36d6c373f0219231a2f1da035962f526947464810e8b058e,2026-06-24T16:35:10.373897+00:00,"repair-v1: legacy Detail is not accepted: retryable HTTP 500",1,2026-08-03T14:27:20.913892+00:00
https://kinetics.nist.gov/solution/Detail?id=1992HAA/YAO1005-1013:35,queued,500,unknown,data/new_solution/boundary_probe/boundary_20260624_161614/boundary_detail_1992HAA_YAO1005-1013_35_20260624T163208_d3a3e79c4823.html,d3a3e79c48237a430d7ca1a76ef347479be9b68a8f1af5c68ef002080567e350,2026-06-24T16:32:08.512931+00:00,"repair-v1: legacy Detail is not accepted: retryable HTTP 500",1,2026-08-03T14:27:20.913892+00:00
https://kinetics.nist.gov/solution/Detail?id=1992HOR/HOR155-163:5,queued,500,unknown,data/new_solution/boundary_probe/boundary_20260624_155905/boundary_detail_1992HOR_HOR155-163_5_20260624T161150_c5c8ac697986.html,c5c8ac697986b17a5c8d81cc0501bd4e3c40b445cc8c275e2eddd8eed729219c,2026-06-24T16:11:50.635634+00:00,"repair-v1: legacy Detail is not accepted: retryable HTTP 500",0,2026-08-03T14:27:20.913892+00:00
https://kinetics.nist.gov/solution/Detail?id=1992JIA/WAN391-396:5,queued,500,unknown,data/new_solution/boundary_probe/boundary_20260624_161614/boundary_detail_1992JIA_WAN391-396_5_20260624T161939_ed8309fd0f01.html,ed8309fd0f014b40a7c023196ffbc963f6cb49a31ed3818c68323be6927ea11c,2026-06-24T16:19:39.429909+00:00,"repair-v1: legacy Detail is not accepted: retryable HTTP 500",1,2026-08-03T14:27:20.913892+00:00
https://kinetics.nist.gov/solution/Detail?id=1992KHA/MEI11426-11427:5,queued,500,unknown,data/new_solution/boundary_probe/boundary_20260625_071124/boundary_detail_1992KHA_MEI11426-11427_5_20260625T071449_31c3d7b6ce59.html,31c3d7b6ce597d09006e9844a88ed7bf4f2bff9a06c2010bccd8b354ff0dbff9,2026-06-25T07:14:49.587343+00:00,"repair-v1: legacy Detail is not accepted: retryable HTTP 500",1,2026-08-03T14:27:20.913892+00:00
https://kinetics.nist.gov/solution/Detail?id=1992KON/VOL1130-1133:2,queued,500,unknown,data/new_solution/boundary_probe/boundary_20260624_161614/boundary_detail_1992KON_VOL1130-1133_2_20260624T163227_c8d11175e10b.html,c8d11175e10b371f05d4221fa9335e0aac77dcdf7e06562ec19865feefd8b8d7,2026-06-24T16:32:27.876782+00:00,"repair-v1: legacy Detail is not accepted: retryable HTTP 500",1,2026-08-03T14:27:20.913892+00:00
https://kinetics.nist.gov/solution/Detail?id=1992KUM/NET3350-3354:21,queued,500,unknown,data/new_solution/boundary_probe/boundary_20260624_161614/boundary_detail_1992KUM_NET3350-3354_21_20260624T163607_ffa7eb042327.html,ffa7eb04232775f3d8c84306561e2c4c8ec9cae16825857f6a15bdd294676084,2026-06-24T16:36:07.648465+00:00,"repair-v1: legacy Detail is not accepted: retryable HTTP 500",1,2026-08-03T14:27:20.913892+00:00
https://kinetics.nist.gov/solution/Detail?id=1992LAL/MAH23-26:18,queued,500,unknown,data/nist_solution/archive/e_20260521T084224Z/detail_00041_20260521T113757_1c7070fc1f43.html,1c7070fc1f43eeb1da47dd08ae319bc1e0c8ec46206b896a6c14a475aaee4a8a,2026-05-21T11:37:57.719295+00:00,"repair-v1: legacy Detail is not accepted: retryable HTTP 500",3,2026-08-03T14:27:20.913892+00:00
https://kinetics.nist.gov/solution/Detail?id=1992LIC/MIC117-122:5,queued,500,unknown,data/new_solution/boundary_probe/boundary_20260624_161614/boundary_detail_1992LIC_MIC117-122_5_20260624T162848_ca224391b10b.html,ca224391b10bf3966cc85efa64c55d4144ab79b6704095fe195c5bd8b2fc91ae,2026-06-24T16:28:48.145575+00:00,"repair-v1: legacy Detail is not accepted: retryable HTTP 500",1,2026-08-03T14:27:20.913892+00:00
https://kinetics.nist.gov/solution/Detail?id=1992MOH/MUD513-517:12,queued,500,unknown,data/new_solution/boundary_probe/boundary_20260624_161614/boundary_detail_1992MOH_MUD513-517_12_20260624T170012_ac758117b179.html,ac758117b17990d29ae766451dfddcc665f15c0ee41eadec2d175447b4adddd9,2026-06-24T17:00:12.811346+00:00,"repair-v1: legacy Detail is not accepted: retryable HTTP 500",1,2026-08-03T14:27:20.913892+00:00
https://kinetics.nist.gov/solution/Detail?id=1992PAD/NET3354-3359:40,queued,500,unknown,data/new_solution/boundary_probe/boundary_20260620_190527/boundary_detail_1992PAD_NET3354-3359_40_20260620T190527_d816cbbc8aee.html,d816cbbc8aee3ca624598c3ef26f14e0ec01000bdc64cc6ffc82138606d773b3,2026-06-20T19:05:27.233625+00:00,"repair-v1: legacy Detail is not accepted: retryable HTTP 500",0,2026-08-03T14:27:20.913892+00:00
https://kinetics.nist.gov/solution/Detail?id=1992RAM/BHA519-521:3,queued,500,unknown,data/new_solution/boundary_probe/boundary_20260624_161614/boundary_detail_1992RAM_BHA519-521_3_20260624T170610_cfd7836dcc58.html,cfd7836dcc589d4bad242d1b57c749728a9549b7a742787bbc1cd492de0a9ee0,2026-06-24T17:06:10.128642+00:00,"repair-v1: legacy Detail is not accepted: retryable HTTP 500",1,2026-08-03T14:27:20.913892+00:00
https://kinetics.nist.gov/solution/Detail?id=1992SAK/UEM2163-2167:2,queued,500,unknown,data/new_solution/boundary_probe/boundary_20260624_155905/boundary_detail_1992SAK_UEM2163-2167_2_20260624T160644_2b7e350ed2c5.html,2b7e350ed2c54d45c632be120ccfbac18943766a4c9e04fd0d959afad86a050f,2026-06-24T16:06:44.445520+00:00,"repair-v1: legacy Detail is not accepted: retryable HTTP 500",0,2026-08-03T14:27:20.913892+00:00
https://kinetics.nist.gov/solution/Detail?id=1992SAS/GER4692-4698:2,queued,500,unknown,data/new_solution/boundary_probe/boundary_20260624_161614/boundary_detail_1992SAS_GER4692-4698_2_20260624T163747_9c046141fe5b.html,9c046141fe5bcde458571b0c568483de97b666bd86fd6fe80d9efe3e6fe5d6f5,2026-06-24T16:37:47.672249+00:00,"repair-v1: legacy Detail is not accepted: retryable HTTP 500",1,2026-08-03T14:27:20.913892+00:00
https://kinetics.nist.gov/solution/Detail?id=1992SCH8937-8941:7,queued,500,unknown,data/new_solution/boundary_probe/boundary_20260624_161614/boundary_detail_1992SCH8937-8941_7_20260624T164151_1078793d1da1.html,1078793d1da16979a519c7092d82acaa1f19138c3305d5d626fe570a9a8dd5ce,2026-06-24T16:41:51.511739+00:00,"repair-v1: legacy Detail is not accepted: retryable HTTP 500",1,2026-08-03T14:27:20.913892+00:00
https://kinetics.nist.gov/solution/Detail?id=1992SOL/QUI171-175:5,queued,500,unknown,data/new_solution/boundary_probe/boundary_20260624_161614/boundary_detail_1992SOL_QUI171-175_5_20260624T164239_625e9b1bd643.html,625e9b1bd64335d4f849ddcfef88e4936e1dad0ac565989923afc7cb7240157a,2026-06-24T16:42:39.845198+00:00,"repair-v1: legacy Detail is not accepted: retryable HTTP 500",1,2026-08-03T14:27:20.913892+00:00
https://kinetics.nist.gov/solution/Detail?id=1992STE/SUN355-360:9,queued,500,unknown,data/new_solution/boundary_probe/boundary_20260624_155905/boundary_detail_1992STE_SUN355-360_9_20260624T160833_bd7e1af33a83.html,bd7e1af33a83a7bb6446710f5f7d5b36f439bb64f7562b55fb6a2cc19d801a5d,2026-06-24T16:08:33.362255+00:00,"repair-v1: legacy Detail is not accepted: retryable HTTP 500",0,2026-08-03T14:27:20.913892+00:00
https://kinetics.nist.gov/solution/Detail?id=1992SUZ/TSU517-525:2,queued,500,unknown,data/new_solution/boundary_probe/boundary_20260624_161614/boundary_detail_1992SUZ_TSU517-525_2_20260624T165145_4bf2062bcd5c.html,4bf2062bcd5c4a42af6d6077eb53efe8a02a59d88772e4f0454e121d0f77aa80,2026-06-24T16:51:45.424083+00:00,"repair-v1: legacy Detail is not accepted: retryable HTTP 500",1,2026-08-03T14:27:20.913892+00:00
https://kinetics.nist.gov/solution/Detail?id=1992VAN/LIN1327-1333:1,queued,500,unknown,data/new_solution/boundary_probe/boundary_20260627_103328/boundary_detail_1992VAN_LIN1327-1333_1_20260627T105428_c29768459c08.html,c29768459c08fba0d8a21bbe9fe9ec31b37b6e6de63ead4d004aa71ccd176d6c,2026-06-27T10:54:28.906299+00:00,"repair-v1: legacy Detail is not accepted: retryable HTTP 500",4,2026-08-03T14:27:20.913892+00:00
https://kinetics.nist.gov/solution/Detail?id=1992VID/ELZ1548-1552:7,queued,500,unknown,data/new_solution/boundary_probe/boundary_20260624_161614/boundary_detail_1992VID_ELZ1548-1552_7_20260624T165154_43d5cc57665b.html,43d5cc57665b9e4399300cede67c4e5334a18e0b998e8056be26c7805c38ff3c,2026-06-24T16:51:54.926264+00:00,"repair-v1: legacy Detail is not accepted: retryable HTTP 500",1,2026-08-03T14:27:20.913892+00:00
https://kinetics.nist.gov/solution/Detail?id=1992WOJ143-152:3,queued,500,unknown,data/new_solution/boundary_probe/boundary_20260624_155905/boundary_detail_1992WOJ143-152_3_20260624T160703_49e09b6f3163.html,49e09b6f31635419172bec461f9a685fa62d98e9b4c318d02c32546ad225a4b1,2026-06-24T16:07:03.213914+00:00,"repair-v1: legacy Detail is not accepted: retryable HTTP 500",0,2026-08-03T14:27:20.913892+00:00
https://kinetics.nist.gov/solution/Detail?id=1993AKA/YOS827-832:4,queued,500,unknown,data/new_solution/boundary_probe/boundary_20260625_071124/boundary_detail_1993AKA_YOS827-832_4_20260625T071222_825e5d1e9551.html,825e5d1e9551895e646674300217631914b61d29c63c11c7ba3475ca1def38cf,2026-06-25T07:12:22.312338+00:00,"repair-v1: legacy Detail is not accepted: retryable HTTP 500",1,2026-08-03T14:27:20.913892+00:00
https://kinetics.nist.gov/solution/Detail?id=1993ALF/HUI6835-6838:42,queued,500,unknown,data/new_solution/boundary_probe/boundary_20260624_161614/boundary_detail_1993ALF_HUI6835-6838_42_20260624T164108_4369f730702d.html,4369f730702d4b847f204c962df5d342c489dac050e033275c8e783830b54a2a,2026-06-24T16:41:08.165398+00:00,"repair-v1: legacy Detail is not accepted: retryable HTTP 500",1,2026-08-03T14:27:20.913892+00:00
https://kinetics.nist.gov/solution/Detail?id=1993ALF/PAD151-159:29,queued,500,unknown,data/new_solution/boundary_probe/boundary_20260624_155905/boundary_detail_1993ALF_PAD151-159_29_20260624T160954_4ff4657caacd.html,4ff4657caacd01e25448a0d08415276194c6cb644a8d552191053b63af567d58,2026-06-24T16:09:54.900873+00:00,"repair-v1: legacy Detail is not accepted: retryable HTTP 500",0,2026-08-03T14:27:20.913892+00:00
https://kinetics.nist.gov/solution/Detail?id=1993ALF/PAD3780-3782:37,queued,500,unknown,data/new_solution/boundary_probe/boundary_20260624_161614/boundary_detail_1993ALF_PAD3780-3782_37_20260624T164542_67d00d825de4.html,67d00d825de4b1f24131629785f57d7bee2ba9bbab79b3cb3f860f4003fd69ae,2026-06-24T16:45:42.010571+00:00,"repair-v1: legacy Detail is not accepted: retryable HTTP 500",1,2026-08-03T14:27:20.913892+00:00
https://kinetics.nist.gov/solution/Detail?id=1993AND/KAK1514-1522:4,queued,500,unknown,data/new_solution/boundary_probe/boundary_20260624_161614/boundary_detail_1993AND_KAK1514-1522_4_20260624T165442_b6996db4c5e0.html,b6996db4c5e0058542902136b2c86cd3407aa515e3ee7c00c9022bc9a689c80f,2026-06-24T16:54:42.352579+00:00,"repair-v1: legacy Detail is not accepted: retryable HTTP 500",1,2026-08-03T14:27:20.913892+00:00
https://kinetics.nist.gov/solution/Detail?id=1993ATH/DIL75-82:10,queued,500,unknown,data/new_solution/boundary_probe/boundary_20260624_161614/boundary_detail_1993ATH_DIL75-82_10_20260624T170555_a265ceb36074.html,a265ceb36074dbf91b019d34e9c6fa48c0d98eaad103f5bc25e4369f2c2bf681,2026-06-24T17:05:55.827322+00:00,"repair-v1: legacy Detail is not accepted: retryable HTTP 500",1,2026-08-03T14:27:20.913892+00:00
https://kinetics.nist.gov/solution/Detail?id=1993AVE/POL165-179:2,queued,500,unknown,data/new_solution/boundary_probe/boundary_20260624_161614/boundary_detail_1993AVE_POL165-179_2_20260624T165627_917e2229dab3.html,917e2229dab358ab34b5b98045f37d6660355be71f9da6b10ea74220293c9f46,2026-06-24T16:56:27.826026+00:00,"repair-v1: legacy Detail is not accepted: retryable HTTP 500",1,2026-08-03T14:27:20.913892+00:00
https://kinetics.nist.gov/solution/Detail?id=1993AWA/STA375-381:2,queued,500,unknown,data/new_solution/boundary_probe/boundary_20260624_161614/boundary_detail_1993AWA_STA375-381_2_20260624T162921_f5679c6a05ad.html,f5679c6a05ad62f18c3031b1ecf68dcfc844153829e875b426003bdf98336781,2026-06-24T16:29:21.309745+00:00,"repair-v1: legacy Detail is not accepted: retryable HTTP 500",1,2026-08-03T14:27:20.913892+00:00
https://kinetics.nist.gov/solution/Detail?id=1993BIE527-530:2,queued,500,unknown,data/new_solution/boundary_probe/boundary_20260624_161614/boundary_detail_1993BIE527-530_2_20260624T161728_5242894e48bc.html,5242894e48bc718709766e37a986cc2d33e92c94cf3e5018868564147891e0a0,2026-06-24T16:17:28.140574+00:00,"repair-v1: legacy Detail is not accepted: retryable HTTP 500",1,2026-08-03T14:27:20.913892+00:00
https://kinetics.nist.gov/solution/Detail?id=1993CAP/STO2613-2621:2,queued,500,unknown,data/new_solution/boundary_probe/boundary_20260624_161614/boundary_detail_1993CAP_STO2613-2621_2_20260624T163723_883429d9b4b4.html,883429d9b4b406609aeca286653580f2f5d8213699dc0a83848bf726fd710e88,2026-06-24T16:37:23.791884+00:00,"repair-v1: legacy Detail is not accepted: retryable HTTP 500",1,2026-08-03T14:27:20.913892+00:00
https://kinetics.nist.gov/solution/Detail?id=1993DEL/BAC5451-5456:20,queued,500,unknown,data/new_solution/boundary_probe/boundary_20260624_161614/boundary_detail_1993DEL_BAC5451-5456_20_20260624T162940_ff5b1336e27a.html,ff5b1336e27a79886d68985138f789f273da14fe8b19a0735b39ffbd874462dd,2026-06-24T16:29:40.509718+00:00,"repair-v1: legacy Detail is not accepted: retryable HTTP 500",1,2026-08-03T14:27:20.913892+00:00
https://kinetics.nist.gov/solution/Detail?id=1993FEL/LEN11-15:3,queued,500,unknown,data/new_solution/boundary_probe/boundary_20260624_155905/boundary_detail_1993FEL_LEN11-15_3_20260624T160321_886ca580500b.html,886ca580500bccebd0e3a551172e7df5c2b8f6285223d7523852917e66a9dcf6,2026-06-24T16:03:21.642983+00:00,"repair-v1: legacy Detail is not accepted: retryable HTTP 500",0,2026-08-03T14:27:20.913892+00:00
https://kinetics.nist.gov/solution/Detail?id=1993FUJ/TOK2960-2964:2,queued,500,unknown,data/new_solution/boundary_probe/boundary_20260620_190527/boundary_detail_1993FUJ_TOK2960-2964_2_20260620T190754_9004783feabb.html,9004783feabb0766a6e4b4d70169ccf48e87ea4873ffcfe6b0c380d2e2a03ed5,2026-06-20T19:07:54.367312+00:00,"repair-v1: legacy Detail is not accepted: retryable HTTP 500",0,2026-08-03T14:27:20.913892+00:00
https://kinetics.nist.gov/solution/Detail?id=1993GIL/SMI2025-2031:29,queued,500,unknown,data/new_solution/boundary_probe/boundary_20260624_161614/boundary_detail_1993GIL_SMI2025-2031_29_20260624T170123_a3dae3172a47.html,a3dae3172a4776addc786c35b265f3e7bb1d728964dd9c0993742360807c1659,2026-06-24T17:01:23.872560+00:00,"repair-v1: legacy Detail is not accepted: retryable HTTP 500",1,2026-08-03T14:27:20.913892+00:00
https://kinetics.nist.gov/solution/Detail?id=1993GUH/MOO409-415:9,queued,500,unknown,data/new_solution/boundary_probe/boundary_20260624_161614/boundary_detail_1993GUH_MOO409-415_9_20260624T165238_18ddb405ac3f.html,18ddb405ac3fc6bbe89543e3a6ee7e0f4fb9d94a7628f68feb79028fda78daf8,2026-06-24T16:52:38.245788+00:00,"repair-v1: legacy Detail is not accepted: retryable HTTP 500",1,2026-08-03T14:27:20.913892+00:00
https://kinetics.nist.gov/solution/Detail?id=1993HE/LIU129-150:2,queued,500,unknown,data/new_solution/boundary_probe/boundary_20260624_161614/boundary_detail_1993HE_LIU129-150_2_20260624T162833_d372f159baa4.html,d372f159baa4514db5947c9e532b33d9cf5d78b60ae4dd0fdcab06b0966ddc21,2026-06-24T16:28:33.952517+00:00,"repair-v1: legacy Detail is not accepted: retryable HTTP 500",1,2026-08-03T14:27:20.913892+00:00
https://kinetics.nist.gov/solution/Detail?id=1993HOR/FEN33-37:3,queued,500,unknown,data/new_solution/boundary_probe/boundary_20260625_071124/boundary_detail_1993HOR_FEN33-37_3_20260625T071153_6bac74a36324.html,6bac74a36324eee0d23517b6056c57a64f1568949da860d2f5b3d6b8f936f4c5,2026-06-25T07:11:53.734854+00:00,"repair-v1: legacy Detail is not accepted: retryable HTTP 500",1,2026-08-03T14:27:20.913892+00:00
https://kinetics.nist.gov/solution/Detail?id=1993HOR/NAK277-285:3,queued,500,unknown,data/new_solution/boundary_probe/boundary_20260624_161614/boundary_detail_1993HOR_NAK277-285_3_20260624T170055_1ca1ff000d72.html,1ca1ff000d72674ab5e8b73d63bc685f115216df95310291a6aa1a249a48bd62,2026-06-24T17:00:55.397425+00:00,"repair-v1: legacy Detail is not accepted: retryable HTTP 500",1,2026-08-03T14:27:20.913892+00:00
https://kinetics.nist.gov/solution/Detail?id=1993HUI/PAD195-199:2,queued,500,unknown,data/new_solution/boundary_probe/boundary_20260624_161614/boundary_detail_1993HUI_PAD195-199_2_20260624T170008_0c22123a163c.html,0c22123a163c326ae62be3297fce701097fb7a4f4d1a892a708810d5c1441107,2026-06-24T17:00:08.091745+00:00,"repair-v1: legacy Detail is not accepted: retryable HTTP 500",1,2026-08-03T14:27:20.913892+00:00
https://kinetics.nist.gov/solution/Detail?id=1993JON/LIN8229-8233:26,queued,500,unknown,data/nist_solution/archive/o2_20260522T072723Z/detail_rr_20260603T123533_00e4851896d1.html,00e4851896d11f9ec01ff987c14a9631cf8a4591f20f9051e0619825fbc8a889,2026-06-03T12:35:33.727050+00:00,"repair-v1: legacy Detail is not accepted: retryable HTTP 500",1,2026-08-03T14:27:20.913892+00:00
https://kinetics.nist.gov/solution/Detail?id=1993KAL/RAM4007-4012:7,queued,500,unknown,data/new_solution/boundary_probe/boundary_20260624_161614/boundary_detail_1993KAL_RAM4007-4012_7_20260624T162342_e892b67ba2a6.html,e892b67ba2a66d621468a28f766d318a1a25e8c52cb019e9c57751490a3dea4e,2026-06-24T16:23:42.893286+00:00,"repair-v1: legacy Detail is not accepted: retryable HTTP 500",1,2026-08-03T14:27:20.913892+00:00
https://kinetics.nist.gov/solution/Detail?id=1993KIS/DEY141-147:6,queued,500,unknown,data/new_solution/boundary_probe/boundary_20260624_161614/boundary_detail_1993KIS_DEY141-147_6_20260624T164834_455d17808a69.html,455d17808a6939066a5969dd3b4cfa913a80e3f5d545baff37e93ff2ec8caace,2026-06-24T16:48:34.872196+00:00,"repair-v1: legacy Detail is not accepted: retryable HTTP 500",1,2026-08-03T14:27:20.913892+00:00
https://kinetics.nist.gov/solution/Detail?id=1993KYR/MES731-735:2,queued,500,unknown,data/new_solution/boundary_probe/boundary_20260624_161614/boundary_detail_1993KYR_MES731-735_2_20260624T163524_33442fa38061.html,33442fa3806109e8424c7b1da187c32365827f9e707f6d2a2b588c2bca480fd1,2026-06-24T16:35:24.684134+00:00,"repair-v1: legacy Detail is not accepted: retryable HTTP 500",1,2026-08-03T14:27:20.913892+00:00
https://kinetics.nist.gov/solution/Detail?id=1993LAM/GOV2797-2801:2,queued,500,unknown,data/new_solution/boundary_probe/boundary_20260624_161614/boundary_detail_1993LAM_GOV2797-2801_2_20260624T162046_c15f0603aee3.html,c15f0603aee358038aa3a2e2684c3414a3d575c8fba3734e5cf8398e1f65a9a6,2026-06-24T16:20:46.640089+00:00,"repair-v1: legacy Detail is not accepted: retryable HTTP 500",1,2026-08-03T14:27:20.913892+00:00
https://kinetics.nist.gov/solution/Detail?id=1993LAN803-810:6,queued,500,unknown,data/new_solution/boundary_probe/boundary_20260624_161614/boundary_detail_1993LAN803-810_6_20260624T162207_7b09a6c8596a.html,7b09a6c8596a9984b473beff9a0e28a00d394bd206e5bc1430bf040625cc3158,2026-06-24T16:22:07.806934+00:00,"repair-v1: legacy Detail is not accepted: retryable HTTP 500",1,2026-08-03T14:27:20.913892+00:00
https://kinetics.nist.gov/solution/Detail?id=1993LIN/JON3503-3510:3,queued,500,unknown,data/new_solution/boundary_probe/boundary_20260624_161614/boundary_detail_1993LIN_JON3503-3510_3_20260624T165418_516b96751244.html,516b9675124422413e4adf13cceb8131b4f6fe1b9d6687934c4b3b9c6f3daa54,2026-06-24T16:54:18.389602+00:00,"repair-v1: legacy Detail is not accepted: retryable HTTP 500",1,2026-08-03T14:27:20.913892+00:00
https://kinetics.nist.gov/solution/Detail?id=1993LUI/GUT1247-1252:23,queued,500,unknown,data/new_solution/boundary_probe/boundary_20260624_161614/boundary_detail_1993LUI_GUT1247-1252_23_20260624T163718_c47f04ba3d32.html,c47f04ba3d325a1d415abb4b0793b8c98698531eb1c3d5120fff0a3fa77e4584,2026-06-24T16:37:18.883174+00:00,"repair-v1: legacy Detail is not accepted: retryable HTTP 500",1,2026-08-03T14:27:20.913892+00:00
https://kinetics.nist.gov/solution/Detail?id=1993MUK/ITO323-326:12,queued,500,unknown,data/new_solution/boundary_probe/boundary_20260620_190527/boundary_detail_1993MUK_ITO323-326_12_20260620T190845_e2d4da8adb8d.html,e2d4da8adb8dc0e8d6378f3a8c40c006c994813d65dcf3e41cde51689057f2e1,2026-06-20T19:08:45.699514+00:00,"repair-v1: legacy Detail is not accepted: retryable HTTP 500",0,2026-08-03T14:27:20.913892+00:00
https://kinetics.nist.gov/solution/Detail?id=1993MUK/ITO323-326:13,queued,500,unknown,data/new_solution/boundary_probe/boundary_20260624_161614/boundary_detail_1993MUK_ITO323-326_13_20260624T170036_391870266c59.html,391870266c59116546a8ec29544613479800a747b4f883400d827c3a34aae23e,2026-06-24T17:00:36.558221+00:00,"repair-v1: legacy Detail is not accepted: retryable HTTP 500",1,2026-08-03T14:27:20.913892+00:00
https://kinetics.nist.gov/solution/Detail?id=1993MUL89-94:5,queued,500,unknown,data/new_solution/boundary_probe/boundary_20260624_161614/boundary_detail_1993MUL89-94_5_20260624T163256_ed4459903641.html,ed44599036419ad39f6c3919c453a0e98537702494c2313f22a9f501ae27cf73,2026-06-24T16:32:56.641630+00:00,"repair-v1: legacy Detail is not accepted: retryable HTTP 500",1,2026-08-03T14:27:20.913892+00:00
https://kinetics.nist.gov/solution/Detail?id=1993PAD/NET445-455:47,queued,500,unknown,data/new_solution/boundary_probe/boundary_20260624_161614/boundary_detail_1993PAD_NET445-455_47_20260624T162027_470c14ec93c0.html,470c14ec93c05e9924a482b0a308ffe47b8ca2f181a8a79cbfd5b80bad4fbce2,2026-06-24T16:20:27.748277+00:00,"repair-v1: legacy Detail is not accepted: retryable HTTP 500",1,2026-08-03T14:27:20.913892+00:00
https://kinetics.nist.gov/solution/Detail?id=1993RIH/KEN8146-8152:2,queued,500,unknown,data/new_solution/boundary_probe/boundary_20260624_161614/boundary_detail_1993RIH_KEN8146-8152_2_20260624T164625_4ae0aae89e8b.html,4ae0aae89e8b858c7dd9afa149cfcdcfa60f986eaa36a1cdaae31f8809f8f6b1,2026-06-24T16:46:25.215295+00:00,"repair-v1: legacy Detail is not accepted: retryable HTTP 500",1,2026-08-03T14:27:20.913892+00:00
https://kinetics.nist.gov/solution/Detail?id=1993ROY/MAN2485-2490:6,queued,500,unknown,data/new_solution/boundary_probe/boundary_20260624_161614/boundary_detail_1993ROY_MAN2485-2490_6_20260624T164932_843d09dee595.html,843d09dee595b3a068e7889c1cae8e5236d43833bf902e9740b041f95db87aeb,2026-06-24T16:49:32.066955+00:00,"repair-v1: legacy Detail is not accepted: retryable HTTP 500",1,2026-08-03T14:27:20.913892+00:00
https://kinetics.nist.gov/solution/Detail?id=1993SCH/BOB6538-6547:5,queued,500,unknown,data/new_solution/boundary_probe/boundary_20260620_190527/boundary_detail_1993SCH_BOB6538-6547_5_20260620T190630_3c5d574e4e9f.html,3c5d574e4e9f3d47ba3125ff80ead465b840eb6bc3ec402a7c34c14840e3e97a,2026-06-20T19:06:30.322667+00:00,"repair-v1: legacy Detail is not accepted: retryable HTTP 500",0,2026-08-03T14:27:20.913892+00:00
https://kinetics.nist.gov/solution/Detail?id=1993SEL/FOO5425-5426:3,queued,500,unknown,data/new_solution/boundary_probe/boundary_20260624_161614/boundary_detail_1993SEL_FOO5425-5426_3_20260624T162139_3c43af093ae7.html,3c43af093ae72148387072e147c7ba5249f0bb99def39659d3b5e73669f815fe,2026-06-24T16:21:39.312570+00:00,"repair-v1: legacy Detail is not accepted: retryable HTTP 500",1,2026-08-03T14:27:20.913892+00:00
https://kinetics.nist.gov/solution/Detail?id=1993SEM/PON23-27:3,queued,500,unknown,data/new_solution/boundary_probe/boundary_20260624_161614/boundary_detail_1993SEM_PON23-27_3_20260624T163650_06143b69bd0d.html,06143b69bd0da244caffec4432860144570fb2cd7fa89118514ae674395a404f,2026-06-24T16:36:50.326395+00:00,"repair-v1: legacy Detail is not accepted: retryable HTTP 500",1,2026-08-03T14:27:20.913892+00:00
https://kinetics.nist.gov/solution/Detail?id=1993SOM/MUL8361-8364:2,queued,500,unknown,data/new_solution/boundary_probe/boundary_20260624_161614/boundary_detail_1993SOM_MUL8361-8364_2_20260624T162805_f8863a2267fd.html,f8863a2267fd819f037bff7dee042e11f467a7564f1463420aa9eb5fef6d22c4,2026-06-24T16:28:05.072886+00:00,"repair-v1: legacy Detail is not accepted: retryable HTTP 500",1,2026-08-03T14:27:20.913892+00:00
https://kinetics.nist.gov/solution/Detail?id=1993TSU/HAS491-494:5,queued,500,unknown,data/new_solution/boundary_probe/boundary_20260624_161614/boundary_detail_1993TSU_HAS491-494_5_20260624T163543_64710d31b281.html,64710d31b28194536f21375c7e101bdbfcf601a6b64a11ed6df6273701ff8643,2026-06-24T16:35:43.648929+00:00,"repair-v1: legacy Detail is not accepted: retryable HTTP 500",1,2026-08-03T14:27:20.913892+00:00
https://kinetics.nist.gov/solution/Detail?id=1993WAN/SCH761-770:3,queued,500,unknown,data/new_solution/boundary_probe/boundary_20260625_071124/boundary_detail_1993WAN_SCH761-770_3_20260625T071536_45c4b2fb0d21.html,45c4b2fb0d211c5128fd3da05f5a4199dc6ad48f9d89a3c508658c7cd424fcc8,2026-06-25T07:15:36.805417+00:00,"repair-v1: legacy Detail is not accepted: retryable HTTP 500",1,2026-08-03T14:27:20.913892+00:00
https://kinetics.nist.gov/solution/Detail?id=1994ANB/SRI141-148:2,queued,500,unknown,data/new_solution/boundary_probe/boundary_20260624_161614/boundary_detail_1994ANB_SRI141-148_2_20260624T164025_3d40c8d180da.html,3d40c8d180da32deed3237ebca5119b745f42ed8ef02349d6370926bca40deb1,2026-06-24T16:40:25.261115+00:00,"repair-v1: legacy Detail is not accepted: retryable HTTP 500",1,2026-08-03T14:27:20.913892+00:00
https://kinetics.nist.gov/solution/Detail?id=1994CHE/AVO1083-1093:10,queued,500,unknown,data/new_solution/boundary_probe/boundary_20260624_161614/boundary_detail_1994CHE_AVO1083-1093_10_20260624T162649_2480fa277a38.html,2480fa277a382eb030a14a1c912ce3884bdf88aade3d0c6a3dde9d1077dcb591,2026-06-24T16:26:49.207966+00:00,"repair-v1: legacy Detail is not accepted: retryable HTTP 500",1,2026-08-03T14:27:20.913892+00:00
https://kinetics.nist.gov/solution/Detail?id=1994CHR/SEH527-531:5,queued,500,unknown,data/new_solution/boundary_probe/boundary_20260624_161614/boundary_detail_1994CHR_SEH527-531_5_20260624T162338_92eb16559752.html,92eb16559752fb23a9bc93a05c158204c16623d4c420116dd2d0f295c9f04b38,2026-06-24T16:23:38.185226+00:00,"repair-v1: legacy Detail is not accepted: retryable HTTP 500",1,2026-08-03T14:27:20.913892+00:00
https://kinetics.nist.gov/solution/Detail?id=1994CLE/ZHA809-810:6,queued,500,unknown,data/new_solution/boundary_probe/boundary_20260625_071124/boundary_detail_1994CLE_ZHA809-810_6_20260625T071735_b2854710e1ca.html,b2854710e1ca97f73dde4f8b99fb55d5eff39a5f59e096c63f8f4e98acd4ffb1,2026-06-25T07:17:35.190185+00:00,"repair-v1: legacy Detail is not accepted: retryable HTTP 500",1,2026-08-03T14:27:20.913892+00:00
https://kinetics.nist.gov/solution/Detail?id=1994CRA/GHO309-315:2,queued,500,unknown,data/new_solution/boundary_probe/boundary_20260624_161614/boundary_detail_1994CRA_GHO309-315_2_20260624T162750_1747be762b3e.html,1747be762b3ea084540a04b4c9452e3fecf1baf8825b912fd97669fc04733030,2026-06-24T16:27:50.891842+00:00,"repair-v1: legacy Detail is not accepted: retryable HTTP 500",1,2026-08-03T14:27:20.913892+00:00
https://kinetics.nist.gov/solution/Detail?id=1994CZA/HOL11465-11469:9,queued,500,unknown,data/new_solution/boundary_probe/boundary_20260624_161614/boundary_detail_1994CZA_HOL11465-11469_9_20260624T164518_609a60d5678f.html,609a60d5678fb6f841e72d6a7426d9ad984b4685fd58b6a200016eda30f83d6a,2026-06-24T16:45:18.321019+00:00,"repair-v1: legacy Detail is not accepted: retryable HTTP 500",1,2026-08-03T14:27:20.913892+00:00
https://kinetics.nist.gov/solution/Detail?id=1994DAS/PRI5272-5278:3,queued,500,unknown,data/new_solution/boundary_probe/boundary_20260624_161614/boundary_detail_1994DAS_PRI5272-5278_3_20260624T165924_bf4a120e5643.html,bf4a120e5643df85b7be669d5ea7fc66ea95b01eb737898f0881b6014ccf2104,2026-06-24T16:59:24.991437+00:00,"repair-v1: legacy Detail is not accepted: retryable HTTP 500",1,2026-08-03T14:27:20.913892+00:00
https://kinetics.nist.gov/solution/Detail?id=1994DOM/KAT190-192:3,queued,500,unknown,data/new_solution/boundary_probe/boundary_20260624_161614/boundary_detail_1994DOM_KAT190-192_3_20260624T162105_36f9dcb3f178.html,36f9dcb3f178f01fb5578e8de4b4dad523cb40a5fe16882a2a97cc3f03f9739a,2026-06-24T16:21:05.575983+00:00,"repair-v1: legacy Detail is not accepted: retryable HTTP 500",1,2026-08-03T14:27:20.913892+00:00
https://kinetics.nist.gov/solution/Detail?id=1994ELL/OUE837-841:2,queued,500,unknown,data/new_solution/boundary_probe/boundary_20260624_161614/boundary_detail_1994ELL_OUE837-841_2_20260624T170138_d4259f031a25.html,d4259f031a259f3e3f659af2e95f97a39d509d4a6b7587cf0d5385c2105b2aa5,2026-06-24T17:01:38.297923+00:00,"repair-v1: legacy Detail is not accepted: retryable HTTP 500",1,2026-08-03T14:27:20.913892+00:00
https://kinetics.nist.gov/solution/Detail?id=1994ENG/LIN3174-3182:11,queued,500,unknown,data/nist_solution/archive/h2o_20260604T135443Z/detail_rr_20260618T084246_a5db5ab8e829.html,a5db5ab8e8297ae297aea65b0316e3d42a76dbb96d34a700fba6677be79f9d4d,2026-06-18T08:42:46.958784+00:00,"repair-v1: legacy Detail is not accepted: retryable HTTP 500",3,2026-08-03T14:27:20.913892+00:00
https://kinetics.nist.gov/solution/Detail?id=1994GUL/HUN1391-1396:2,queued,500,unknown,data/new_solution/boundary_probe/boundary_20260624_161614/boundary_detail_1994GUL_HUN1391-1396_2_20260624T163913_9120249a35be.html,9120249a35be6cc39a6f40de0e6256fa14977d643e497156f7dd2068d29e08c7,2026-06-24T16:39:13.281773+00:00,"repair-v1: legacy Detail is not accepted: retryable HTTP 500",1,2026-08-03T14:27:20.913892+00:00
https://kinetics.nist.gov/solution/Detail?id=1994HEE/PAR41-45:3,queued,500,unknown,data/new_solution/boundary_probe/boundary_20260624_161614/boundary_detail_1994HEE_PAR41-45_3_20260624T164146_d9cd59439d87.html,d9cd59439d8740173483f5397d93c907937bda4eca3c53a9d101851766945926,2026-06-24T16:41:46.667085+00:00,"repair-v1: legacy Detail is not accepted: retryable HTTP 500",1,2026-08-03T14:27:20.913892+00:00
https://kinetics.nist.gov/solution/Detail?id=1994HOY/BOL491-498B:3,queued,500,unknown,data/new_solution/boundary_probe/boundary_20260625_071124/boundary_detail_1994HOY_BOL491-498B_3_20260625T071300_40763f08a5dd.html,40763f08a5ddfc3c105dd0109f9b9e28910a75dc01795eead9ca95d9b95eb5d2,2026-06-25T07:13:00.607839+00:00,"repair-v1: legacy Detail is not accepted: retryable HTTP 500",1,2026-08-03T14:27:20.913892+00:00
https://kinetics.nist.gov/solution/Detail?id=1994KHA/SUN5881-5883:2,queued,500,unknown,data/new_solution/boundary_probe/boundary_20260624_155905/boundary_detail_1994KHA_SUN5881-5883_2_20260624T160707_dea9ef5d4132.html,dea9ef5d4132aeec2bee8b84a86e050269ee081c9a2d51fe16ebf4059a2ad900,2026-06-24T16:07:07.895254+00:00,"repair-v1: legacy Detail is not accepted: retryable HTTP 500",0,2026-08-03T14:27:20.913892+00:00
https://kinetics.nist.gov/solution/Detail?id=1994LIN/CZO207-211:2,queued,500,unknown,data/new_solution/boundary_probe/boundary_20260625_071124/boundary_detail_1994LIN_CZO207-211_2_20260625T071459_53cc00e8ed46.html,53cc00e8ed46c23aae2d8765310357dc91773ffd6ee141d0b25d527d029a78c7,2026-06-25T07:14:59.036420+00:00,"repair-v1: legacy Detail is not accepted: retryable HTTP 500",1,2026-08-03T14:27:20.913892+00:00
https://kinetics.nist.gov/solution/Detail?id=1994MAI/MOH703-709:8,queued,500,unknown,data/new_solution/boundary_probe/boundary_20260624_161614/boundary_detail_1994MAI_MOH703-709_8_20260624T162658_e55089bc14a3.html,e55089bc14a3adfdaadff9286165279600719a0e1908555871242a200313ed21,2026-06-24T16:26:58.633782+00:00,"repair-v1: legacy Detail is not accepted: retryable HTTP 500",1,2026-08-03T14:27:20.913892+00:00
https://kinetics.nist.gov/solution/Detail?id=1994MAI/MOH919-923:9,queued,500,unknown,data/new_solution/boundary_probe/boundary_20260624_161614/boundary_detail_1994MAI_MOH919-923_9_20260624T165549_9abaaed9647e.html,9abaaed9647ed8676ab4d3781e337488f7fcac6b1ca5f778b57d5bc46e3c172f,2026-06-24T16:55:49.315685+00:00,"repair-v1: legacy Detail is not accepted: retryable HTTP 500",1,2026-08-03T14:27:20.913892+00:00
https://kinetics.nist.gov/solution/Detail?id=1994MAO/LUB473-478:3,queued,500,unknown,data/new_solution/boundary_probe/boundary_20260624_161614/boundary_detail_1994MAO_LUB473-478_3_20260624T163311_7a9d916b8e06.html,7a9d916b8e062ccb386b8cd43bc3879e03ea19959f47312ac867277f42ab909e,2026-06-24T16:33:11.073896+00:00,"repair-v1: legacy Detail is not accepted: retryable HTTP 500",1,2026-08-03T14:27:20.913892+00:00
https://kinetics.nist.gov/solution/Detail?id=1994MAR/HAP7136-7141:32,queued,500,unknown,data/new_solution/boundary_probe/boundary_20260624_155905/boundary_detail_1994MAR_HAP7136-7141_32_20260624T161052_f3ff9166a5e9.html,f3ff9166a5e993cf803028d5439193c5bddf676aba1c7f92a47f81b4c3d86966,2026-06-24T16:10:52.866000+00:00,"repair-v1: legacy Detail is not accepted: retryable HTTP 500",0,2026-08-03T14:27:20.913892+00:00
https://kinetics.nist.gov/solution/Detail?id=1994MER/ARA597-604:17,queued,500,unknown,data/new_solution/boundary_probe/boundary_20260625_071124/boundary_detail_1994MER_ARA597-604_17_20260625T071314_a9412ed7ebb0.html,a9412ed7ebb044d0c7e24ce1114f2e154290501b5553362f576311c7cae40fd6,2026-06-25T07:13:14.775938+00:00,"repair-v1: legacy Detail is not accepted: retryable HTTP 500",1,2026-08-03T14:27:20.913892+00:00
https://kinetics.nist.gov/solution/Detail?id=1994MEZ/MAC12594-12599:5,queued,500,unknown,data/new_solution/boundary_probe/boundary_20260624_161614/boundary_detail_1994MEZ_MAC12594-12599_5_20260624T163139_1a4ed9c48ad7.html,1a4ed9c48ad74d8148493894ad267fa122e1497f11c65dbf23370cac52587dee,2026-06-24T16:31:39.835932+00:00,"repair-v1: legacy Detail is not accepted: retryable HTTP 500",1,2026-08-03T14:27:20.913892+00:00
https://kinetics.nist.gov/solution/Detail?id=1994MIC/FEI284-289:47,queued,500,unknown,data/new_solution/boundary_probe/boundary_20260624_161614/boundary_detail_1994MIC_FEI284-289_47_20260624T164406_31dc77245bc4.html,31dc77245bc4b46db404562d1e2ff8fb632219fa7a833c762bd4c7b2e50d06eb,2026-06-24T16:44:06.256729+00:00,"repair-v1: legacy Detail is not accepted: retryable HTTP 500",1,2026-08-03T14:27:20.913892+00:00
https://kinetics.nist.gov/solution/Detail?id=1994MIS/CHA1414-1422:7,queued,500,unknown,data/new_solution/boundary_probe/boundary_20260625_071124/boundary_detail_1994MIS_CHA1414-1422_7_20260625T071158_c9f1aedd2912.html,c9f1aedd29125c838ad4ce2514afe1cbc39d6a26bb658dc3f6fd8d10356d90f9,2026-06-25T07:11:58.658465+00:00,"repair-v1: legacy Detail is not accepted: retryable HTTP 500",1,2026-08-03T14:27:20.913892+00:00
https://kinetics.nist.gov/solution/Detail?id=1994NAU/BUE3651-3656:3,queued,500,unknown,data/new_solution/boundary_probe/boundary_20260624_161614/boundary_detail_1994NAU_BUE3651-3656_3_20260624T165846_65722f6b1af0.html,65722f6b1af023271f1b033d7fd222e34f2041e3a973e64f68b936b56e80c515,2026-06-24T16:58:46.988098+00:00,"repair-v1: legacy Detail is not accepted: retryable HTTP 500",1,2026-08-03T14:27:20.913892+00:00
https://kinetics.nist.gov/solution/Detail?id=1994PAR/NAV2467-2474:14,queued,500,unknown,data/new_solution/boundary_probe/boundary_20260624_161614/boundary_detail_1994PAR_NAV2467-2474_14_20260624T170308_836b0e0e7a1d.html,836b0e0e7a1d2d9705cd33d56b179661a9b84b65af3d6c09e854222905a8c1cb,2026-06-24T17:03:08.930186+00:00,"repair-v1: legacy Detail is not accepted: retryable HTTP 500",1,2026-08-03T14:27:20.913892+00:00
https://kinetics.nist.gov/solution/Detail?id=1994SAB/KIS499-506:8,queued,500,unknown,data/new_solution/boundary_probe/boundary_20260624_161614/boundary_detail_1994SAB_KIS499-506_8_20260624T165159_4aeda8a765aa.html,4aeda8a765aa7e19ef981834bfb7bcfc5413c0afb5d42bde0770bb596abb7886,2026-06-24T16:51:59.739263+00:00,"repair-v1: legacy Detail is not accepted: retryable HTTP 500",1,2026-08-03T14:27:20.913892+00:00
https://kinetics.nist.gov/solution/Detail?id=1994SCA/WHI836-843:3,queued,500,unknown,data/new_solution/boundary_probe/boundary_20260624_161614/boundary_detail_1994SCA_WHI836-843_3_20260624T162421_bd2d375790d4.html,bd2d375790d478af012a22bb9c939bb5d7962cd86eb2da1f8d2aec5e2d6a95be,2026-06-24T16:24:21.128899+00:00,"repair-v1: legacy Detail is not accepted: retryable HTTP 500",1,2026-08-03T14:27:20.913892+00:00
https://kinetics.nist.gov/solution/Detail?id=1994SHO/ALF5701-5704:39,queued,500,unknown,data/new_solution/boundary_probe/boundary_20260624_161614/boundary_detail_1994SHO_ALF5701-5704_39_20260624T165813_93124466f5e0.html,93124466f5e08e3c53e1875e14b746c5dde013555c0f38aefa9272c9643a4e76,2026-06-24T16:58:13.308125+00:00,"repair-v1: legacy Detail is not accepted: retryable HTTP 500",1,2026-08-03T14:27:20.913892+00:00
https://kinetics.nist.gov/solution/Detail?id=1994TAN/MEC263-268:4,queued,500,unknown,data/new_solution/boundary_probe/boundary_20260624_161614/boundary_detail_1994TAN_MEC263-268_4_20260624T170454_c49ac0051799.html,c49ac005179902f276891c590b781a71570a86122c875f4a248f4785b7aec6ef,2026-06-24T17:04:54.037809+00:00,"repair-v1: legacy Detail is not accepted: retryable HTTP 500",1,2026-08-03T14:27:20.913892+00:00
https://kinetics.nist.gov/solution/Detail?id=1994TRA/VER475-485:2,queued,500,unknown,data/new_solution/boundary_probe/boundary_20260624_155905/boundary_detail_1994TRA_VER475-485_2_20260624T161229_dd62a72108bf.html,dd62a72108bf9389cfa49fa1297370091677f22fef10fede11eb0a8678e572b2,2026-06-24T16:12:29.224914+00:00,"repair-v1: legacy Detail is not accepted: retryable HTTP 500",0,2026-08-03T14:27:20.913892+00:00
https://kinetics.nist.gov/solution/Detail?id=1994TRA/VER61-67:2,queued,500,unknown,data/new_solution/boundary_probe/boundary_20260624_155905/boundary_detail_1994TRA_VER61-67_2_20260624T161303_597b22015ed6.html,597b22015ed6fb96115cf2907a778d9fcf6e153f341df570613544c0a2ee7fd4,2026-06-24T16:13:03.013774+00:00,"repair-v1: legacy Detail is not accepted: retryable HTTP 500",0,2026-08-03T14:27:20.913892+00:00
https://kinetics.nist.gov/solution/Detail?id=1994ULA/BOT1443-1461:8,queued,500,unknown,data/new_solution/boundary_probe/boundary_20260624_161614/boundary_detail_1994ULA_BOT1443-1461_8_20260624T163135_88d7718e9ecc.html,88d7718e9eccf04281857394d7cdf9e619193175d4bad46ccea4a635cd5fda69,2026-06-24T16:31:35.116676+00:00,"repair-v1: legacy Detail is not accepted: retryable HTTP 500",1,2026-08-03T14:27:20.913892+00:00
https://kinetics.nist.gov/solution/Detail?id=1994ZIA/BEE2549-2552:1,queued,500,unknown,data/new_solution/boundary_probe/boundary_20260625_140556/boundary_detail_1994ZIA_BEE2549-2552_1_20260625T140704_623f4fa59f83.html,623f4fa59f83c4786c76c6e670f1f5d62fdcafee4acd0ca4195bd419683e9a0e,2026-06-25T14:07:04.478438+00:00,"reset retryable HTTP status from boundary probe",2,2026-06-25T15:22:47.446712+00:00
https://kinetics.nist.gov/solution/Detail?id=1995BAO/NAV545-548:2,queued,500,unknown,data/new_solution/boundary_probe/boundary_20260624_161614/boundary_detail_1995BAO_NAV545-548_2_20260624T165803_c8cc018515f8.html,c8cc018515f86eebd6b824bd27be788d5689b8732270b24ee349abab7f68af4c,2026-06-24T16:58:03.887524+00:00,"repair-v1: legacy Detail is not accepted: retryable HTTP 500",1,2026-08-03T14:27:20.913892+00:00
https://kinetics.nist.gov/solution/Detail?id=1995CAM/HAR695-706:2,queued,500,unknown,data/new_solution/boundary_probe/boundary_20260620_190527/boundary_detail_1995CAM_HAR695-706_2_20260620T190644_778f4bad75ba.html,778f4bad75bad11135820cba83cec76f0f92096d3d97cb02a6951c0e5fecbc12,2026-06-20T19:06:44.253798+00:00,"repair-v1: legacy Detail is not accepted: retryable HTTP 500",0,2026-08-03T14:27:20.913892+00:00
https://kinetics.nist.gov/solution/Detail?id=1995CAM/HAR695-706:3,queued,500,unknown,data/new_solution/boundary_probe/boundary_20260624_161614/boundary_detail_1995CAM_HAR695-706_3_20260624T164620_f13ea5acc552.html,f13ea5acc552c470d531a61569785bc46714475b292ab5b3cc0505b6026ca30d,2026-06-24T16:46:20.386818+00:00,"repair-v1: legacy Detail is not accepted: retryable HTTP 500",1,2026-08-03T14:27:20.913892+00:00
https://kinetics.nist.gov/solution/Detail?id=1995CHU/KAR11-14:7,queued,500,unknown,data/new_solution/boundary_probe/boundary_20260624_155905/boundary_detail_1995CHU_KAR11-14_7_20260624T161205_2a91f1c61c5f.html,2a91f1c61c5f7dabbad09dcdf34e143de98aca1d5cda65bc571f977340a7964a,2026-06-24T16:12:05.029590+00:00,"repair-v1: legacy Detail is not accepted: retryable HTTP 500",0,2026-08-03T14:27:20.913892+00:00
https://kinetics.nist.gov/solution/Detail?id=1995DEY/NAI47-58:13,queued,500,unknown,data/new_solution/boundary_probe/boundary_20260624_161614/boundary_detail_1995DEY_NAI47-58_13_20260624T165623_9cb777f466f7.html,9cb777f466f75834265c01f66459f5d60b0a2994b050b0038d67526521423d49,2026-06-24T16:56:23.013264+00:00,"repair-v1: legacy Detail is not accepted: retryable HTTP 500",1,2026-08-03T14:27:20.913892+00:00
https://kinetics.nist.gov/solution/Detail?id=1995KEL/MUL4911-4919:2,queued,500,unknown,data/new_solution/boundary_probe/boundary_20260624_155905/boundary_detail_1995KEL_MUL4911-4919_2_20260624T160639_ca5e5d10b636.html,ca5e5d10b6366af2141c446cd48b875b766f97bc8fe68e2c23e1cc1172b418ce,2026-06-24T16:06:39.756786+00:00,"repair-v1: legacy Detail is not accepted: retryable HTTP 500",0,2026-08-03T14:27:20.913892+00:00
https://kinetics.nist.gov/solution/Detail?id=1995MAR/PAD605-612:19,queued,500,unknown,data/new_solution/boundary_probe/boundary_20260624_161614/boundary_detail_1995MAR_PAD605-612_19_20260624T170041_ece01486a063.html,ece01486a063dc5fca54ac9e3405d492402d4bda9af157ea27ec58be92e33a4d,2026-06-24T17:00:41.240824+00:00,"repair-v1: legacy Detail is not accepted: retryable HTTP 500",1,2026-08-03T14:27:20.913892+00:00
https://kinetics.nist.gov/solution/Detail?id=1995MAY/KLA655-659:2,queued,500,unknown,data/new_solution/boundary_probe/boundary_20260624_155905/boundary_detail_1995MAY_KLA655-659_2_20260624T161140_23b506132941.html,23b506132941e70ef6c200a150ecce89aeecaf4e84533059645a667f74569e69,2026-06-24T16:11:40.971694+00:00,"repair-v1: legacy Detail is not accepted: retryable HTTP 500",0,2026-08-03T14:27:20.913892+00:00
https://kinetics.nist.gov/solution/Detail?id=1995MOH/MIT2121-2126:4,queued,500,unknown,data/new_solution/boundary_probe/boundary_20260620_190527/boundary_detail_1995MOH_MIT2121-2126_4_20260620T190803_c2441b2a01e5.html,c2441b2a01e5e4a6d59a5692130390e3b376bab0c3d21ef514808ee2fcb96be9,2026-06-20T19:08:03.727797+00:00,"repair-v1: legacy Detail is not accepted: retryable HTTP 500",0,2026-08-03T14:27:20.913892+00:00
https://kinetics.nist.gov/solution/Detail?id=1995MOH/MIT6519-6524:5,queued,500,unknown,data/new_solution/boundary_probe/boundary_20260624_161614/boundary_detail_1995MOH_MIT6519-6524_5_20260624T163427_10b55812475d.html,10b55812475dcef35e670c155bbb1fe073a5d4b1a8975756e7f027ad0cf5acf5,2026-06-24T16:34:27.525151+00:00,"repair-v1: legacy Detail is not accepted: retryable HTTP 500",1,2026-08-03T14:27:20.913892+00:00
https://kinetics.nist.gov/solution/Detail?id=1995NES/SCH1037-1044:6,queued,500,unknown,data/new_solution/boundary_probe/boundary_20260624_161614/boundary_detail_1995NES_SCH1037-1044_6_20260624T162620_239b86d2d0d6.html,239b86d2d0d640f2b66eeaab11f619151bda998ce8dc2416ab37714c85bb985c,2026-06-24T16:26:20.244138+00:00,"repair-v1: legacy Detail is not accepted: retryable HTTP 500",1,2026-08-03T14:27:20.913892+00:00
https://kinetics.nist.gov/solution/Detail?id=1995PAN/GUH143-156:2,queued,500,unknown,data/new_solution/boundary_probe/boundary_20260625_071124/boundary_detail_1995PAN_GUH143-156_2_20260625T071139_66d791cb39f3.html,66d791cb39f3aaf31b8cb877410578769a94558a76841750bfe31a552c340863,2026-06-25T07:11:39.435409+00:00,"repair-v1: legacy Detail is not accepted: retryable HTTP 500",1,2026-08-03T14:27:20.913892+00:00
https://kinetics.nist.gov/solution/Detail?id=1995SAE/BEC12520-12524:2,queued,500,unknown,data/new_solution/boundary_probe/boundary_20260620_190527/boundary_detail_1995SAE_BEC12520-12524_2_20260620T190813_d7635194639b.html,d7635194639b8e9eaded256e2b47d8bba0f8611bf3cd50590d23594d607149f7,2026-06-20T19:08:13.014400+00:00,"repair-v1: legacy Detail is not accepted: retryable HTTP 500",0,2026-08-03T14:27:20.913892+00:00
https://kinetics.nist.gov/solution/Detail?id=1995SCH/SCH121-131:28,queued,500,unknown,data/new_solution/boundary_probe/boundary_20260624_161614/boundary_detail_1995SCH_SCH121-131_28_20260624T165432_53fb02bc234a.html,53fb02bc234acd7af1d9a24bf4ffbcd71fd850fde88d702596d0675e64747c7e,2026-06-24T16:54:32.659396+00:00,"repair-v1: legacy Detail is not accepted: retryable HTTP 500",1,2026-08-03T14:27:20.913892+00:00
https://kinetics.nist.gov/solution/Detail?id=1995SCH/SCH9122-9129:15,queued,500,unknown,data/new_solution/boundary_probe/boundary_20260624_161614/boundary_detail_1995SCH_SCH9122-9129_15_20260624T163403_ac11531e97a2.html,ac11531e97a27c862f1550e3d2d04ec283b4dda5c56493276c69d5970c63305a,2026-06-24T16:34:03.527668+00:00,"repair-v1: legacy Detail is not accepted: retryable HTTP 500",1,2026-08-03T14:27:20.913892+00:00
https://kinetics.nist.gov/solution/Detail?id=1995WAR/ZIA59-65:4,queued,500,unknown,data/new_solution/boundary_probe/boundary_20260624_161614/boundary_detail_1995WAR_ZIA59-65_4_20260624T162449_2f9a8e26e9c9.html,2f9a8e26e9c9dd35b47b8fd7833bc6d4ec47d9d4f525bb0a19a065e343134112,2026-06-24T16:24:49.506711+00:00,"repair-v1: legacy Detail is not accepted: retryable HTTP 500",1,2026-08-03T14:27:20.913892+00:00
https://kinetics.nist.gov/solution/Detail?id=1970BAR/FOW1509-1519:1,queued,502,unknown,data/new_solution/hole_probe/holes_20260620_180343/hole_detail_1970BAR_FOW1509-1519_1_20260620T180501_73b801fa13cb.html,73b801fa13cbe4805dbfeb52a3c0695103de19c7d473ff9cf23fe472f57f8607,2026-06-20T18:05:01.270516+00:00,"repair-v1: legacy Detail is not accepted: retryable HTTP 502",0,2026-08-03T14:27:20.913892+00:00
https://kinetics.nist.gov/solution/Detail?id=1972SCH649-659:4,queued,502,unknown,data/nist_solution/archive/i2_20260522T072510Z/detail_rr_20260524T060500_1e697f3cfbae.html,1e697f3cfbaebc5c219166c793be2ffdc3222bda193188c6195936abe24e0dfe,2026-05-24T06:05:00.971961+00:00,"repair-v1: legacy Detail is not accepted: retryable HTTP 502",1,2026-08-03T14:27:20.913892+00:00
https://kinetics.nist.gov/solution/Detail?id=1981TAN/GOL411-414:3,queued,503,unknown,data/nist_solution/archive/o2_20260522T072705Z/detail_rr_20260617T074029_5007964a831c.html,5007964a831c755363824d601d3188f46a543a5623c2152b3843f944a31cc3a7,2026-06-17T07:40:29.387656+00:00,"repair-v1: legacy Detail is not accepted: retryable HTTP 503",7,2026-08-03T14:27:20.913892+00:00
https://kinetics.nist.gov/solution/Detail?id=1987SCU/HOI681-694:1,queued,503,unknown,data/nist_solution/archive/o2_20260522T072705Z/detail_rr_20260617T070923_a25eac2ba203.html,a25eac2ba203f2ef79f1dbe3f788d9bab94335da55f323a0739eab8dc358cd08,2026-06-17T07:09:23.881951+00:00,"repair-v1: legacy Detail is not accepted: retryable HTTP 503",3,2026-08-03T14:27:20.913892+00:00
https://kinetics.nist.gov/solution/Detail?id=1993ZHA/KHA7839-7847:5,queued,503,unknown,data/nist_solution/archive/o2_20260522T072705Z/detail_rr_20260617T075047_f5511a31831d.html,f5511a31831d5257053a309cecda0565c91cd109c903245b93e8098f639c4849,2026-06-17T07:50:47.105745+00:00,"repair-v1: legacy Detail is not accepted: retryable HTTP 503",1,2026-08-03T14:27:20.913892+00:00
