issue,detail_id,squib,detail_index,source_url,registry_status,http_status,registry_error,updated_at,saved_path,parse_outcome
http_error_mislabeled_downloaded,1958SCH/GOL892-898:3,1958SCH/GOL892-898,3,https://kinetics.nist.gov/solution/Detail?id=1958SCH/GOL892-898:3,downloaded,500,,2026-06-24T16:11:18.618460+00:00,data/new_solution/boundary_probe/boundary_20260624_155905/boundary_detail_1958SCH_GOL892-898_3_20260624T161116_61046bb59dfd.html,blank_reaction
http_error_mislabeled_downloaded,1958SCH/NEU194-201:3,1958SCH/NEU194-201,3,https://kinetics.nist.gov/solution/Detail?id=1958SCH/NEU194-201:3,downloaded,500,,2026-06-24T16:06:27.277877+00:00,data/new_solution/boundary_probe/boundary_20260624_155905/boundary_detail_1958SCH_NEU194-201_3_20260624T160625_90e7cc751205.html,blank_reaction
http_error_mislabeled_downloaded,1961MCC/MAC1625-1627:2,1961MCC/MAC1625-1627,2,https://kinetics.nist.gov/solution/Detail?id=1961MCC/MAC1625-1627:2,downloaded,500,,2026-06-21T06:56:40.946591+00:00,data/new_solution/boundary_probe/boundary_20260620_190527/boundary_detail_1961MCC_MAC1625-1627_2_20260620T190538_03e567c7ac2e.html,blank_reaction
http_error_mislabeled_downloaded,1962RAB/STE1865-1873:3,1962RAB/STE1865-1873,3,https://kinetics.nist.gov/solution/Detail?id=1962RAB/STE1865-1873:3,downloaded,500,,2026-06-24T16:00:23.578692+00:00,data/new_solution/boundary_probe/boundary_20260624_155905/boundary_detail_1962RAB_STE1865-1873_3_20260624T160021_b6a80013dabf.html,blank_reaction
http_error_mislabeled_downloaded,1962TAU/DOR4053-4059:1,1962TAU/DOR4053-4059,1,https://kinetics.nist.gov/solution/Detail?id=1962TAU/DOR4053-4059:1,downloaded,500,,2026-07-01T07:50:44.908374+00:00,data/new_solution/boundary_probe/boundary_20260627_103328/boundary_detail_1962TAU_DOR4053-4059_1_20260627T105123_6ff98bbedf44.html,missing_record
http_error_mislabeled_downloaded,1964ANB/HAR5633-5637:15,1964ANB/HAR5633-5637,15,https://kinetics.nist.gov/solution/Detail?id=1964ANB/HAR5633-5637:15,downloaded,500,,2026-06-24T15:57:04.078243+00:00,data/nist_solution/archive/e_minus_search_check/detail_rr_20260529T085736_3e97fb03c8d8.html,blank_reaction
http_error_mislabeled_downloaded,1964KEE14-20:1,1964KEE14-20,1,https://kinetics.nist.gov/solution/Detail?id=1964KEE14-20:1,downloaded,500,,2026-07-01T07:33:34.793352+00:00,data/new_solution/boundary_probe/boundary_20260627_103328/boundary_detail_1964KEE14-20_1_20260627T104046_074e49946e03.html,missing_record
http_error_mislabeled_downloaded,1964SWE/THO1363-1368:2,1964SWE/THO1363-1368,2,https://kinetics.nist.gov/solution/Detail?id=1964SWE/THO1363-1368:2,downloaded,500,,2026-06-21T06:56:40.946591+00:00,data/new_solution/boundary_probe/boundary_20260620_190527/boundary_detail_1964SWE_THO1363-1368_2_20260620T190855_6e738efb0526.html,blank_reaction
http_error_mislabeled_downloaded,1965ADA/BOA492-505:1,1965ADA/BOA492-505,1,https://kinetics.nist.gov/solution/Detail?id=1965ADA/BOA492-505:1,downloaded,500,,2026-06-24T15:56:53.776327+00:00,data/nist_solution/archive/oh_20260522T072818Z/detail_rr_20260618T113833_a5a962f79538.html,blank_reaction
http_error_mislabeled_downloaded,1965MAC960-964:4,1965MAC960-964,4,https://kinetics.nist.gov/solution/Detail?id=1965MAC960-964:4,downloaded,500,,2026-06-24T16:01:43.955208+00:00,data/new_solution/boundary_probe/boundary_20260624_155905/boundary_detail_1965MAC960-964_4_20260624T160142_75d41bf02b02.html,blank_reaction
http_error_mislabeled_downloaded,1966ASM/HEN756-758:1,1966ASM/HEN756-758,1,https://kinetics.nist.gov/solution/Detail?id=1966ASM/HEN756-758:1,downloaded,500,,2026-07-01T07:36:18.554333+00:00,data/new_solution/boundary_probe/boundary_20260627_103328/boundary_detail_1966ASM_HEN756-758_1_20260627T105826_0053501b48eb.html,missing_record
http_error_mislabeled_downloaded,1966ASM/WIG862-868:8,1966ASM/WIG862-868,8,https://kinetics.nist.gov/solution/Detail?id=1966ASM/WIG862-868:8,downloaded,500,,2026-06-24T16:08:59.154042+00:00,data/new_solution/boundary_probe/boundary_20260624_155905/boundary_detail_1966ASM_WIG862-868_8_20260624T160857_d855aa0ce59e.html,blank_reaction
http_error_mislabeled_downloaded,1966GLA/SPI237-249:1,1966GLA/SPI237-249,1,https://kinetics.nist.gov/solution/Detail?id=1966GLA/SPI237-249:1,downloaded,500,,2026-07-01T07:33:37.459357+00:00,data/new_solution/boundary_probe/boundary_20260627_103328/boundary_detail_1966GLA_SPI237-249_1_20260627T110055_b566bd98a7a6.html,missing_record
http_error_mislabeled_downloaded,1966HAR641-651:2,1966HAR641-651,2,https://kinetics.nist.gov/solution/Detail?id=1966HAR641-651:2,downloaded,500,,2026-06-24T16:03:04.376355+00:00,data/new_solution/boundary_probe/boundary_20260624_155905/boundary_detail_1966HAR641-651_2_20260624T160302_f15691ba464e.html,blank_reaction
http_error_mislabeled_downloaded,1967CER/EBE1687-1698:5,1967CER/EBE1687-1698,5,https://kinetics.nist.gov/solution/Detail?id=1967CER/EBE1687-1698:5,downloaded,500,,2026-06-24T16:02:26.321665+00:00,data/new_solution/boundary_probe/boundary_20260624_155905/boundary_detail_1967CER_EBE1687-1698_5_20260624T160224_b1a4b8d4fcfc.html,blank_reaction
http_error_mislabeled_downloaded,1967MUR/ONC573-581:2,1967MUR/ONC573-581,2,https://kinetics.nist.gov/solution/Detail?id=1967MUR/ONC573-581:2,downloaded,500,,2026-06-24T16:11:47.618731+00:00,data/new_solution/boundary_probe/boundary_20260624_155905/boundary_detail_1967MUR_ONC573-581_2_20260624T161145_b95b7fc2cfb9.html,blank_reaction
http_error_mislabeled_downloaded,1967WIL/GAR452-462:4,1967WIL/GAR452-462,4,https://kinetics.nist.gov/solution/Detail?id=1967WIL/GAR452-462:4,downloaded,500,,2026-06-24T16:05:54.080693+00:00,data/new_solution/boundary_probe/boundary_20260624_155905/boundary_detail_1967WIL_GAR452-462_4_20260624T160552_bfb197477d6d.html,blank_reaction
http_error_mislabeled_downloaded,1968BIE/SCH3836-3841:1,1968BIE/SCH3836-3841,1,https://kinetics.nist.gov/solution/Detail?id=1968BIE/SCH3836-3841:1,downloaded,500,,2026-07-01T07:35:07.027682+00:00,data/new_solution/boundary_probe/boundary_20260627_103328/boundary_detail_1968BIE_SCH3836-3841_1_20260627T103914_f3336a96b559.html,missing_record
http_error_mislabeled_downloaded,1968CHR465-479:7,1968CHR465-479,7,https://kinetics.nist.gov/solution/Detail?id=1968CHR465-479:7,downloaded,500,,2026-06-24T15:59:21.769275+00:00,data/new_solution/boundary_probe/boundary_20260624_155905/boundary_detail_1968CHR465-479_7_20260624T155920_a74577fcd281.html,blank_reaction
http_error_mislabeled_downloaded,1968FEL/ZOL326:2,1968FEL/ZOL326,2,https://kinetics.nist.gov/solution/Detail?id=1968FEL/ZOL326:2,downloaded,500,,2026-06-24T16:09:51.886866+00:00,data/new_solution/boundary_probe/boundary_20260624_155905/boundary_detail_1968FEL_ZOL326_2_20260624T160950_18df488503f2.html,blank_reaction
http_error_mislabeled_downloaded,1968LAN457-471:2,1968LAN457-471,2,https://kinetics.nist.gov/solution/Detail?id=1968LAN457-471:2,downloaded,500,,2026-06-21T06:56:40.946591+00:00,data/new_solution/boundary_probe/boundary_20260620_190527/boundary_detail_1968LAN457-471_2_20260620T190552_f90b615fa664.html,blank_reaction
http_error_mislabeled_downloaded,1968LAN457-471:3,1968LAN457-471,3,https://kinetics.nist.gov/solution/Detail?id=1968LAN457-471:3,downloaded,500,,2026-06-24T16:10:40.226310+00:00,data/new_solution/boundary_probe/boundary_20260624_155905/boundary_detail_1968LAN457-471_3_20260624T161038_91f3de5e513f.html,blank_reaction
http_error_mislabeled_downloaded,1968WIL/CVE3668-3672:10,1968WIL/CVE3668-3672,10,https://kinetics.nist.gov/solution/Detail?id=1968WIL/CVE3668-3672:10,downloaded,500,,2026-06-21T06:56:40.946591+00:00,data/new_solution/boundary_probe/boundary_20260620_190527/boundary_detail_1968WIL_CVE3668-3672_10_20260620T190658_26ece540f631.html,blank_reaction
http_error_mislabeled_downloaded,1969ERI/CLA3997-4000:5,1969ERI/CLA3997-4000,5,https://kinetics.nist.gov/solution/Detail?id=1969ERI/CLA3997-4000:5,downloaded,500,,2026-06-24T16:08:49.313740+00:00,data/new_solution/boundary_probe/boundary_20260624_155905/boundary_detail_1969ERI_CLA3997-4000_5_20260624T160847_c29955cdb55f.html,blank_reaction
http_error_mislabeled_downloaded,1969SIM/NET4214-4219:1,1969SIM/NET4214-4219,1,https://kinetics.nist.gov/solution/Detail?id=1969SIM/NET4214-4219:1,downloaded,500,,2026-07-01T07:50:10.415557+00:00,data/new_solution/boundary_probe/boundary_20260627_103328/boundary_detail_1969SIM_NET4214-4219_1_20260627T105833_3d37c400e155.html,missing_record
http_error_mislabeled_downloaded,1969WAL/PEA1941-1952:5,1969WAL/PEA1941-1952,5,https://kinetics.nist.gov/solution/Detail?id=1969WAL/PEA1941-1952:5,downloaded,500,,2026-06-21T06:56:40.946591+00:00,data/new_solution/boundary_probe/boundary_20260620_190527/boundary_detail_1969WAL_PEA1941-1952_5_20260620T190712_ea66d86fd041.html,blank_reaction
http_error_mislabeled_downloaded,1970AMI/TRE3670-3674:1,1970AMI/TRE3670-3674,1,https://kinetics.nist.gov/solution/Detail?id=1970AMI/TRE3670-3674:1,downloaded,500,,2026-07-02T10:14:55.118297+00:00,data/new_solution/boundary_probe/boundary_20260627_103328/boundary_detail_1970AMI_TRE3670-3674_1_20260627T110605_98776ada87ba.html,missing_record
http_error_mislabeled_downloaded,1970AMI/TRE3670-3674:8,1970AMI/TRE3670-3674,8,https://kinetics.nist.gov/solution/Detail?id=1970AMI/TRE3670-3674:8,downloaded,500,,2026-07-02T10:14:55.097292+00:00,data/nist_solution/archive/squib_bibliography_robin/squib_robin_1970ami_tre3670-3674_20260630T120056Z/detail_rr_20260702T101454_da3d1ef01317.html,missing_record
http_error_mislabeled_downloaded,1970BAR/FOW1509-1519:1,1970BAR/FOW1509-1519,1,https://kinetics.nist.gov/solution/Detail?id=1970BAR/FOW1509-1519:1,downloaded,502,,2026-06-21T06:56:40.946591+00:00,data/new_solution/hole_probe/holes_20260620_180343/hole_detail_1970BAR_FOW1509-1519_1_20260620T180501_73b801fa13cb.html,blank_reaction
http_error_mislabeled_downloaded,1970BUR/GIN1232-1238:2,1970BUR/GIN1232-1238,2,https://kinetics.nist.gov/solution/Detail?id=1970BUR/GIN1232-1238:2,downloaded,500,,2026-06-24T16:00:37.761714+00:00,data/new_solution/boundary_probe/boundary_20260624_155905/boundary_detail_1970BUR_GIN1232-1238_2_20260624T160035_6ac5ca40ea11.html,blank_reaction
http_error_mislabeled_downloaded,1970KRA59-68:6,1970KRA59-68,6,https://kinetics.nist.gov/solution/Detail?id=1970KRA59-68:6,downloaded,500,,2026-06-24T16:11:04.229414+00:00,data/new_solution/boundary_probe/boundary_20260624_155905/boundary_detail_1970KRA59-68_6_20260624T161102_00402438d34e.html,blank_reaction
http_error_mislabeled_downloaded,1970LAN/SWA1890-1894:3,1970LAN/SWA1890-1894,3,https://kinetics.nist.gov/solution/Detail?id=1970LAN/SWA1890-1894:3,downloaded,500,,2026-06-30T15:20:46.805106+00:00,data/nist_solution/archive/ch3oh_20260525T160930Z/detail_rr_20260611T064200_19fd9e42f814.html,blank_reaction
http_error_mislabeled_downloaded,1970RAZ284-290:6,1970RAZ284-290,6,https://kinetics.nist.gov/solution/Detail?id=1970RAZ284-290:6,downloaded,500,,2026-06-30T12:36:02.484345+00:00,data/nist_solution/archive/o3_20260522T072802Z/detail_rr_20260608T070934_0887df3e1bb7.html,blank_reaction
http_error_mislabeled_downloaded,1971BAR/GIL2177-2181:1,1971BAR/GIL2177-2181,1,https://kinetics.nist.gov/solution/Detail?id=1971BAR/GIL2177-2181:1,downloaded,500,,2026-07-01T08:45:40.893667+00:00,data/new_solution/boundary_probe/boundary_20260627_103328/boundary_detail_1971BAR_GIL2177-2181_1_20260627T104039_7c1d9b5fe6b4.html,missing_record
http_error_mislabeled_downloaded,1971BAX/MUL823-830:3,1971BAX/MUL823-830,3,https://kinetics.nist.gov/solution/Detail?id=1971BAX/MUL823-830:3,downloaded,500,,2026-06-24T16:02:40.808348+00:00,data/new_solution/boundary_probe/boundary_20260624_155905/boundary_detail_1971BAX_MUL823-830_3_20260624T160238_52167d89ad68.html,blank_reaction
http_error_mislabeled_downloaded,1971FEL/ZAO145-152:4,1971FEL/ZAO145-152,4,https://kinetics.nist.gov/solution/Detail?id=1971FEL/ZAO145-152:4,downloaded,500,,2026-06-24T16:08:39.723248+00:00,data/new_solution/boundary_probe/boundary_20260624_155905/boundary_detail_1971FEL_ZAO145-152_4_20260624T160838_dbf8a54c5a18.html,blank_reaction
http_error_mislabeled_downloaded,1971FOO/DEN5162-5167:41,1971FOO/DEN5162-5167,41,https://kinetics.nist.gov/solution/Detail?id=1971FOO/DEN5162-5167:41,downloaded,500,,2026-06-24T16:05:58.798002+00:00,data/new_solution/boundary_probe/boundary_20260624_155905/boundary_detail_1971FOO_DEN5162-5167_41_20260624T160557_6bd149622fa8.html,blank_reaction
http_error_mislabeled_downloaded,1971FOO/PET129-154B:15,1971FOO/PET129-154B,15,https://kinetics.nist.gov/solution/Detail?id=1971FOO/PET129-154B:15,downloaded,500,,2026-06-21T10:17:31.356356+00:00,data/new_solution/boundary_probe/boundary_20260621_101630/boundary_detail_1971FOO_PET129-154B_15_20260621T101729_ac331a57506f.html,blank_reaction
http_error_mislabeled_downloaded,1971GRU/HEN126-134:4,1971GRU/HEN126-134,4,https://kinetics.nist.gov/solution/Detail?id=1971GRU/HEN126-134:4,downloaded,500,,2026-06-24T15:59:12.953308+00:00,data/new_solution/boundary_probe/boundary_20260624_155905/boundary_detail_1971GRU_HEN126-134_4_20260624T155912_17da6b8268dd.html,blank_reaction
http_error_mislabeled_downloaded,1971GUP/HAR8-19:4,1971GUP/HAR8-19,4,https://kinetics.nist.gov/solution/Detail?id=1971GUP/HAR8-19:4,downloaded,500,,2026-06-21T10:16:43.376342+00:00,data/new_solution/boundary_probe/boundary_20260621_101630/boundary_detail_1971GUP_HAR8-19_4_20260621T101641_817250ce7228.html,blank_reaction
http_error_mislabeled_downloaded,1971PHI/POW236-250:1,1971PHI/POW236-250,1,https://kinetics.nist.gov/solution/Detail?id=1971PHI/POW236-250:1,downloaded,500,,2026-07-01T07:33:29.525375+00:00,data/new_solution/boundary_probe/boundary_20260627_103328/boundary_detail_1971PHI_POW236-250_1_20260627T105738_7e318d877f3a.html,missing_record
http_error_mislabeled_downloaded,1971SHR/MIC598-611:16,1971SHR/MIC598-611,16,https://kinetics.nist.gov/solution/Detail?id=1971SHR/MIC598-611:16,downloaded,500,,2026-06-24T16:01:10.601150+00:00,data/new_solution/boundary_probe/boundary_20260624_155905/boundary_detail_1971SHR_MIC598-611_16_20260624T160108_ca4e11559453.html,blank_reaction
http_error_mislabeled_downloaded,1971SIM/NET309-320:11,1971SIM/NET309-320,11,https://kinetics.nist.gov/solution/Detail?id=1971SIM/NET309-320:11,downloaded,500,,2026-06-21T06:56:40.946591+00:00,data/new_solution/boundary_probe/boundary_20260620_190527/boundary_detail_1971SIM_NET309-320_11_20260620T190611_591889bf93f3.html,blank_reaction
http_error_mislabeled_downloaded,1971STO/HEN833-840:5,1971STO/HEN833-840,5,https://kinetics.nist.gov/solution/Detail?id=1971STO/HEN833-840:5,downloaded,500,,2026-06-24T16:12:59.997696+00:00,data/new_solution/boundary_probe/boundary_20260624_155905/boundary_detail_1971STO_HEN833-840_5_20260624T161258_1db660a84779.html,blank_reaction
http_error_mislabeled_downloaded,1971WIL3008-3019:19,1971WIL3008-3019,19,https://kinetics.nist.gov/solution/Detail?id=1971WIL3008-3019:19,downloaded,500,,2026-06-24T16:07:42.977438+00:00,data/new_solution/boundary_probe/boundary_20260624_155905/boundary_detail_1971WIL3008-3019_19_20260624T160741_49ab0f1878aa.html,blank_reaction
http_error_mislabeled_downloaded,1971ZAG/SEH3510-3517:3,1971ZAG/SEH3510-3517,3,https://kinetics.nist.gov/solution/Detail?id=1971ZAG/SEH3510-3517:3,downloaded,500,,2026-06-24T16:04:24.691391+00:00,data/new_solution/boundary_probe/boundary_20260624_155905/boundary_detail_1971ZAG_SEH3510-3517_3_20260624T160423_1c5ff64d6aaa.html,blank_reaction
http_error_mislabeled_downloaded,1972FAR/PEC1021-1039:9,1972FAR/PEC1021-1039,9,https://kinetics.nist.gov/solution/Detail?id=1972FAR/PEC1021-1039:9,downloaded,500,,2026-06-21T06:56:40.946591+00:00,data/new_solution/boundary_probe/boundary_20260620_190527/boundary_detail_1972FAR_PEC1021-1039_9_20260620T190759_58b04c0b7106.html,blank_reaction
http_error_mislabeled_downloaded,1972KUZ/CHI639-644:1,1972KUZ/CHI639-644,1,https://kinetics.nist.gov/solution/Detail?id=1972KUZ/CHI639-644:1,downloaded,500,,2026-07-01T07:34:00.807234+00:00,data/new_solution/boundary_probe/boundary_20260627_103328/boundary_detail_1972KUZ_CHI639-644_1_20260627T110300_36bfc0e32051.html,missing_record
http_error_mislabeled_downloaded,1972LAR/FES9062-9073:1,1972LAR/FES9062-9073,1,https://kinetics.nist.gov/solution/Detail?id=1972LAR/FES9062-9073:1,downloaded,500,,2026-07-01T08:45:30.158699+00:00,data/new_solution/boundary_probe/boundary_20260625_140556/boundary_detail_1972LAR_FES9062-9073_1_20260625T140608_80c9149f0dac.html,missing_record
http_error_mislabeled_downloaded,1972MAR/SEH1243-1253B:3,1972MAR/SEH1243-1253B,3,https://kinetics.nist.gov/solution/Detail?id=1972MAR/SEH1243-1253B:3,downloaded,500,,2026-06-24T16:03:32.743257+00:00,data/new_solution/boundary_probe/boundary_20260624_155905/boundary_detail_1972MAR_SEH1243-1253B_3_20260624T160331_7dada98d023a.html,blank_reaction
http_error_mislabeled_downloaded,1972MAT/MAH1265-1272:2,1972MAT/MAH1265-1272,2,https://kinetics.nist.gov/solution/Detail?id=1972MAT/MAH1265-1272:2,downloaded,500,,2026-06-21T10:17:36.367497+00:00,data/new_solution/boundary_probe/boundary_20260621_101630/boundary_detail_1972MAT_MAH1265-1272_2_20260621T101734_a95412fd0e61.html,blank_reaction
http_error_mislabeled_downloaded,1972PAT/BAN9028-9032:10,1972PAT/BAN9028-9032,10,https://kinetics.nist.gov/solution/Detail?id=1972PAT/BAN9028-9032:10,downloaded,500,,2026-06-24T16:08:44.514034+00:00,data/new_solution/boundary_probe/boundary_20260624_155905/boundary_detail_1972PAT_BAN9028-9032_10_20260624T160842_37bb8290b28e.html,blank_reaction
http_error_mislabeled_downloaded,1972RAB/KLU1095-1106:3,1972RAB/KLU1095-1106,3,https://kinetics.nist.gov/solution/Detail?id=1972RAB/KLU1095-1106:3,downloaded,500,,2026-06-24T16:13:14.386229+00:00,data/new_solution/boundary_probe/boundary_20260624_155905/boundary_detail_1972RAB_KLU1095-1106_3_20260624T161312_7fc030ab5b50.html,blank_reaction
http_error_mislabeled_downloaded,1972SAV/SHE283-286:2,1972SAV/SHE283-286,2,https://kinetics.nist.gov/solution/Detail?id=1972SAV/SHE283-286:2,downloaded,500,,2026-06-24T15:56:52.796057+00:00,data/nist_solution/archive/oh_20260522T072818Z/detail_rr_20260525T165454_47a7e4565d36.html,blank_reaction
http_error_mislabeled_downloaded,1972SCH649-659:4,1972SCH649-659,4,https://kinetics.nist.gov/solution/Detail?id=1972SCH649-659:4,downloaded,502,,2026-06-24T15:57:07.080824+00:00,data/nist_solution/archive/i2_20260522T072510Z/detail_rr_20260524T060500_1e697f3cfbae.html,blank_reaction
http_error_mislabeled_downloaded,1972SIM/HAY507-511:9,1972SIM/HAY507-511,9,https://kinetics.nist.gov/solution/Detail?id=1972SIM/HAY507-511:9,downloaded,500,,2026-06-24T16:07:57.170945+00:00,data/new_solution/boundary_probe/boundary_20260624_155905/boundary_detail_1972SIM_HAY507-511_9_20260624T160755_7fca4ec97737.html,blank_reaction
http_error_mislabeled_downloaded,1973ASM/MOE1218-1221:1,1973ASM/MOE1218-1221,1,https://kinetics.nist.gov/solution/Detail?id=1973ASM/MOE1218-1221:1,downloaded,500,,2026-07-01T07:35:16.350031+00:00,data/new_solution/boundary_probe/boundary_20260627_103328/boundary_detail_1973ASM_MOE1218-1221_1_20260627T104309_58635d193cb0.html,missing_record
http_error_mislabeled_downloaded,1973BUX/DAI243-254:1,1973BUX/DAI243-254,1,https://kinetics.nist.gov/solution/Detail?id=1973BUX/DAI243-254:1,downloaded,500,,2026-07-02T09:14:39.736711+00:00,data/new_solution/boundary_probe/boundary_20260627_103328/boundary_detail_1973BUX_DAI243-254_1_20260627T110354_a65dfff83138.html,missing_record
http_error_mislabeled_downloaded,1973FOR/FRI396-400:2,1973FOR/FRI396-400,2,https://kinetics.nist.gov/solution/Detail?id=1973FOR/FRI396-400:2,downloaded,500,,2026-06-24T16:00:18.801050+00:00,data/new_solution/boundary_probe/boundary_20260624_155905/boundary_detail_1973FOR_FRI396-400_2_20260624T160017_0078f314d6a9.html,blank_reaction
http_error_mislabeled_downloaded,1973GRI/GOR2383-2392:1,1973GRI/GOR2383-2392,1,https://kinetics.nist.gov/solution/Detail?id=1973GRI/GOR2383-2392:1,downloaded,500,,2026-07-01T07:49:31.926456+00:00,data/new_solution/boundary_probe/boundary_20260627_103328/boundary_detail_1973GRI_GOR2383-2392_1_20260627T110308_7b42204082c1.html,missing_record
http_error_mislabeled_downloaded,1973JAY/PAR1079-1089:3,1973JAY/PAR1079-1089,3,https://kinetics.nist.gov/solution/Detail?id=1973JAY/PAR1079-1089:3,downloaded,500,,2026-06-24T16:01:20.268712+00:00,data/new_solution/boundary_probe/boundary_20260624_155905/boundary_detail_1973JAY_PAR1079-1089_3_20260624T160118_b80230e1d1d3.html,blank_reaction
http_error_mislabeled_downloaded,1973KLU/FRI2786-2790:2,1973KLU/FRI2786-2790,2,https://kinetics.nist.gov/solution/Detail?id=1973KLU/FRI2786-2790:2,downloaded,500,,2026-06-21T06:56:40.946591+00:00,data/new_solution/boundary_probe/boundary_20260620_190527/boundary_detail_1973KLU_FRI2786-2790_2_20260620T190913_89e332745cef.html,blank_reaction
http_error_mislabeled_downloaded,1973LES/FER2156-2158:2,1973LES/FER2156-2158,2,https://kinetics.nist.gov/solution/Detail?id=1973LES/FER2156-2158:2,downloaded,500,,2026-06-24T16:10:35.437657+00:00,data/new_solution/boundary_probe/boundary_20260624_155905/boundary_detail_1973LES_FER2156-2158_2_20260624T161033_f08ad19652a3.html,blank_reaction
http_error_mislabeled_downloaded,1973LIC/OGD69-80:2,1973LIC/OGD69-80,2,https://kinetics.nist.gov/solution/Detail?id=1973LIC/OGD69-80:2,downloaded,500,,2026-06-24T15:57:09.758959+00:00,data/nist_solution/archive/h_20260522T072250Z/detail_rr_20260607T150603_6164f4e09ee0.html,blank_reaction
http_error_mislabeled_downloaded,1973RAO/HAY344-346:48,1973RAO/HAY344-346,48,https://kinetics.nist.gov/solution/Detail?id=1973RAO/HAY344-346:48,downloaded,500,,2026-06-21T06:56:40.946591+00:00,data/new_solution/boundary_probe/boundary_20260620_190527/boundary_detail_1973RAO_HAY344-346_48_20260620T190702_91f1dc45d84c.html,blank_reaction
http_error_mislabeled_downloaded,1973SED/FLE1123-1130:5,1973SED/FLE1123-1130,5,https://kinetics.nist.gov/solution/Detail?id=1973SED/FLE1123-1130:5,downloaded,500,,2026-06-24T16:11:09.033286+00:00,data/new_solution/boundary_probe/boundary_20260624_155905/boundary_detail_1973SED_FLE1123-1130_5_20260624T161107_ee9db3881a49.html,blank_reaction
http_error_mislabeled_downloaded,1973SIM/NET2662-2667:5,1973SIM/NET2662-2667,5,https://kinetics.nist.gov/solution/Detail?id=1973SIM/NET2662-2667:5,downloaded,500,,2026-06-24T15:56:59.170950+00:00,data/nist_solution/archive/o_20260522T072624Z/detail_rr_20260522T080252_4382bd919eb2.html,blank_reaction
http_error_mislabeled_downloaded,1973STE90-96:3,1973STE90-96,3,https://kinetics.nist.gov/solution/Detail?id=1973STE90-96:3,downloaded,500,,2026-06-24T16:09:46.990958+00:00,data/new_solution/boundary_probe/boundary_20260624_155905/boundary_detail_1973STE90-96_3_20260624T160945_bb1b4c509b98.html,blank_reaction
http_error_mislabeled_downloaded,1973TAM/BAD435-445:4,1973TAM/BAD435-445,4,https://kinetics.nist.gov/solution/Detail?id=1973TAM/BAD435-445:4,downloaded,500,,2026-06-24T16:06:13.115296+00:00,data/new_solution/boundary_probe/boundary_20260624_155905/boundary_detail_1973TAM_BAD435-445_4_20260624T160611_2825dcc5337a.html,blank_reaction
http_error_mislabeled_downloaded,1973WAL/ELT848-850:2,1973WAL/ELT848-850,2,https://kinetics.nist.gov/solution/Detail?id=1973WAL/ELT848-850:2,downloaded,500,,2026-06-24T16:08:16.148456+00:00,data/new_solution/boundary_probe/boundary_20260624_155905/boundary_detail_1973WAL_ELT848-850_2_20260624T160814_4bf124568065.html,blank_reaction
http_error_mislabeled_downloaded,1974BAV/CUN39-46:4,1974BAV/CUN39-46,4,https://kinetics.nist.gov/solution/Detail?id=1974BAV/CUN39-46:4,downloaded,500,,2026-06-24T16:05:16.883474+00:00,data/new_solution/boundary_probe/boundary_20260624_155905/boundary_detail_1974BAV_CUN39-46_4_20260624T160516_d9cca2c52136.html,blank_reaction
http_error_mislabeled_downloaded,1974CLA/WIT101-107:2,1974CLA/WIT101-107,2,https://kinetics.nist.gov/solution/Detail?id=1974CLA/WIT101-107:2,downloaded,500,,2026-06-21T06:56:40.946591+00:00,data/new_solution/boundary_probe/boundary_20260620_190527/boundary_detail_1974CLA_WIT101-107_2_20260620T190850_db95c84fafd4.html,blank_reaction
http_error_mislabeled_downloaded,1974COH/MEY2559-2564:3,1974COH/MEY2559-2564,3,https://kinetics.nist.gov/solution/Detail?id=1974COH/MEY2559-2564:3,downloaded,500,,2026-06-24T16:10:21.013219+00:00,data/new_solution/boundary_probe/boundary_20260624_155905/boundary_detail_1974COH_MEY2559-2564_3_20260624T161018_e5622c014d45.html,blank_reaction
http_error_mislabeled_downloaded,1974FIE/ROB49-60:2,1974FIE/ROB49-60,2,https://kinetics.nist.gov/solution/Detail?id=1974FIE/ROB49-60:2,downloaded,500,,2026-06-24T16:02:45.480521+00:00,data/new_solution/boundary_probe/boundary_20260624_155905/boundary_detail_1974FIE_ROB49-60_2_20260624T160243_69003a91655f.html,blank_reaction
http_error_mislabeled_downloaded,1974MOG/MIN512-517:1,1974MOG/MIN512-517,1,https://kinetics.nist.gov/solution/Detail?id=1974MOG/MIN512-517:1,downloaded,500,,2026-07-01T07:33:45.849805+00:00,data/new_solution/boundary_probe/boundary_20260627_103328/boundary_detail_1974MOG_MIN512-517_1_20260627T104731_71484bbf30b6.html,missing_record
http_error_mislabeled_downloaded,1974SCH/PAT369-372:2,1974SCH/PAT369-372,2,https://kinetics.nist.gov/solution/Detail?id=1974SCH/PAT369-372:2,downloaded,500,,2026-06-21T06:56:40.946591+00:00,data/new_solution/boundary_probe/boundary_20260620_190527/boundary_detail_1974SCH_PAT369-372_2_20260620T190557_91bcfbba7e1d.html,blank_reaction
http_error_mislabeled_downloaded,1974TAM/BON571-572:4,1974TAM/BON571-572,4,https://kinetics.nist.gov/solution/Detail?id=1974TAM/BON571-572:4,downloaded,500,,2026-06-21T06:56:40.946591+00:00,data/new_solution/boundary_probe/boundary_20260620_190527/boundary_detail_1974TAM_BON571-572_4_20260620T190635_5e17ab5d21d3.html,blank_reaction
http_error_mislabeled_downloaded,1975BYS/KAR353-356:6,1975BYS/KAR353-356,6,https://kinetics.nist.gov/solution/Detail?id=1975BYS/KAR353-356:6,downloaded,500,,2026-06-24T16:04:20.007591+00:00,data/new_solution/boundary_probe/boundary_20260624_155905/boundary_detail_1975BYS_KAR353-356_6_20260624T160418_5ab6befa88a4.html,blank_reaction
http_error_mislabeled_downloaded,1975BYT/GUR48-52:2,1975BYT/GUR48-52,2,https://kinetics.nist.gov/solution/Detail?id=1975BYT/GUR48-52:2,downloaded,500,,2026-06-21T10:17:12.207742+00:00,data/new_solution/boundary_probe/boundary_20260621_101630/boundary_detail_1975BYT_GUR48-52_2_20260621T101710_783ad56e1f03.html,blank_reaction
http_error_mislabeled_downloaded,1975ERI33-40:3,1975ERI33-40,3,https://kinetics.nist.gov/solution/Detail?id=1975ERI33-40:3,downloaded,500,,2026-06-24T16:01:01.213271+00:00,data/new_solution/boundary_probe/boundary_20260624_155905/boundary_detail_1975ERI33-40_3_20260624T160059_5657dcbac492.html,blank_reaction
http_error_mislabeled_downloaded,1975NET/SCH1-6:30,1975NET/SCH1-6,30,https://kinetics.nist.gov/solution/Detail?id=1975NET/SCH1-6:30,downloaded,500,,2026-06-24T15:56:59.123227+00:00,data/nist_solution/archive/o_20260522T072624Z/detail_rr_20260602T094501_544cfa01d37a.html,blank_reaction
http_error_mislabeled_downloaded,1975ONE/SCH387-388:1,1975ONE/SCH387-388,1,https://kinetics.nist.gov/solution/Detail?id=1975ONE/SCH387-388:1,downloaded,500,,2026-07-02T09:14:27.306400+00:00,data/new_solution/boundary_probe/boundary_20260627_103328/boundary_detail_1975ONE_SCH387-388_1_20260627T103952_bce2b89f111f.html,missing_record
http_error_mislabeled_downloaded,1975PRI/BRU206-208:2,1975PRI/BRU206-208,2,https://kinetics.nist.gov/solution/Detail?id=1975PRI/BRU206-208:2,downloaded,500,,2026-06-24T16:04:48.297633+00:00,data/new_solution/boundary_probe/boundary_20260624_155905/boundary_detail_1975PRI_BRU206-208_2_20260624T160446_672ad72d69f6.html,blank_reaction
http_error_mislabeled_downloaded,1975RED/WIL389-398:13,1975RED/WIL389-398,13,https://kinetics.nist.gov/solution/Detail?id=1975RED/WIL389-398:13,downloaded,500,,2026-06-24T15:57:13.455291+00:00,data/nist_solution/archive/so4_20260522T072919Z/detail_rr_20260523T131323_7111fc6dd879.html,blank_reaction
http_error_mislabeled_downloaded,1975ROS86-90:2,1975ROS86-90,2,https://kinetics.nist.gov/solution/Detail?id=1975ROS86-90:2,downloaded,500,,2026-06-24T16:10:01.471297+00:00,data/new_solution/boundary_probe/boundary_20260624_155905/boundary_detail_1975ROS86-90_2_20260624T160959_324f4b7c6597.html,blank_reaction
http_error_mislabeled_downloaded,1975STE/WIL100-105:2,1975STE/WIL100-105,2,https://kinetics.nist.gov/solution/Detail?id=1975STE/WIL100-105:2,downloaded,500,,2026-06-24T16:01:34.498758+00:00,data/new_solution/boundary_probe/boundary_20260624_155905/boundary_detail_1975STE_WIL100-105_2_20260624T160132_b9efb8396fd4.html,blank_reaction
http_error_mislabeled_downloaded,1975STO/WAL693-704:32,1975STO/WAL693-704,32,https://kinetics.nist.gov/solution/Detail?id=1975STO/WAL693-704:32,downloaded,500,,2026-06-24T16:02:31.016610+00:00,data/new_solution/boundary_probe/boundary_20260624_155905/boundary_detail_1975STO_WAL693-704_32_20260624T160229_2806aaba8b8a.html,blank_reaction
http_error_mislabeled_downloaded,1975VLA/MIL309-311:2,1975VLA/MIL309-311,2,https://kinetics.nist.gov/solution/Detail?id=1975VLA/MIL309-311:2,downloaded,500,,2026-06-24T15:59:59.972622+00:00,data/new_solution/boundary_probe/boundary_20260624_155905/boundary_detail_1975VLA_MIL309-311_2_20260624T155958_f3ed7e82849e.html,blank_reaction
http_error_mislabeled_downloaded,1976BHA/SAH234-243:3,1976BHA/SAH234-243,3,https://kinetics.nist.gov/solution/Detail?id=1976BHA/SAH234-243:3,downloaded,500,,2026-06-24T16:00:14.098441+00:00,data/new_solution/boundary_probe/boundary_20260624_155905/boundary_detail_1976BHA_SAH234-243_3_20260624T160012_3636152c35da.html,blank_reaction
http_error_mislabeled_downloaded,1976DAH/PER0:4,1976DAH/PER0,4,https://kinetics.nist.gov/solution/Detail?id=1976DAH/PER0:4,downloaded,500,,2026-06-24T15:59:45.814359+00:00,data/new_solution/boundary_probe/boundary_20260624_155905/boundary_detail_1976DAH_PER0_4_20260624T155943_42eaa60622e7.html,blank_reaction
http_error_mislabeled_downloaded,1976FRA/GRA817-824:2,1976FRA/GRA817-824,2,https://kinetics.nist.gov/solution/Detail?id=1976FRA/GRA817-824:2,downloaded,500,,2026-06-24T16:11:23.408473+00:00,data/new_solution/boundary_probe/boundary_20260624_155905/boundary_detail_1976FRA_GRA817-824_2_20260624T161121_14fa09d00838.html,blank_reaction
http_error_mislabeled_downloaded,1976NET/SIM2018-2023:1,1976NET/SIM2018-2023,1,https://kinetics.nist.gov/solution/Detail?id=1976NET/SIM2018-2023:1,downloaded,500,,2026-06-24T15:56:46.705014+00:00,data/nist_solution/archive/co2_20260522T071940Z/detail_rr_20260528T073452_8e46339c0332.html,blank_reaction
http_error_mislabeled_downloaded,1976NET422-432:6,1976NET422-432,6,https://kinetics.nist.gov/solution/Detail?id=1976NET422-432:6,downloaded,500,,2026-06-24T16:00:28.259923+00:00,data/new_solution/boundary_probe/boundary_20260624_155905/boundary_detail_1976NET422-432_6_20260624T160026_89f1e9f9deca.html,blank_reaction
http_error_mislabeled_downloaded,1976PAN/MAK377-380:4,1976PAN/MAK377-380,4,https://kinetics.nist.gov/solution/Detail?id=1976PAN/MAK377-380:4,downloaded,500,,2026-06-24T16:02:07.425573+00:00,data/new_solution/boundary_probe/boundary_20260624_155905/boundary_detail_1976PAN_MAK377-380_4_20260624T160205_9eb41a540721.html,blank_reaction
http_error_mislabeled_downloaded,1976TAI/HOF934-939:62,1976TAI/HOF934-939,62,https://kinetics.nist.gov/solution/Detail?id=1976TAI/HOF934-939:62,downloaded,500,,2026-06-21T06:56:40.946591+00:00,data/new_solution/boundary_probe/boundary_20260620_190527/boundary_detail_1976TAI_HOF934-939_62_20260620T190740_400b5839e0be.html,blank_reaction
http_error_mislabeled_downloaded,1976WAR/CLA1377-1390:1,1976WAR/CLA1377-1390,1,https://kinetics.nist.gov/solution/Detail?id=1976WAR/CLA1377-1390:1,downloaded,500,,2026-07-02T09:14:39.706797+00:00,data/new_solution/boundary_probe/boundary_20260627_103328/boundary_detail_1976WAR_CLA1377-1390_1_20260627T104659_2ca4d769e448.html,missing_record
http_error_mislabeled_downloaded,1976WIL27-35B:6,1976WIL27-35B,6,https://kinetics.nist.gov/solution/Detail?id=1976WIL27-35B:6,downloaded,500,,2026-06-24T16:03:18.627322+00:00,data/new_solution/boundary_probe/boundary_20260624_155905/boundary_detail_1976WIL27-35B_6_20260624T160316_43913c0172f6.html,blank_reaction
http_error_mislabeled_downloaded,1976YOU/BRE36-47B:12,1976YOU/BRE36-47B,12,https://kinetics.nist.gov/solution/Detail?id=1976YOU/BRE36-47B:12,downloaded,500,,2026-06-24T16:09:23.038501+00:00,data/new_solution/boundary_probe/boundary_20260624_155905/boundary_detail_1976YOU_BRE36-47B_12_20260624T160921_5d1247f282c0.html,blank_reaction
http_error_mislabeled_downloaded,1977ASA/TAK45-63B:2,1977ASA/TAK45-63B,2,https://kinetics.nist.gov/solution/Detail?id=1977ASA/TAK45-63B:2,downloaded,500,,2026-06-24T16:07:14.366866+00:00,data/new_solution/boundary_probe/boundary_20260624_155905/boundary_detail_1977ASA_TAK45-63B_2_20260624T160712_e28d60a20f6e.html,blank_reaction
http_error_mislabeled_downloaded,1977FRE/MEY127-128:1,1977FRE/MEY127-128,1,https://kinetics.nist.gov/solution/Detail?id=1977FRE/MEY127-128:1,downloaded,500,,2026-07-02T09:14:27.320314+00:00,data/new_solution/boundary_probe/boundary_20260625_140556/boundary_detail_1977FRE_MEY127-128_1_20260625T140616_fecdc15bc869.html,missing_record
http_error_mislabeled_downloaded,1977ILA/SHI15-24:3,1977ILA/SHI15-24,3,https://kinetics.nist.gov/solution/Detail?id=1977ILA/SHI15-24:3,downloaded,500,,2026-06-21T06:56:40.946591+00:00,data/new_solution/boundary_probe/boundary_20260620_190527/boundary_detail_1977ILA_SHI15-24_3_20260620T190602_b59f82b9409c.html,blank_reaction
http_error_mislabeled_downloaded,1977KAR/POT278-282:2,1977KAR/POT278-282,2,https://kinetics.nist.gov/solution/Detail?id=1977KAR/POT278-282:2,downloaded,500,,2026-06-24T16:02:12.210331+00:00,data/new_solution/boundary_probe/boundary_20260624_155905/boundary_detail_1977KAR_POT278-282_2_20260624T160210_f42fc0d5a202.html,blank_reaction
http_error_mislabeled_downloaded,1977MCA697-699:2,1977MCA697-699,2,https://kinetics.nist.gov/solution/Detail?id=1977MCA697-699:2,downloaded,500,,2026-06-21T06:56:40.946591+00:00,data/new_solution/boundary_probe/boundary_20260620_190527/boundary_detail_1977MCA697-699_2_20260620T190745_72a1a0b758e4.html,blank_reaction
http_error_mislabeled_downloaded,1977PIL/SAN23-32:8,1977PIL/SAN23-32,8,https://kinetics.nist.gov/solution/Detail?id=1977PIL/SAN23-32:8,downloaded,500,,2026-06-24T16:04:52.986052+00:00,data/new_solution/boundary_probe/boundary_20260624_155905/boundary_detail_1977PIL_SAN23-32_8_20260624T160451_3585f4d22899.html,blank_reaction
http_error_mislabeled_downloaded,1977SCH1257-1263:2,1977SCH1257-1263,2,https://kinetics.nist.gov/solution/Detail?id=1977SCH1257-1263:2,downloaded,500,,2026-06-24T16:00:51.844126+00:00,data/new_solution/boundary_probe/boundary_20260624_155905/boundary_detail_1977SCH1257-1263_2_20260624T160050_4b4c449473fc.html,blank_reaction
http_error_mislabeled_downloaded,1977SHA/STE161-170:4,1977SHA/STE161-170,4,https://kinetics.nist.gov/solution/Detail?id=1977SHA/STE161-170:4,downloaded,500,,2026-06-21T06:56:40.946591+00:00,data/new_solution/boundary_probe/boundary_20260620_190527/boundary_detail_1977SHA_STE161-170_4_20260620T190822_83689fa42032.html,blank_reaction
http_error_mislabeled_downloaded,1977SYS/FOO19-27:5,1977SYS/FOO19-27,5,https://kinetics.nist.gov/solution/Detail?id=1977SYS/FOO19-27:5,downloaded,500,,2026-06-24T16:09:32.632497+00:00,data/new_solution/boundary_probe/boundary_20260624_155905/boundary_detail_1977SYS_FOO19-27_5_20260624T160930_5322afd298a1.html,blank_reaction
http_error_mislabeled_downloaded,1978GRE/RUD877-880:6,1978GRE/RUD877-880,6,https://kinetics.nist.gov/solution/Detail?id=1978GRE/RUD877-880:6,downloaded,500,,2026-06-24T16:12:50.398231+00:00,data/new_solution/boundary_probe/boundary_20260624_155905/boundary_detail_1978GRE_RUD877-880_6_20260624T161248_2cfbfcb430b9.html,blank_reaction
http_error_mislabeled_downloaded,1978GUP/SIN382-385:4,1978GUP/SIN382-385,4,https://kinetics.nist.gov/solution/Detail?id=1978GUP/SIN382-385:4,downloaded,500,,2026-06-21T06:56:40.946591+00:00,data/new_solution/boundary_probe/boundary_20260620_190527/boundary_detail_1978GUP_SIN382-385_4_20260620T190735_af513a5158ed.html,blank_reaction
http_error_mislabeled_downloaded,1978HO/KLA238-241:2,1978HO/KLA238-241,2,https://kinetics.nist.gov/solution/Detail?id=1978HO/KLA238-241:2,downloaded,500,,2026-06-24T15:59:36.078594+00:00,data/new_solution/boundary_probe/boundary_20260624_155905/boundary_detail_1978HO_KLA238-241_2_20260624T155934_d2b5b9b93368.html,blank_reaction
http_error_mislabeled_downloaded,1978HOF/OLS2631-2632:3,1978HOF/OLS2631-2632,3,https://kinetics.nist.gov/solution/Detail?id=1978HOF/OLS2631-2632:3,downloaded,500,,2026-06-24T16:01:58.057329+00:00,data/new_solution/boundary_probe/boundary_20260624_155905/boundary_detail_1978HOF_OLS2631-2632_3_20260624T160156_bcacabc7d3f2.html,blank_reaction
http_error_mislabeled_downloaded,1978JEF/RIM1908-1912:16,1978JEF/RIM1908-1912,16,https://kinetics.nist.gov/solution/Detail?id=1978JEF/RIM1908-1912:16,downloaded,500,,2026-06-24T16:05:13.301799+00:00,data/new_solution/boundary_probe/boundary_20260624_155905/boundary_detail_1978JEF_RIM1908-1912_16_20260624T160512_244ae741a497.html,blank_reaction
http_error_mislabeled_downloaded,1978JON/MAT1449-1456:3,1978JON/MAT1449-1456,3,https://kinetics.nist.gov/solution/Detail?id=1978JON/MAT1449-1456:3,downloaded,500,,2026-06-21T10:17:21.834115+00:00,data/new_solution/boundary_probe/boundary_20260621_101630/boundary_detail_1978JON_MAT1449-1456_3_20260621T101719_1afc6338d7e7.html,blank_reaction
http_error_mislabeled_downloaded,1978KRE/PAQ359-362:3,1978KRE/PAQ359-362,3,https://kinetics.nist.gov/solution/Detail?id=1978KRE/PAQ359-362:3,downloaded,500,,2026-06-24T16:05:02.516671+00:00,data/new_solution/boundary_probe/boundary_20260624_155905/boundary_detail_1978KRE_PAQ359-362_3_20260624T160500_9487cd824d08.html,blank_reaction
http_error_mislabeled_downloaded,1978LIL/HEN40p:15,1978LIL/HEN40p,15,https://kinetics.nist.gov/solution/Detail?id=1978LIL/HEN40p:15,downloaded,500,,2026-06-21T06:56:40.946591+00:00,data/new_solution/boundary_probe/boundary_20260620_190527/boundary_detail_1978LIL_HEN40p_15_20260620T190607_08132e41b1af.html,blank_reaction
http_error_mislabeled_downloaded,1978MAD/LEV15-22:1,1978MAD/LEV15-22,1,https://kinetics.nist.gov/solution/Detail?id=1978MAD/LEV15-22:1,downloaded,500,,2026-07-01T07:33:41.232009+00:00,data/new_solution/boundary_probe/boundary_20260627_103328/boundary_detail_1978MAD_LEV15-22_1_20260627T104651_769a18f508a1.html,missing_record
http_error_mislabeled_downloaded,1978MEL/SUT970-971:2,1978MEL/SUT970-971,2,https://kinetics.nist.gov/solution/Detail?id=1978MEL/SUT970-971:2,downloaded,500,,2026-06-24T16:02:59.702075+00:00,data/new_solution/boundary_probe/boundary_20260624_155905/boundary_detail_1978MEL_SUT970-971_2_20260624T160258_e70c673271be.html,blank_reaction
http_error_mislabeled_downloaded,1978NET/MAR1875-1878:18,1978NET/MAR1875-1878,18,https://kinetics.nist.gov/solution/Detail?id=1978NET/MAR1875-1878:18,downloaded,502,,2026-06-24T15:57:14.193687+00:00,data/nist_solution/archive/h3n_20260525T125301Z/detail_rr_20260526T080500_ec22a72da7b9.html,not_parsed
http_error_mislabeled_downloaded,1978RAB/MAT1-10:1,1978RAB/MAT1-10,1,https://kinetics.nist.gov/solution/Detail?id=1978RAB/MAT1-10:1,downloaded,500,,2026-07-02T09:14:46.132680+00:00,data/new_solution/boundary_probe/boundary_20260627_103328/boundary_detail_1978RAB_MAT1-10_1_20260627T104023_46437ca6e2f5.html,missing_record
http_error_mislabeled_downloaded,1978SHE/KOM2210-2214:2,1978SHE/KOM2210-2214,2,https://kinetics.nist.gov/solution/Detail?id=1978SHE/KOM2210-2214:2,downloaded,500,,2026-06-21T06:56:40.946591+00:00,data/new_solution/boundary_probe/boundary_20260620_190527/boundary_detail_1978SHE_KOM2210-2214_2_20260620T190616_5c6cbd2bc34d.html,blank_reaction
http_error_mislabeled_downloaded,1978SUT/SED1961-1964:1,1978SUT/SED1961-1964,1,https://kinetics.nist.gov/solution/Detail?id=1978SUT/SED1961-1964:1,downloaded,500,,2026-07-02T09:14:46.146038+00:00,data/new_solution/boundary_probe/boundary_20260627_103328/boundary_detail_1978SUT_SED1961-1964_1_20260627T110433_9c04c1b414a7.html,missing_record
http_error_mislabeled_downloaded,1978THO/FOO683-693:1,1978THO/FOO683-693,1,https://kinetics.nist.gov/solution/Detail?id=1978THO/FOO683-693:1,downloaded,500,,2026-06-30T12:36:40.736788+00:00,data/nist_solution/archive/o2_20260522T072705Z/detail_rr_20260609T171833_ccbcae8397e4.html,blank_reaction
http_error_mislabeled_downloaded,1978THO/FOO683-693:27,1978THO/FOO683-693,27,https://kinetics.nist.gov/solution/Detail?id=1978THO/FOO683-693:27,downloaded,500,,2026-06-24T16:11:57.220450+00:00,data/new_solution/boundary_probe/boundary_20260624_155905/boundary_detail_1978THO_FOO683-693_27_20260624T161155_83fa15f7b384.html,blank_reaction
http_error_mislabeled_downloaded,1979GOR/LOV3050-3055:14,1979GOR/LOV3050-3055,14,https://kinetics.nist.gov/solution/Detail?id=1979GOR/LOV3050-3055:14,downloaded,500,,2026-06-24T16:07:47.654665+00:00,data/new_solution/boundary_probe/boundary_20260624_155905/boundary_detail_1979GOR_LOV3050-3055_14_20260624T160745_f03d31c685e5.html,blank_reaction
http_error_mislabeled_downloaded,1979HOL/SEH879-885:5,1979HOL/SEH879-885,5,https://kinetics.nist.gov/solution/Detail?id=1979HOL/SEH879-885:5,downloaded,500,,2026-06-21T10:17:02.575181+00:00,data/new_solution/boundary_probe/boundary_20260621_101630/boundary_detail_1979HOL_SEH879-885_5_20260621T101700_d9c145308a1a.html,blank_reaction
http_error_mislabeled_downloaded,1979LAN/MAD5106-5107:6,1979LAN/MAD5106-5107,6,https://kinetics.nist.gov/solution/Detail?id=1979LAN/MAD5106-5107:6,downloaded,500,,2026-06-30T12:35:57.591247+00:00,data/nist_solution/archive/o2_20260522T072705Z/detail_rr_20260604T094728_234311241677.html,blank_reaction
http_error_mislabeled_downloaded,1979LEN/ELS374-380:3,1979LEN/ELS374-380,3,https://kinetics.nist.gov/solution/Detail?id=1979LEN/ELS374-380:3,downloaded,500,,2026-06-24T16:12:40.819368+00:00,data/new_solution/boundary_probe/boundary_20260624_155905/boundary_detail_1979LEN_ELS374-380_3_20260624T161239_7377f7de15de.html,blank_reaction
http_error_mislabeled_downloaded,1979MIC/MIL1142-1149:1,1979MIC/MIL1142-1149,1,https://kinetics.nist.gov/solution/Detail?id=1979MIC/MIL1142-1149:1,downloaded,500,,2026-07-02T09:14:39.771774+00:00,data/new_solution/boundary_probe/boundary_20260625_121139/boundary_detail_1979MIC_MIL1142-1149_1_20260625T121900_5f94b3c7d019.html,missing_record
http_error_mislabeled_downloaded,1979OLI/DEW205-212:2,1979OLI/DEW205-212,2,https://kinetics.nist.gov/solution/Detail?id=1979OLI/DEW205-212:2,downloaded,500,,2026-06-24T16:12:45.607274+00:00,data/new_solution/boundary_probe/boundary_20260624_155905/boundary_detail_1979OLI_DEW205-212_2_20260624T161243_05bcf15275b3.html,blank_reaction
http_error_mislabeled_downloaded,1980BEN/SAL129-133:2,1980BEN/SAL129-133,2,https://kinetics.nist.gov/solution/Detail?id=1980BEN/SAL129-133:2,downloaded,500,,2026-06-24T16:03:28.042008+00:00,data/new_solution/boundary_probe/boundary_20260624_155905/boundary_detail_1980BEN_SAL129-133_2_20260624T160326_792ffe7d0d58.html,blank_reaction
http_error_mislabeled_downloaded,1980BOT/SCH1035-1039:3,1980BOT/SCH1035-1039,3,https://kinetics.nist.gov/solution/Detail?id=1980BOT/SCH1035-1039:3,downloaded,500,,2026-06-24T16:11:13.837348+00:00,data/new_solution/boundary_probe/boundary_20260624_155905/boundary_detail_1980BOT_SCH1035-1039_3_20260624T161112_74228976f268.html,blank_reaction
http_error_mislabeled_downloaded,1980BUI/BAK5-10:4,1980BUI/BAK5-10,4,https://kinetics.nist.gov/solution/Detail?id=1980BUI/BAK5-10:4,downloaded,500,,2026-06-21T06:56:40.946591+00:00,data/new_solution/boundary_probe/boundary_20260620_190527/boundary_detail_1980BUI_BAK5-10_4_20260620T190534_b2f783b12824.html,blank_reaction
http_error_mislabeled_downloaded,1980ELL/WIL1-10:4,1980ELL/WIL1-10,4,https://kinetics.nist.gov/solution/Detail?id=1980ELL/WIL1-10:4,downloaded,500,,2026-06-21T06:56:40.946591+00:00,data/new_solution/boundary_probe/boundary_20260620_190527/boundary_detail_1980ELL_WIL1-10_4_20260620T190639_a4e0161b1708.html,blank_reaction
http_error_mislabeled_downloaded,1980EVE/JAY528-536:4,1980EVE/JAY528-536,4,https://kinetics.nist.gov/solution/Detail?id=1980EVE/JAY528-536:4,downloaded,500,,2026-06-24T16:00:32.972449+00:00,data/new_solution/boundary_probe/boundary_20260624_155905/boundary_detail_1980EVE_JAY528-536_4_20260624T160031_94c5db236129.html,blank_reaction
http_error_mislabeled_downloaded,1980FRE/MEY1825-1837:17,1980FRE/MEY1825-1837,17,https://kinetics.nist.gov/solution/Detail?id=1980FRE/MEY1825-1837:17,downloaded,500,,2026-06-24T16:07:19.043847+00:00,data/new_solution/boundary_probe/boundary_20260624_155905/boundary_detail_1980FRE_MEY1825-1837_17_20260624T160717_91e84acaeee3.html,blank_reaction
http_error_mislabeled_downloaded,1980KIS/MOO669-676:2,1980KIS/MOO669-676,2,https://kinetics.nist.gov/solution/Detail?id=1980KIS/MOO669-676:2,downloaded,500,,2026-06-24T16:08:11.450925+00:00,data/new_solution/boundary_probe/boundary_20260624_155905/boundary_detail_1980KIS_MOO669-676_2_20260624T160809_84b03248ea4f.html,blank_reaction
http_error_mislabeled_downloaded,1980KOR/LOU283-288:3,1980KOR/LOU283-288,3,https://kinetics.nist.gov/solution/Detail?id=1980KOR/LOU283-288:3,downloaded,500,,2026-06-21T10:17:07.445438+00:00,data/new_solution/boundary_probe/boundary_20260621_101630/boundary_detail_1980KOR_LOU283-288_3_20260621T101705_52cb6f57476b.html,blank_reaction
http_error_mislabeled_downloaded,1980KUR/KIT129-135:9,1980KUR/KIT129-135,9,https://kinetics.nist.gov/solution/Detail?id=1980KUR/KIT129-135:9,downloaded,500,,2026-06-24T16:01:29.635781+00:00,data/new_solution/boundary_probe/boundary_20260624_155905/boundary_detail_1980KUR_KIT129-135_9_20260624T160127_b9e86285ff75.html,blank_reaction
http_error_mislabeled_downloaded,1980MAT/MAS1942-1948:4,1980MAT/MAS1942-1948,4,https://kinetics.nist.gov/solution/Detail?id=1980MAT/MAS1942-1948:4,downloaded,500,,2026-06-21T06:56:40.946591+00:00,data/new_solution/boundary_probe/boundary_20260620_190527/boundary_detail_1980MAT_MAS1942-1948_4_20260620T190531_79c076a4d7e2.html,blank_reaction
http_error_mislabeled_downloaded,1980NAT/RAG268-269:1,1980NAT/RAG268-269,1,https://kinetics.nist.gov/solution/Detail?id=1980NAT/RAG268-269:1,downloaded,500,,2026-07-02T09:14:27.333222+00:00,data/new_solution/boundary_probe/boundary_20260627_103328/boundary_detail_1980NAT_RAG268-269_1_20260627T103506_c8e7dfe0ccab.html,missing_record
http_error_mislabeled_downloaded,1980SIM17-26B:2,1980SIM17-26B,2,https://kinetics.nist.gov/solution/Detail?id=1980SIM17-26B:2,downloaded,500,,2026-06-24T16:02:21.566201+00:00,data/new_solution/boundary_probe/boundary_20260624_155905/boundary_detail_1980SIM17-26B_2_20260624T160219_217dcd49eb94.html,blank_reaction
http_error_mislabeled_downloaded,1980TEP/JAN169-175:4,1980TEP/JAN169-175,4,https://kinetics.nist.gov/solution/Detail?id=1980TEP/JAN169-175:4,downloaded,500,,2026-06-24T16:06:03.740438+00:00,data/new_solution/boundary_probe/boundary_20260624_155905/boundary_detail_1980TEP_JAN169-175_4_20260624T160601_71591b10c6eb.html,blank_reaction
http_error_mislabeled_downloaded,1980WON/SWI5511-5518:1,1980WON/SWI5511-5518,1,https://kinetics.nist.gov/solution/Detail?id=1980WON/SWI5511-5518:1,downloaded,500,,2026-07-01T07:51:30.132361+00:00,data/new_solution/boundary_probe/boundary_20260627_103328/boundary_detail_1980WON_SWI5511-5518_1_20260627T103945_8ef37681b22f.html,missing_record
http_error_mislabeled_downloaded,1980WOR/HAM1651-1654:1,1980WOR/HAM1651-1654,1,https://kinetics.nist.gov/solution/Detail?id=1980WOR/HAM1651-1654:1,downloaded,500,,2026-07-01T07:49:47.030221+00:00,data/new_solution/boundary_probe/boundary_20260627_103328/boundary_detail_1980WOR_HAM1651-1654_1_20260627T104835_0bcbd9890b92.html,missing_record
http_error_mislabeled_downloaded,1980WU/WON303-310:2,1980WU/WON303-310,2,https://kinetics.nist.gov/solution/Detail?id=1980WU/WON303-310:2,downloaded,500,,2026-06-21T06:56:40.946591+00:00,data/new_solution/boundary_probe/boundary_20260620_190527/boundary_detail_1980WU_WON303-310_2_20260620T190909_1502a5a9e028.html,blank_reaction
http_error_mislabeled_downloaded,1981BEH/NET2280-2283:15,1981BEH/NET2280-2283,15,https://kinetics.nist.gov/solution/Detail?id=1981BEH/NET2280-2283:15,downloaded,500,,2026-06-24T16:12:36.019562+00:00,data/new_solution/boundary_probe/boundary_20260624_155905/boundary_detail_1981BEH_NET2280-2283_15_20260624T161234_08aa93d648b1.html,blank_reaction
http_error_mislabeled_downloaded,1981CHA/CHO369-379:1,1981CHA/CHO369-379,1,https://kinetics.nist.gov/solution/Detail?id=1981CHA/CHO369-379:1,downloaded,500,,2026-07-01T07:33:56.980279+00:00,data/new_solution/boundary_probe/boundary_20260627_103328/boundary_detail_1981CHA_CHO369-379_1_20260627T105913_26a59a6cef7e.html,missing_record
http_error_mislabeled_downloaded,1981CHR/SEH723-731:3,1981CHR/SEH723-731,3,https://kinetics.nist.gov/solution/Detail?id=1981CHR/SEH723-731:3,downloaded,500,,2026-06-24T16:11:28.385401+00:00,data/new_solution/boundary_probe/boundary_20260624_155905/boundary_detail_1981CHR_SEH723-731_3_20260624T161126_13820ed2b410.html,blank_reaction
http_error_mislabeled_downloaded,1981FES2p:4,1981FES2p,4,https://kinetics.nist.gov/solution/Detail?id=1981FES2p:4,downloaded,500,,2026-06-21T06:56:40.946591+00:00,data/new_solution/boundary_probe/boundary_20260620_190527/boundary_detail_1981FES2p_4_20260620T190817_0327849e1122.html,blank_reaction
http_error_mislabeled_downloaded,1981FUJ/STE2540-2545:6,1981FUJ/STE2540-2545,6,https://kinetics.nist.gov/solution/Detail?id=1981FUJ/STE2540-2545:6,downloaded,500,,2026-06-24T16:12:55.179348+00:00,data/new_solution/boundary_probe/boundary_20260624_155905/boundary_detail_1981FUJ_STE2540-2545_6_20260624T161253_b85f973876f7.html,blank_reaction
http_error_mislabeled_downloaded,1981GOL/HAR379-395B:26,1981GOL/HAR379-395B,26,https://kinetics.nist.gov/solution/Detail?id=1981GOL/HAR379-395B:26,downloaded,500,,2026-06-24T16:09:37.519899+00:00,data/new_solution/boundary_probe/boundary_20260624_155905/boundary_detail_1981GOL_HAR379-395B_26_20260624T160935_e342aae9850d.html,blank_reaction
http_error_mislabeled_downloaded,1981HIS/VON63-71:2,1981HIS/VON63-71,2,https://kinetics.nist.gov/solution/Detail?id=1981HIS/VON63-71:2,downloaded,500,,2026-06-24T16:00:09.425355+00:00,data/new_solution/boundary_probe/boundary_20260624_155905/boundary_detail_1981HIS_VON63-71_2_20260624T160007_6efea81d759d.html,blank_reaction
http_error_mislabeled_downloaded,1981KRU/PSC1-18:8,1981KRU/PSC1-18,8,https://kinetics.nist.gov/solution/Detail?id=1981KRU/PSC1-18:8,downloaded,500,,2026-06-24T16:02:16.886532+00:00,data/new_solution/boundary_probe/boundary_20260624_155905/boundary_detail_1981KRU_PSC1-18_8_20260624T160215_7510724c8f00.html,blank_reaction
http_error_mislabeled_downloaded,1981PAC/MAH901-906:4,1981PAC/MAH901-906,4,https://kinetics.nist.gov/solution/Detail?id=1981PAC/MAH901-906:4,downloaded,500,,2026-06-24T16:09:18.275257+00:00,data/new_solution/boundary_probe/boundary_20260624_155905/boundary_detail_1981PAC_MAH901-906_4_20260624T160916_d57b017d0630.html,blank_reaction
http_error_mislabeled_downloaded,1981PIK/SHI987-990:1,1981PIK/SHI987-990,1,https://kinetics.nist.gov/solution/Detail?id=1981PIK/SHI987-990:1,downloaded,500,,2026-07-01T07:33:49.541138+00:00,data/new_solution/boundary_probe/boundary_20260627_103328/boundary_detail_1981PIK_SHI987-990_1_20260627T104811_c42a8a940b19.html,missing_record
http_error_mislabeled_downloaded,1981PRI39-41:3,1981PRI39-41,3,https://kinetics.nist.gov/solution/Detail?id=1981PRI39-41:3,downloaded,500,,2026-06-21T06:56:40.946591+00:00,data/new_solution/boundary_probe/boundary_20260620_190527/boundary_detail_1981PRI39-41_3_20260620T190625_de152463b0d6.html,blank_reaction
http_error_mislabeled_downloaded,1981SAW/OGA5947-5948:5,1981SAW/OGA5947-5948,5,https://kinetics.nist.gov/solution/Detail?id=1981SAW/OGA5947-5948:5,downloaded,500,,2026-06-21T06:56:40.946591+00:00,data/new_solution/boundary_probe/boundary_20260620_190527/boundary_detail_1981SAW_OGA5947-5948_5_20260620T190730_2e85b19a0885.html,blank_reaction
http_error_mislabeled_downloaded,1981TAN/GOL411-414:3,1981TAN/GOL411-414,3,https://kinetics.nist.gov/solution/Detail?id=1981TAN/GOL411-414:3,downloaded,503,,2026-06-30T12:36:31.721588+00:00,data/nist_solution/archive/o2_20260522T072705Z/detail_rr_20260617T074029_5007964a831c.html,blank_reaction
http_error_mislabeled_downloaded,1981TAV/MAR737-740:5,1981TAV/MAR737-740,5,https://kinetics.nist.gov/solution/Detail?id=1981TAV/MAR737-740:5,downloaded,500,,2026-06-24T16:12:16.498794+00:00,data/new_solution/boundary_probe/boundary_20260624_155905/boundary_detail_1981TAV_MAR737-740_5_20260624T161214_66a99d372b55.html,blank_reaction
http_error_mislabeled_downloaded,1982BUT/KOP10747-10750:5,1982BUT/KOP10747-10750,5,https://kinetics.nist.gov/solution/Detail?id=1982BUT/KOP10747-10750:5,downloaded,500,,2026-06-24T16:06:32.061533+00:00,data/new_solution/boundary_probe/boundary_20260624_155905/boundary_detail_1982BUT_KOP10747-10750_5_20260624T160630_746c77ca558d.html,blank_reaction
http_error_mislabeled_downloaded,1982CHR/SEH1588-1590:3,1982CHR/SEH1588-1590,3,https://kinetics.nist.gov/solution/Detail?id=1982CHR/SEH1588-1590:3,downloaded,500,,2026-06-24T16:01:39.264801+00:00,data/new_solution/boundary_probe/boundary_20260624_155905/boundary_detail_1982CHR_SEH1588-1590_3_20260624T160137_e5e28a97fc18.html,blank_reaction
http_error_mislabeled_downloaded,1982GUI/HEN177-190:6,1982GUI/HEN177-190,6,https://kinetics.nist.gov/solution/Detail?id=1982GUI/HEN177-190:6,downloaded,500,,2026-06-24T15:56:59.263833+00:00,data/nist_solution/archive/cu_20260624T054910Z/detail_rr_20260624T114927_254f73153d0d.html,not_parsed
http_error_mislabeled_downloaded,1982HAG/BIR887-895:13,1982HAG/BIR887-895,13,https://kinetics.nist.gov/solution/Detail?id=1982HAG/BIR887-895:13,downloaded,500,,2026-06-24T16:05:44.546894+00:00,data/new_solution/boundary_probe/boundary_20260624_155905/boundary_detail_1982HAG_BIR887-895_13_20260624T160542_cabf8cbae988.html,blank_reaction
http_error_mislabeled_downloaded,1982HEN241-246:2,1982HEN241-246,2,https://kinetics.nist.gov/solution/Detail?id=1982HEN241-246:2,downloaded,500,,2026-06-24T15:59:31.316739+00:00,data/new_solution/boundary_probe/boundary_20260624_155905/boundary_detail_1982HEN241-246_2_20260624T155929_b433eb45a362.html,blank_reaction
http_error_mislabeled_downloaded,1982KOL/BEH7311-7312:15,1982KOL/BEH7311-7312,15,https://kinetics.nist.gov/solution/Detail?id=1982KOL/BEH7311-7312:15,downloaded,500,,2026-06-24T15:59:09.376339+00:00,data/new_solution/boundary_probe/boundary_20260624_155905/boundary_detail_1982KOL_BEH7311-7312_15_20260624T155908_5b55be7a41b4.html,blank_reaction
http_error_mislabeled_downloaded,1982MAT/ROD884-887:2,1982MAT/ROD884-887,2,https://kinetics.nist.gov/solution/Detail?id=1982MAT/ROD884-887:2,downloaded,500,,2026-06-24T16:06:08.425972+00:00,data/new_solution/boundary_probe/boundary_20260624_155905/boundary_detail_1982MAT_ROD884-887_2_20260624T160606_7a96bf710d94.html,blank_reaction
http_error_mislabeled_downloaded,1982VEL/ASM1143-1145:5,1982VEL/ASM1143-1145,5,https://kinetics.nist.gov/solution/Detail?id=1982VEL/ASM1143-1145:5,downloaded,500,,2026-06-21T10:17:26.593526+00:00,data/new_solution/boundary_probe/boundary_20260621_101630/boundary_detail_1982VEL_ASM1143-1145_5_20260621T101724_8b7166067970.html,blank_reaction
http_error_mislabeled_downloaded,1982WAJ/ROS396-402:1,1982WAJ/ROS396-402,1,https://kinetics.nist.gov/solution/Detail?id=1982WAJ/ROS396-402:1,downloaded,500,,2026-07-02T09:14:46.118680+00:00,data/new_solution/boundary_probe/boundary_20260627_103328/boundary_detail_1982WAJ_ROS396-402_1_20260627T105937_8df996e063a8.html,missing_record
http_error_mislabeled_downloaded,1983BAK/ESP7624-7628:2,1983BAK/ESP7624-7628,2,https://kinetics.nist.gov/solution/Detail?id=1983BAK/ESP7624-7628:2,downloaded,500,,2026-06-21T06:56:40.946591+00:00,data/new_solution/boundary_probe/boundary_20260620_190527/boundary_detail_1983BAK_ESP7624-7628_2_20260620T190721_e9c573e5a0cc.html,blank_reaction
http_error_mislabeled_downloaded,1983CHR/SEH118-120:2,1983CHR/SEH118-120,2,https://kinetics.nist.gov/solution/Detail?id=1983CHR/SEH118-120:2,downloaded,500,,2026-06-24T16:04:15.318825+00:00,data/new_solution/boundary_probe/boundary_20260624_155905/boundary_detail_1983CHR_SEH118-120_2_20260624T160413_86ff9c246342.html,blank_reaction
http_error_mislabeled_downloaded,1983EMM/BEG677-686B:3,1983EMM/BEG677-686B,3,https://kinetics.nist.gov/solution/Detail?id=1983EMM/BEG677-686B:3,downloaded,500,,2026-06-24T16:10:11.158180+00:00,data/new_solution/boundary_probe/boundary_20260624_155905/boundary_detail_1983EMM_BEG677-686B_3_20260624T161009_7adf6b3cde38.html,blank_reaction
http_error_mislabeled_downloaded,1983GAL/MAN219-222:8,1983GAL/MAN219-222,8,https://kinetics.nist.gov/solution/Detail?id=1983GAL/MAN219-222:8,downloaded,500,,2026-06-24T16:03:13.926811+00:00,data/new_solution/boundary_probe/boundary_20260624_155905/boundary_detail_1983GAL_MAN219-222_8_20260624T160312_b27811ba843d.html,blank_reaction
http_error_mislabeled_downloaded,1983GOE/LEN228-233B:2,1983GOE/LEN228-233B,2,https://kinetics.nist.gov/solution/Detail?id=1983GOE/LEN228-233B:2,downloaded,500,,2026-06-24T16:03:09.239485+00:00,data/new_solution/boundary_probe/boundary_20260624_155905/boundary_detail_1983GOE_LEN228-233B_2_20260624T160307_aaefeada6c8f.html,blank_reaction
http_error_mislabeled_downloaded,1983HOI/BAD173-183:60,1983HOI/BAD173-183,60,https://kinetics.nist.gov/solution/Detail?id=1983HOI/BAD173-183:60,downloaded,500,,2026-06-24T16:09:13.465935+00:00,data/new_solution/boundary_probe/boundary_20260624_155905/boundary_detail_1983HOI_BAD173-183_60_20260624T160911_51eaf0494a87.html,blank_reaction
http_error_mislabeled_downloaded,1983KRA/SUK1259-1261:6,1983KRA/SUK1259-1261,6,https://kinetics.nist.gov/solution/Detail?id=1983KRA/SUK1259-1261:6,downloaded,500,,2026-06-24T16:04:05.626236+00:00,data/new_solution/boundary_probe/boundary_20260624_155905/boundary_detail_1983KRA_SUK1259-1261_6_20260624T160403_c8874c0574a0.html,blank_reaction
http_error_mislabeled_downloaded,1983LED/STA3098-3101:2,1983LED/STA3098-3101,2,https://kinetics.nist.gov/solution/Detail?id=1983LED/STA3098-3101:2,downloaded,500,,2026-07-01T07:33:29.507832+00:00,data/new_solution/boundary_probe/boundary_20260625_121139/boundary_detail_1983LED_STA3098-3101_2_20260625T121154_c6e67ad7b045.html,missing_record
http_error_mislabeled_downloaded,1983MIN/PRA399-407:1,1983MIN/PRA399-407,1,https://kinetics.nist.gov/solution/Detail?id=1983MIN/PRA399-407:1,downloaded,500,,2026-07-01T07:51:01.811805+00:00,data/new_solution/boundary_probe/boundary_20260627_103328/boundary_detail_1983MIN_PRA399-407_1_20260627T105452_397bda500cd6.html,missing_record
http_error_mislabeled_downloaded,1983PAC/WIL733-734:3,1983PAC/WIL733-734,3,https://kinetics.nist.gov/solution/Detail?id=1983PAC/WIL733-734:3,downloaded,500,,2026-06-21T06:56:40.946591+00:00,data/new_solution/boundary_probe/boundary_20260620_190527/boundary_detail_1983PAC_WIL733-734_3_20260620T190648_db64b4059ca9.html,blank_reaction
http_error_mislabeled_downloaded,1983PRY/GIA6858-6861:4,1983PRY/GIA6858-6861,4,https://kinetics.nist.gov/solution/Detail?id=1983PRY/GIA6858-6861:4,downloaded,500,,2026-06-30T15:20:48.173972+00:00,data/nist_solution/archive/o3_20260522T072802Z/detail_rr_20260602T134409_0448591da7cf.html,not_parsed
http_error_mislabeled_downloaded,1983RIC/WAD5434-5440:2,1983RIC/WAD5434-5440,2,https://kinetics.nist.gov/solution/Detail?id=1983RIC/WAD5434-5440:2,downloaded,500,,2026-06-21T06:56:40.946591+00:00,data/new_solution/boundary_probe/boundary_20260620_190527/boundary_detail_1983RIC_WAD5434-5440_2_20260620T190836_816179334b46.html,blank_reaction
http_error_mislabeled_downloaded,1983SMI119-121:10,1983SMI119-121,10,https://kinetics.nist.gov/solution/Detail?id=1983SMI119-121:10,downloaded,500,,2026-06-24T16:05:21.070624+00:00,data/new_solution/boundary_probe/boundary_20260624_155905/boundary_detail_1983SMI119-121_10_20260624T160519_37e9d777a70a.html,blank_reaction
http_error_mislabeled_downloaded,1983VAN/VAN601-607:4,1983VAN/VAN601-607,4,https://kinetics.nist.gov/solution/Detail?id=1983VAN/VAN601-607:4,downloaded,500,,2026-06-24T16:08:20.941406+00:00,data/new_solution/boundary_probe/boundary_20260624_155905/boundary_detail_1983VAN_VAN601-607_4_20260624T160819_444e38788d05.html,blank_reaction
http_error_mislabeled_downloaded,1984BHA/DAS1107-1116:1,1984BHA/DAS1107-1116,1,https://kinetics.nist.gov/solution/Detail?id=1984BHA/DAS1107-1116:1,downloaded,500,,2026-07-02T09:14:39.749567+00:00,data/new_solution/boundary_probe/boundary_20260625_121139/boundary_detail_1984BHA_DAS1107-1116_1_20260625T122022_a250945cc6fa.html,missing_record
http_error_mislabeled_downloaded,1984CHE/LAN1170-1172:1,1984CHE/LAN1170-1172,1,https://kinetics.nist.gov/solution/Detail?id=1984CHE/LAN1170-1172:1,downloaded,500,,2026-07-02T09:14:20.990419+00:00,data/new_solution/boundary_probe/boundary_20260627_103328/boundary_detail_1984CHE_LAN1170-1172_1_20260627T105706_5030a7cd0068.html,missing_record
http_error_mislabeled_downloaded,1984CRE/SCH3036-3037:1,1984CRE/SCH3036-3037,1,https://kinetics.nist.gov/solution/Detail?id=1984CRE/SCH3036-3037:1,downloaded,500,,2026-07-01T07:35:12.605337+00:00,data/new_solution/boundary_probe/boundary_20260627_103328/boundary_detail_1984CRE_SCH3036-3037_1_20260627T110621_fcff69455015.html,missing_record
http_error_mislabeled_downloaded,1984EYE/LEN1005-1013:2,1984EYE/LEN1005-1013,2,https://kinetics.nist.gov/solution/Detail?id=1984EYE/LEN1005-1013:2,downloaded,500,,2026-06-24T15:56:57.902947+00:00,data/nist_solution/archive/o2_20260522T072723Z/detail_rr_20260601T073420_e727012a6f07.html,blank_reaction
http_error_mislabeled_downloaded,1984LER/MIA909-920:1,1984LER/MIA909-920,1,https://kinetics.nist.gov/solution/Detail?id=1984LER/MIA909-920:1,downloaded,500,,2026-07-02T09:14:39.722818+00:00,data/new_solution/boundary_probe/boundary_20260627_103328/boundary_detail_1984LER_MIA909-920_1_20260627T105802_e48205dfdbed.html,missing_record
http_error_mislabeled_downloaded,1984LEV/GON363-368:3,1984LEV/GON363-368,3,https://kinetics.nist.gov/solution/Detail?id=1984LEV/GON363-368:3,downloaded,500,,2026-06-24T16:07:38.255301+00:00,data/new_solution/boundary_probe/boundary_20260624_155905/boundary_detail_1984LEV_GON363-368_3_20260624T160736_8bb7ccf35a27.html,blank_reaction
http_error_mislabeled_downloaded,1984PRY/GLE2574-2578:29,1984PRY/GLE2574-2578,29,https://kinetics.nist.gov/solution/Detail?id=1984PRY/GLE2574-2578:29,downloaded,500,,2026-06-24T16:00:42.445666+00:00,data/new_solution/boundary_probe/boundary_20260624_155905/boundary_detail_1984PRY_GLE2574-2578_29_20260624T160040_6a505c58eda6.html,blank_reaction
http_error_mislabeled_downloaded,1984SAS/RAB6389-6396:3,1984SAS/RAB6389-6396,3,https://kinetics.nist.gov/solution/Detail?id=1984SAS/RAB6389-6396:3,downloaded,500,,2026-06-21T06:56:40.946591+00:00,data/new_solution/boundary_probe/boundary_20260620_190527/boundary_detail_1984SAS_RAB6389-6396_3_20260620T190827_e0a65e6e6c21.html,blank_reaction
http_error_mislabeled_downloaded,1985BHA/DAS326-332:3,1985BHA/DAS326-332,3,https://kinetics.nist.gov/solution/Detail?id=1985BHA/DAS326-332:3,downloaded,500,,2026-06-24T15:59:40.867180+00:00,data/new_solution/boundary_probe/boundary_20260624_155905/boundary_detail_1985BHA_DAS326-332_3_20260624T155939_a64616845059.html,blank_reaction
http_error_mislabeled_downloaded,1985BOT/EVA1147-1149:4,1985BOT/EVA1147-1149,4,https://kinetics.nist.gov/solution/Detail?id=1985BOT/EVA1147-1149:4,downloaded,500,,2026-06-24T16:01:24.950666+00:00,data/new_solution/boundary_probe/boundary_20260624_155905/boundary_detail_1985BOT_EVA1147-1149_4_20260624T160123_f33fa6f5237b.html,blank_reaction
http_error_mislabeled_downloaded,1985CAM/ELK3203-3209:4,1985CAM/ELK3203-3209,4,https://kinetics.nist.gov/solution/Detail?id=1985CAM/ELK3203-3209:4,downloaded,500,,2026-06-24T16:03:56.227803+00:00,data/new_solution/boundary_probe/boundary_20260624_155905/boundary_detail_1985CAM_ELK3203-3209_4_20260624T160354_7b14c1dadbaf.html,blank_reaction
http_error_mislabeled_downloaded,1985CHR/HAR2461-2466:1,1985CHR/HAR2461-2466,1,https://kinetics.nist.gov/solution/Detail?id=1985CHR/HAR2461-2466:1,downloaded,500,,2026-07-02T09:14:39.760735+00:00,data/new_solution/boundary_probe/boundary_20260627_103328/boundary_detail_1985CHR_HAR2461-2466_1_20260627T104254_df5b97797372.html,missing_record
http_error_mislabeled_downloaded,1985COH/SLA2465-2467:6,1985COH/SLA2465-2467,6,https://kinetics.nist.gov/solution/Detail?id=1985COH/SLA2465-2467:6,downloaded,500,,2026-06-24T15:59:50.513652+00:00,data/new_solution/boundary_probe/boundary_20260624_155905/boundary_detail_1985COH_SLA2465-2467_6_20260624T155948_67c596afcb33.html,blank_reaction
http_error_mislabeled_downloaded,1985CRE/GAH2671-2680:2,1985CRE/GAH2671-2680,2,https://kinetics.nist.gov/solution/Detail?id=1985CRE/GAH2671-2680:2,downloaded,500,,2026-06-21T10:16:52.971263+00:00,data/new_solution/boundary_probe/boundary_20260621_101630/boundary_detail_1985CRE_GAH2671-2680_2_20260621T101651_3d1e95da319e.html,blank_reaction
http_error_mislabeled_downloaded,1985FER/GRA1206-1210:2,1985FER/GRA1206-1210,2,https://kinetics.nist.gov/solution/Detail?id=1985FER/GRA1206-1210:2,downloaded,500,,2026-06-24T16:13:09.598733+00:00,data/new_solution/boundary_probe/boundary_20260624_155905/boundary_detail_1985FER_GRA1206-1210_2_20260624T161307_e83facb81492.html,blank_reaction
http_error_mislabeled_downloaded,1985HOI/BAD993-1004:23,1985HOI/BAD993-1004,23,https://kinetics.nist.gov/solution/Detail?id=1985HOI/BAD993-1004:23,downloaded,500,,2026-06-24T15:56:49.623601+00:00,data/nist_solution/archive/o3_20260522T072802Z/detail_rr_20260525T073625_352f92f715be.html,blank_reaction
http_error_mislabeled_downloaded,1985HUI/NET3918-3921:8,1985HUI/NET3918-3921,8,https://kinetics.nist.gov/solution/Detail?id=1985HUI/NET3918-3921:8,downloaded,500,,2026-06-24T16:00:56.527605+00:00,data/new_solution/boundary_probe/boundary_20260624_155905/boundary_detail_1985HUI_NET3918-3921_8_20260624T160054_fd76ad445251.html,blank_reaction
http_error_mislabeled_downloaded,1985KLA/WOL243-245:12,1985KLA/WOL243-245,12,https://kinetics.nist.gov/solution/Detail?id=1985KLA/WOL243-245:12,downloaded,500,,2026-06-21T10:16:38.568380+00:00,data/new_solution/boundary_probe/boundary_20260621_101630/boundary_detail_1985KLA_WOL243-245_12_20260621T101638_a4a3003c5fe6.html,blank_reaction
http_error_mislabeled_downloaded,1985NET/HAR123-138:10,1985NET/HAR123-138,10,https://kinetics.nist.gov/solution/Detail?id=1985NET/HAR123-138:10,downloaded,500,,2026-06-24T15:57:07.010183+00:00,data/nist_solution/archive/i2_20260522T072510Z/detail_rr_20260526T095007_fcc20f608536.html,not_parsed
http_error_mislabeled_downloaded,1985PRY/GIA2793-2797:6,1985PRY/GIA2793-2797,6,https://kinetics.nist.gov/solution/Detail?id=1985PRY/GIA2793-2797:6,downloaded,500,,2026-06-30T15:20:42.146570+00:00,data/nist_solution/archive/o3_20260522T072802Z/detail_rr_20260522T080003_0ef3c08c8756.html,blank_reaction
http_error_mislabeled_downloaded,1985RUS/BIE5062-5066:5,1985RUS/BIE5062-5066,5,https://kinetics.nist.gov/solution/Detail?id=1985RUS/BIE5062-5066:5,downloaded,500,,2026-06-24T15:56:57.972508+00:00,data/nist_solution/archive/o2_20260522T072723Z/detail_rr_20260607T082629_94105358eaef.html,blank_reaction
http_error_mislabeled_downloaded,1985SAS/AIZ1182-1190:3,1985SAS/AIZ1182-1190,3,https://kinetics.nist.gov/solution/Detail?id=1985SAS/AIZ1182-1190:3,downloaded,500,,2026-06-24T15:56:58.374559+00:00,data/nist_solution/archive/o2_20260522T072723Z/detail_rr_20260603T125002_4485030d02a9.html,blank_reaction
http_error_mislabeled_downloaded,1985SAS/GER1937-1945:1,1985SAS/GER1937-1945,1,https://kinetics.nist.gov/solution/Detail?id=1985SAS/GER1937-1945:1,downloaded,500,,2026-07-01T07:49:20.810179+00:00,data/new_solution/boundary_probe/boundary_20260625_121139/boundary_detail_1985SAS_GER1937-1945_1_20260625T121448_a8fffd8d8216.html,missing_record
http_error_mislabeled_downloaded,1985SCH/ZEG215-221:3,1985SCH/ZEG215-221,3,https://kinetics.nist.gov/solution/Detail?id=1985SCH/ZEG215-221:3,downloaded,500,,2026-06-21T06:56:40.946591+00:00,data/new_solution/boundary_probe/boundary_20260620_190527/boundary_detail_1985SCH_ZEG215-221_3_20260620T190831_d2ab6415eddb.html,blank_reaction
http_error_mislabeled_downloaded,1985SOL109-116:4,1985SOL109-116,4,https://kinetics.nist.gov/solution/Detail?id=1985SOL109-116:4,downloaded,500,,2026-06-24T16:10:15.968661+00:00,data/new_solution/boundary_probe/boundary_20260624_155905/boundary_detail_1985SOL109-116_4_20260624T161014_26c3ec056239.html,blank_reaction
http_error_mislabeled_downloaded,1985THO/LAN49-57:1,1985THO/LAN49-57,1,https://kinetics.nist.gov/solution/Detail?id=1985THO/LAN49-57:1,downloaded,500,,2026-07-02T09:14:20.977641+00:00,data/new_solution/boundary_probe/boundary_20260627_103328/boundary_detail_1985THO_LAN49-57_1_20260627T105730_d9a6a58c043b.html,missing_record
http_error_mislabeled_downloaded,1985VEN/PER1824-1826:4,1985VEN/PER1824-1826,4,https://kinetics.nist.gov/solution/Detail?id=1985VEN/PER1824-1826:4,downloaded,500,,2026-06-24T16:12:11.708889+00:00,data/new_solution/boundary_probe/boundary_20260624_155905/boundary_detail_1985VEN_PER1824-1826_4_20260624T161209_ea8fb9a3fdc3.html,blank_reaction
http_error_mislabeled_downloaded,1986ALF/HUI4156-4158:16,1986ALF/HUI4156-4158,16,https://kinetics.nist.gov/solution/Detail?id=1986ALF/HUI4156-4158:16,downloaded,500,,2026-06-24T16:02:55.016089+00:00,data/new_solution/boundary_probe/boundary_20260624_155905/boundary_detail_1986ALF_HUI4156-4158_16_20260624T160253_79d7ce9746eb.html,blank_reaction
http_error_mislabeled_downloaded,1986BAK/ESP719-723:3,1986BAK/ESP719-723,3,https://kinetics.nist.gov/solution/Detail?id=1986BAK/ESP719-723:3,downloaded,500,,2026-06-21T10:16:31.342810+00:00,data/new_solution/boundary_probe/boundary_20260621_101630/boundary_detail_1986BAK_ESP719-723_3_20260621T101630_bacf697ca9b8.html,blank_reaction
http_error_mislabeled_downloaded,1986CAZ/AUB952-953:10,1986CAZ/AUB952-953,10,https://kinetics.nist.gov/solution/Detail?id=1986CAZ/AUB952-953:10,downloaded,500,,2026-06-21T06:56:40.946591+00:00,data/new_solution/boundary_probe/boundary_20260620_190527/boundary_detail_1986CAZ_AUB952-953_10_20260620T190749_6fabb521ba47.html,blank_reaction
http_error_mislabeled_downloaded,1986CLE/LES1440-1446:15,1986CLE/LES1440-1446,15,https://kinetics.nist.gov/solution/Detail?id=1986CLE/LES1440-1446:15,downloaded,500,,2026-06-24T16:00:47.134392+00:00,data/new_solution/boundary_probe/boundary_20260624_155905/boundary_detail_1986CLE_LES1440-1446_15_20260624T160045_49a26f165d8c.html,blank_reaction
http_error_mislabeled_downloaded,1986DAR/TAT157-163:17,1986DAR/TAT157-163,17,https://kinetics.nist.gov/solution/Detail?id=1986DAR/TAT157-163:17,downloaded,500,,2026-06-24T16:03:46.871623+00:00,data/new_solution/boundary_probe/boundary_20260624_155905/boundary_detail_1986DAR_TAT157-163_17_20260624T160345_24981f4494db.html,blank_reaction
http_error_mislabeled_downloaded,1986ERB/BOR419-424:8,1986ERB/BOR419-424,8,https://kinetics.nist.gov/solution/Detail?id=1986ERB/BOR419-424:8,downloaded,500,,2026-06-21T10:16:57.824137+00:00,data/new_solution/boundary_probe/boundary_20260621_101630/boundary_detail_1986ERB_BOR419-424_8_20260621T101655_7eda57edc77b.html,blank_reaction
http_error_mislabeled_downloaded,1986JOV/SIM974-978:16,1986JOV/SIM974-978,16,https://kinetics.nist.gov/solution/Detail?id=1986JOV/SIM974-978:16,downloaded,500,,2026-06-21T06:56:40.946591+00:00,data/new_solution/boundary_probe/boundary_20260620_190527/boundary_detail_1986JOV_SIM974-978_16_20260620T190859_8e1f52ec07ab.html,blank_reaction
http_error_mislabeled_downloaded,1986JUB/MEY2509-2513:3,1986JUB/MEY2509-2513,3,https://kinetics.nist.gov/solution/Detail?id=1986JUB/MEY2509-2513:3,downloaded,500,,2026-06-24T15:59:55.202263+00:00,data/new_solution/boundary_probe/boundary_20260624_155905/boundary_detail_1986JUB_MEY2509-2513_3_20260624T155953_189d627b5b2e.html,blank_reaction
http_error_mislabeled_downloaded,1986RIB/SAB47-49B:2,1986RIB/SAB47-49B,2,https://kinetics.nist.gov/solution/Detail?id=1986RIB/SAB47-49B:2,downloaded,500,,2026-06-24T16:05:39.863872+00:00,data/new_solution/boundary_probe/boundary_20260624_155905/boundary_detail_1986RIB_SAB47-49B_2_20260624T160538_fef45d477f72.html,blank_reaction
http_error_mislabeled_downloaded,1986SIM/HUN227-230:1,1986SIM/HUN227-230,1,https://kinetics.nist.gov/solution/Detail?id=1986SIM/HUN227-230:1,downloaded,500,,2026-06-30T12:36:53.016538+00:00,data/nist_solution/archive/isopropanol_20260610T123839Z/detail_rr_20260611T095722_8c9753dde0ac.html,blank_reaction
http_error_mislabeled_downloaded,1986THO/CAP745-755:4,1986THO/CAP745-755,4,https://kinetics.nist.gov/solution/Detail?id=1986THO/CAP745-755:4,downloaded,500,,2026-06-24T16:06:55.518085+00:00,data/new_solution/boundary_probe/boundary_20260624_155905/boundary_detail_1986THO_CAP745-755_4_20260624T160653_4fa91fa891d7.html,blank_reaction
http_error_mislabeled_downloaded,1986YE/MAD5397-5399:4,1986YE/MAD5397-5399,4,https://kinetics.nist.gov/solution/Detail?id=1986YE/MAD5397-5399:4,downloaded,500,,2026-06-24T16:07:00.201705+00:00,data/new_solution/boundary_probe/boundary_20260624_155905/boundary_detail_1986YE_MAD5397-5399_4_20260624T160658_08eb60696f37.html,blank_reaction
http_error_mislabeled_downloaded,1987AKH/ALB71-83:18,1987AKH/ALB71-83,18,https://kinetics.nist.gov/solution/Detail?id=1987AKH/ALB71-83:18,downloaded,500,,2026-06-24T16:09:08.649617+00:00,data/new_solution/boundary_probe/boundary_20260624_155905/boundary_detail_1987AKH_ALB71-83_18_20260624T160906_6c5b30db434f.html,blank_reaction
http_error_mislabeled_downloaded,1987ALF/MOS3383-3385:16,1987ALF/MOS3383-3385,16,https://kinetics.nist.gov/solution/Detail?id=1987ALF/MOS3383-3385:16,downloaded,500,,2026-06-24T16:10:25.799475+00:00,data/new_solution/boundary_probe/boundary_20260624_155905/boundary_detail_1987ALF_MOS3383-3385_16_20260624T161024_68416387d5c4.html,blank_reaction
http_error_mislabeled_downloaded,1987BEH/NET253-260:2,1987BEH/NET253-260,2,https://kinetics.nist.gov/solution/Detail?id=1987BEH/NET253-260:2,downloaded,500,,2026-06-24T16:02:50.160955+00:00,data/new_solution/boundary_probe/boundary_20260624_155905/boundary_detail_1987BEH_NET253-260_2_20260624T160248_1c59f2c18cb5.html,blank_reaction
http_error_mislabeled_downloaded,1987BOB/DAS1210-1215:3,1987BOB/DAS1210-1215,3,https://kinetics.nist.gov/solution/Detail?id=1987BOB/DAS1210-1215:3,downloaded,500,,2026-06-24T16:09:42.199066+00:00,data/new_solution/boundary_probe/boundary_20260624_155905/boundary_detail_1987BOB_DAS1210-1215_3_20260624T160940_909b7c6eaf04.html,blank_reaction
http_error_mislabeled_downloaded,1987BUE11995-11998:4,1987BUE11995-11998,4,https://kinetics.nist.gov/solution/Detail?id=1987BUE11995-11998:4,downloaded,500,,2026-06-24T15:56:58.062090+00:00,data/nist_solution/archive/o2_20260522T072723Z/detail_rr_20260606T091827_65e43f444837.html,blank_reaction
http_error_mislabeled_downloaded,1987CAP/INS13-22:2,1987CAP/INS13-22,2,https://kinetics.nist.gov/solution/Detail?id=1987CAP/INS13-22:2,downloaded,500,,2026-06-24T16:04:00.915156+00:00,data/new_solution/boundary_probe/boundary_20260624_155905/boundary_detail_1987CAP_INS13-22_2_20260624T160359_58d4079c2faf.html,blank_reaction
http_error_mislabeled_downloaded,1987CHA/CHE957-964:5,1987CHA/CHE957-964,5,https://kinetics.nist.gov/solution/Detail?id=1987CHA/CHE957-964:5,downloaded,500,,2026-06-24T16:12:21.415937+00:00,data/new_solution/boundary_probe/boundary_20260624_155905/boundary_detail_1987CHA_CHE957-964_5_20260624T161219_0a899e0773b4.html,blank_reaction
http_error_mislabeled_downloaded,1987DAS/SCH319-323:1,1987DAS/SCH319-323,1,https://kinetics.nist.gov/solution/Detail?id=1987DAS/SCH319-323:1,downloaded,500,,2026-06-24T15:57:01.987228+00:00,data/nist_solution/archive/o2_20260522T072705Z/detail_rr_20260604T094743_b6d65ff57c2b.html,not_parsed
http_error_mislabeled_downloaded,1987FOL183-207B:2,1987FOL183-207B,2,https://kinetics.nist.gov/solution/Detail?id=1987FOL183-207B:2,downloaded,500,,2026-06-21T10:17:16.980444+00:00,data/new_solution/boundary_probe/boundary_20260621_101630/boundary_detail_1987FOL183-207B_2_20260621T101715_cddaca693cef.html,blank_reaction
http_error_mislabeled_downloaded,1987HAM/LAW883-893:7,1987HAM/LAW883-893,7,https://kinetics.nist.gov/solution/Detail?id=1987HAM/LAW883-893:7,downloaded,500,,2026-06-24T16:03:51.546915+00:00,data/new_solution/boundary_probe/boundary_20260624_155905/boundary_detail_1987HAM_LAW883-893_7_20260624T160349_7640ed4e3b5d.html,blank_reaction
http_error_mislabeled_downloaded,1987JAC/SYK65-66:2,1987JAC/SYK65-66,2,https://kinetics.nist.gov/solution/Detail?id=1987JAC/SYK65-66:2,downloaded,500,,2026-06-24T16:06:17.898975+00:00,data/new_solution/boundary_probe/boundary_20260624_155905/boundary_detail_1987JAC_SYK65-66_2_20260624T160616_118f7d093860.html,blank_reaction
http_error_mislabeled_downloaded,1987LAP/OSV3089-3094:4,1987LAP/OSV3089-3094,4,https://kinetics.nist.gov/solution/Detail?id=1987LAP/OSV3089-3094:4,downloaded,500,,2026-06-21T06:56:40.946591+00:00,data/new_solution/boundary_probe/boundary_20260620_190527/boundary_detail_1987LAP_OSV3089-3094_4_20260620T190707_eace1c112ca9.html,blank_reaction
http_error_mislabeled_downloaded,1987LIE/SUL1408-1410:7,1987LIE/SUL1408-1410,7,https://kinetics.nist.gov/solution/Detail?id=1987LIE/SUL1408-1410:7,downloaded,500,,2026-06-24T16:11:33.187144+00:00,data/new_solution/boundary_probe/boundary_20260624_155905/boundary_detail_1987LIE_SUL1408-1410_7_20260624T161131_e132f38377bc.html,blank_reaction
http_error_mislabeled_downloaded,1987MET/MOO253-267:5,1987MET/MOO253-267,5,https://kinetics.nist.gov/solution/Detail?id=1987MET/MOO253-267:5,downloaded,500,,2026-06-24T16:08:30.349355+00:00,data/new_solution/boundary_probe/boundary_20260624_155905/boundary_detail_1987MET_MOO253-267_5_20260624T160828_c56df447866b.html,blank_reaction
http_error_mislabeled_downloaded,1987NET/HUI1606-1611:18,1987NET/HUI1606-1611,18,https://kinetics.nist.gov/solution/Detail?id=1987NET/HUI1606-1611:18,downloaded,500,,2026-06-24T16:04:10.313869+00:00,data/new_solution/boundary_probe/boundary_20260624_155905/boundary_detail_1987NET_HUI1606-1611_18_20260624T160408_0b2d127fe9a4.html,blank_reaction
http_error_mislabeled_downloaded,1987OPI/SCH145-163:2,1987OPI/SCH145-163,2,https://kinetics.nist.gov/solution/Detail?id=1987OPI/SCH145-163:2,downloaded,500,,2026-06-24T16:08:01.965496+00:00,data/new_solution/boundary_probe/boundary_20260624_155905/boundary_detail_1987OPI_SCH145-163_2_20260624T160800_43a50b8d8982.html,blank_reaction
http_error_mislabeled_downloaded,1987PER/GOME106-E127B:3,1987PER/GOME106-E127B,3,https://kinetics.nist.gov/solution/Detail?id=1987PER/GOME106-E127B:3,downloaded,500,,2026-06-24T15:56:49.789595+00:00,data/nist_solution/archive/o3_20260522T072802Z/detail_rr_20260525T073723_080ae9ae2f2b.html,not_parsed
http_error_mislabeled_downloaded,1987PER/GOME106-E127B:25,1987PER/GOME106-E127B,25,https://kinetics.nist.gov/solution/Detail?id=1987PER/GOME106-E127B:25,downloaded,500,,2026-06-24T16:08:54.087992+00:00,data/new_solution/boundary_probe/boundary_20260624_155905/boundary_detail_1987PER_GOME106-E127B_25_20260624T160852_9fb58bbaacc8.html,blank_reaction
http_error_mislabeled_downloaded,1987SCU/HOI681-694:1,1987SCU/HOI681-694,1,https://kinetics.nist.gov/solution/Detail?id=1987SCU/HOI681-694:1,downloaded,503,,2026-06-30T12:34:52.862233+00:00,data/nist_solution/archive/o2_20260522T072705Z/detail_rr_20260617T070923_a25eac2ba203.html,blank_reaction
http_error_mislabeled_downloaded,1987SEL/ERS573-576B:3,1987SEL/ERS573-576B,3,https://kinetics.nist.gov/solution/Detail?id=1987SEL/ERS573-576B:3,downloaded,500,,2026-06-24T16:06:36.746461+00:00,data/new_solution/boundary_probe/boundary_20260624_155905/boundary_detail_1987SEL_ERS573-576B_3_20260624T160635_04ff91ccb66d.html,blank_reaction
http_error_mislabeled_downloaded,1987VIS/DEH745-753:2,1987VIS/DEH745-753,2,https://kinetics.nist.gov/solution/Detail?id=1987VIS/DEH745-753:2,downloaded,500,,2026-06-24T16:01:48.684102+00:00,data/new_solution/boundary_probe/boundary_20260624_155905/boundary_detail_1987VIS_DEH745-753_2_20260624T160146_6784016841a6.html,blank_reaction
http_error_mislabeled_downloaded,1987WAG/STR1317-1321:5,1987WAG/STR1317-1321,5,https://kinetics.nist.gov/solution/Detail?id=1987WAG/STR1317-1321:5,downloaded,500,,2026-06-24T16:01:53.375109+00:00,data/new_solution/boundary_probe/boundary_20260624_155905/boundary_detail_1987WAG_STR1317-1321_5_20260624T160151_8284e05773bd.html,blank_reaction
http_error_mislabeled_downloaded,1988ALF/HUI85-88:10,1988ALF/HUI85-88,10,https://kinetics.nist.gov/solution/Detail?id=1988ALF/HUI85-88:10,downloaded,500,,2026-06-24T16:11:37.959527+00:00,data/new_solution/boundary_probe/boundary_20260624_155905/boundary_detail_1988ALF_HUI85-88_10_20260624T161136_2b7ea0c08b77.html,blank_reaction
http_error_mislabeled_downloaded,1988BAK/ZAH315-318:2,1988BAK/ZAH315-318,2,https://kinetics.nist.gov/solution/Detail?id=1988BAK/ZAH315-318:2,downloaded,500,,2026-06-24T16:06:50.792399+00:00,data/new_solution/boundary_probe/boundary_20260624_155905/boundary_detail_1988BAK_ZAH315-318_2_20260624T160649_5e7207ba8164.html,blank_reaction
http_error_mislabeled_downloaded,1988ERS/MIK506-510:3,1988ERS/MIK506-510,3,https://kinetics.nist.gov/solution/Detail?id=1988ERS/MIK506-510:3,downloaded,500,,2026-06-24T16:07:28.526057+00:00,data/new_solution/boundary_probe/boundary_20260624_155905/boundary_detail_1988ERS_MIK506-510_3_20260624T160726_73c95034ab99.html,blank_reaction
http_error_mislabeled_downloaded,1988HOE/BUT259-263:4,1988HOE/BUT259-263,4,https://kinetics.nist.gov/solution/Detail?id=1988HOE/BUT259-263:4,downloaded,500,,2026-06-24T16:07:33.207067+00:00,data/new_solution/boundary_probe/boundary_20260624_155905/boundary_detail_1988HOE_BUT259-263_4_20260624T160731_f230a6d87f91.html,blank_reaction
http_error_mislabeled_downloaded,1988HOW/BAK791-794:5,1988HOW/BAK791-794,5,https://kinetics.nist.gov/solution/Detail?id=1988HOW/BAK791-794:5,downloaded,500,,2026-06-24T16:04:43.599798+00:00,data/new_solution/boundary_probe/boundary_20260624_155905/boundary_detail_1988HOW_BAK791-794_5_20260624T160441_fce3507e38f0.html,blank_reaction
http_error_mislabeled_downloaded,1988KNO/WEI411-416:1,1988KNO/WEI411-416,1,https://kinetics.nist.gov/solution/Detail?id=1988KNO/WEI411-416:1,downloaded,500,,2026-07-01T07:34:51.895072+00:00,data/new_solution/boundary_probe/boundary_20260627_103328/boundary_detail_1988KNO_WEI411-416_1_20260627T105746_025fa20eba76.html,missing_record
http_error_mislabeled_downloaded,1988LAL/SCH773-785:32,1988LAL/SCH773-785,32,https://kinetics.nist.gov/solution/Detail?id=1988LAL/SCH773-785:32,downloaded,500,,2026-06-30T12:36:49.595693+00:00,data/nist_solution/archive/none_round_robin/detail_rr_20260607T170432_705dbd51e78f.html,blank_reaction
http_error_mislabeled_downloaded,1988LIU/LAN2449-2451:1,1988LIU/LAN2449-2451,1,https://kinetics.nist.gov/solution/Detail?id=1988LIU/LAN2449-2451:1,downloaded,500,,2026-07-01T07:51:17.000827+00:00,data/new_solution/boundary_probe/boundary_20260627_103328/boundary_detail_1988LIU_LAN2449-2451_1_20260627T105333_c60641586885.html,missing_record
http_error_mislabeled_downloaded,1988NEE/MAR423-428:6,1988NEE/MAR423-428,6,https://kinetics.nist.gov/solution/Detail?id=1988NEE/MAR423-428:6,downloaded,500,,2026-06-21T06:56:40.946591+00:00,data/new_solution/boundary_probe/boundary_20260620_190527/boundary_detail_1988NEE_MAR423-428_6_20260620T190621_fc0f3448f602.html,blank_reaction
http_error_mislabeled_downloaded,1988OSV/SAL7114-7118:3,1988OSV/SAL7114-7118,3,https://kinetics.nist.gov/solution/Detail?id=1988OSV/SAL7114-7118:3,downloaded,500,,2026-06-21T06:56:40.946591+00:00,data/new_solution/boundary_probe/boundary_20260620_190527/boundary_detail_1988OSV_SAL7114-7118_3_20260620T190904_80feff647e63.html,blank_reaction
http_error_mislabeled_downloaded,1988SAH797-799:2,1988SAH797-799,2,https://kinetics.nist.gov/solution/Detail?id=1988SAH797-799:2,downloaded,500,,2026-06-24T16:05:25.774338+00:00,data/new_solution/boundary_probe/boundary_20260624_155905/boundary_detail_1988SAH797-799_2_20260624T160524_c5841963de6b.html,blank_reaction
http_error_mislabeled_downloaded,1989CHA/CHE63-71:6,1989CHA/CHE63-71,6,https://kinetics.nist.gov/solution/Detail?id=1989CHA/CHE63-71:6,downloaded,500,,2026-06-24T16:12:02.020074+00:00,data/new_solution/boundary_probe/boundary_20260624_155905/boundary_detail_1989CHA_CHE63-71_6_20260624T161200_5d71cab514f6.html,blank_reaction
http_error_mislabeled_downloaded,1989CLI/HUI677-687:21,1989CLI/HUI677-687,21,https://kinetics.nist.gov/solution/Detail?id=1989CLI/HUI677-687:21,downloaded,500,,2026-06-24T16:06:22.577246+00:00,data/new_solution/boundary_probe/boundary_20260624_155905/boundary_detail_1989CLI_HUI677-687_21_20260624T160620_dbd11769d441.html,blank_reaction
http_error_mislabeled_downloaded,1989DIM/MIC465-471:6,1989DIM/MIC465-471,6,https://kinetics.nist.gov/solution/Detail?id=1989DIM/MIC465-471:6,downloaded,500,,2026-06-21T06:56:40.946591+00:00,data/new_solution/boundary_probe/boundary_20260620_190527/boundary_detail_1989DIM_MIC465-471_6_20260620T190653_2e49cb6e0d72.html,blank_reaction
http_error_mislabeled_downloaded,1989DRA/FOX1938-1944:4,1989DRA/FOX1938-1944,4,https://kinetics.nist.gov/solution/Detail?id=1989DRA/FOX1938-1944:4,downloaded,500,,2026-06-24T16:03:42.184139+00:00,data/new_solution/boundary_probe/boundary_20260624_155905/boundary_detail_1989DRA_FOX1938-1944_4_20260624T160340_647c37849664.html,blank_reaction
http_error_mislabeled_downloaded,1989FAR/PEC6968-6972:3,1989FAR/PEC6968-6972,3,https://kinetics.nist.gov/solution/Detail?id=1989FAR/PEC6968-6972:3,downloaded,500,,2026-06-24T16:10:49.847481+00:00,data/new_solution/boundary_probe/boundary_20260624_155905/boundary_detail_1989FAR_PEC6968-6972_3_20260624T161048_c670d101fa03.html,blank_reaction
http_error_mislabeled_downloaded,1989GOG/FED162-167:12,1989GOG/FED162-167,12,https://kinetics.nist.gov/solution/Detail?id=1989GOG/FED162-167:12,downloaded,500,,2026-06-24T16:04:34.107976+00:00,data/new_solution/boundary_probe/boundary_20260624_155905/boundary_detail_1989GOG_FED162-167_12_20260624T160432_a49999a2cd4c.html,blank_reaction
http_error_mislabeled_downloaded,1989GOG/SHI13-17:4,1989GOG/SHI13-17,4,https://kinetics.nist.gov/solution/Detail?id=1989GOG/SHI13-17:4,downloaded,500,,2026-06-24T16:07:52.493795+00:00,data/new_solution/boundary_probe/boundary_20260624_155905/boundary_detail_1989GOG_SHI13-17_4_20260624T160750_f9f6cf99ee31.html,blank_reaction
http_error_mislabeled_downloaded,1989KLA/BIE2717-2724:17,1989KLA/BIE2717-2724,17,https://kinetics.nist.gov/solution/Detail?id=1989KLA/BIE2717-2724:17,downloaded,500,,2026-06-21T06:56:40.946591+00:00,data/new_solution/boundary_probe/boundary_20260620_190527/boundary_detail_1989KLA_BIE2717-2724_17_20260620T190548_7fb31d31c3b0.html,blank_reaction
http_error_mislabeled_downloaded,1989KUM/HEN2262-2266:2,1989KUM/HEN2262-2266,2,https://kinetics.nist.gov/solution/Detail?id=1989KUM/HEN2262-2266:2,downloaded,500,,2026-06-24T16:12:26.216260+00:00,data/new_solution/boundary_probe/boundary_20260624_155905/boundary_detail_1989KUM_HEN2262-2266_2_20260624T161224_213896159900.html,blank_reaction
http_error_mislabeled_downloaded,1989MIL:4,1989MIL,4,https://kinetics.nist.gov/solution/Detail?id=1989MIL:4,downloaded,500,,2026-06-24T16:09:27.826160+00:00,data/new_solution/boundary_probe/boundary_20260624_155905/boundary_detail_1989MIL_4_20260624T160926_1fc7f37b1efa.html,blank_reaction
http_error_mislabeled_downloaded,1989MOS/NET2358-2362:3,1989MOS/NET2358-2362,3,https://kinetics.nist.gov/solution/Detail?id=1989MOS/NET2358-2362:3,downloaded,500,,2026-06-24T16:08:06.776028+00:00,data/new_solution/boundary_probe/boundary_20260624_155905/boundary_detail_1989MOS_NET2358-2362_3_20260624T160804_4b64e8be5b51.html,blank_reaction
http_error_mislabeled_downloaded,1989NAH/FOO1909-1910:7,1989NAH/FOO1909-1910,7,https://kinetics.nist.gov/solution/Detail?id=1989NAH/FOO1909-1910:7,downloaded,500,,2026-06-24T16:05:35.170030+00:00,data/new_solution/boundary_probe/boundary_20260624_155905/boundary_detail_1989NAH_FOO1909-1910_7_20260624T160533_f673531d4d9e.html,blank_reaction
http_error_mislabeled_downloaded,1989OPR/SEI299-309:11,1989OPR/SEI299-309,11,https://kinetics.nist.gov/solution/Detail?id=1989OPR/SEI299-309:11,downloaded,500,,2026-06-30T12:36:57.295440+00:00,data/nist_solution/archive/carbon_disulfide_20260610T123545Z/detail_rr_20260612T105028_dc0f64c31c86.html,blank_reaction
http_error_mislabeled_downloaded,1989SCA/MCG1612-1616:2,1989SCA/MCG1612-1616,2,https://kinetics.nist.gov/solution/Detail?id=1989SCA/MCG1612-1616:2,downloaded,500,,2026-06-24T16:01:05.937823+00:00,data/new_solution/boundary_probe/boundary_20260624_155905/boundary_detail_1989SCA_MCG1612-1616_2_20260624T160104_4b8d569a02d9.html,blank_reaction
http_error_mislabeled_downloaded,1989SEK/GAR97-100B:4,1989SEK/GAR97-100B,4,https://kinetics.nist.gov/solution/Detail?id=1989SEK/GAR97-100B:4,downloaded,500,,2026-06-24T16:04:38.821443+00:00,data/new_solution/boundary_probe/boundary_20260624_155905/boundary_detail_1989SEK_GAR97-100B_4_20260624T160437_d0a3e94e22a2.html,blank_reaction
http_error_mislabeled_downloaded,1990BEN3247-3252:1,1990BEN3247-3252,1,https://kinetics.nist.gov/solution/Detail?id=1990BEN3247-3252:1,downloaded,500,,2026-07-02T09:14:46.102668+00:00,data/new_solution/boundary_probe/boundary_20260627_103328/boundary_detail_1990BEN3247-3252_1_20260627T104540_ec23c450b1bd.html,missing_record
http_error_mislabeled_downloaded,1990COR/KHA1389-1392:2,1990COR/KHA1389-1392,2,https://kinetics.nist.gov/solution/Detail?id=1990COR/KHA1389-1392:2,downloaded,500,,2026-06-30T12:36:00.565430+00:00,data/nist_solution/archive/c6h4_ch3_2_20260525T125438Z/detail_rr_20260528T073328_d9be42411702.html,blank_reaction
http_error_mislabeled_downloaded,1990LAM/PER6141-6144:1,1990LAM/PER6141-6144,1,https://kinetics.nist.gov/solution/Detail?id=1990LAM/PER6141-6144:1,downloaded,500,,2026-07-01T07:49:55.558064+00:00,data/new_solution/boundary_probe/boundary_20260627_103328/boundary_detail_1990LAM_PER6141-6144_1_20260627T110441_544b888cce12.html,missing_record
http_error_mislabeled_downloaded,1990LEE/ESP3442-3447:2,1990LEE/ESP3442-3447,2,https://kinetics.nist.gov/solution/Detail?id=1990LEE/ESP3442-3447:2,downloaded,500,,2026-06-21T06:56:40.946591+00:00,data/new_solution/boundary_probe/boundary_20260620_190527/boundary_detail_1990LEE_ESP3442-3447_2_20260620T190716_4e44265d1f93.html,blank_reaction
http_error_mislabeled_downloaded,1990OKA/TAN669-672:5,1990OKA/TAN669-672,5,https://kinetics.nist.gov/solution/Detail?id=1990OKA/TAN669-672:5,downloaded,500,,2026-06-24T16:07:23.834289+00:00,data/new_solution/boundary_probe/boundary_20260624_155905/boundary_detail_1990OKA_TAN669-672_5_20260624T160722_c810211d8d25.html,blank_reaction
http_error_mislabeled_downloaded,1990SCH/VOE45-51:4,1990SCH/VOE45-51,4,https://kinetics.nist.gov/solution/Detail?id=1990SCH/VOE45-51:4,downloaded,500,,2026-06-24T15:59:26.537598+00:00,data/new_solution/boundary_probe/boundary_20260624_155905/boundary_detail_1990SCH_VOE45-51_4_20260624T155924_65be61f519c4.html,blank_reaction
http_error_mislabeled_downloaded,1990STE/WAR335-342:16,1990STE/WAR335-342,16,https://kinetics.nist.gov/solution/Detail?id=1990STE/WAR335-342:16,downloaded,500,,2026-06-24T16:04:57.755104+00:00,data/new_solution/boundary_probe/boundary_20260624_155905/boundary_detail_1990STE_WAR335-342_16_20260624T160455_6eef339a541f.html,blank_reaction
http_error_mislabeled_downloaded,1990TSU/YOS2206-2211:3,1990TSU/YOS2206-2211,3,https://kinetics.nist.gov/solution/Detail?id=1990TSU/YOS2206-2211:3,downloaded,500,,2026-06-24T16:04:29.429784+00:00,data/new_solution/boundary_probe/boundary_20260624_155905/boundary_detail_1990TSU_YOS2206-2211_3_20260624T160427_f9d8f8426f67.html,blank_reaction
http_error_mislabeled_downloaded,1990YE/SCH3369-3387:6,1990YE/SCH3369-3387,6,https://kinetics.nist.gov/solution/Detail?id=1990YE/SCH3369-3387:6,downloaded,500,,2026-06-21T06:56:40.946591+00:00,data/new_solution/boundary_probe/boundary_20260620_190527/boundary_detail_1990YE_SCH3369-3387_6_20260620T190726_11a301021fc7.html,blank_reaction
http_error_mislabeled_downloaded,1990ZEV/SWA307-312:6,1990ZEV/SWA307-312,6,https://kinetics.nist.gov/solution/Detail?id=1990ZEV/SWA307-312:6,downloaded,500,,2026-06-24T16:10:30.597511+00:00,data/new_solution/boundary_probe/boundary_20260624_155905/boundary_detail_1990ZEV_SWA307-312_6_20260624T161028_13ef14ac8ab6.html,blank_reaction
http_error_mislabeled_downloaded,1991ARU/AKA303-314:3,1991ARU/AKA303-314,3,https://kinetics.nist.gov/solution/Detail?id=1991ARU/AKA303-314:3,downloaded,500,,2026-06-24T16:09:03.845302+00:00,data/new_solution/boundary_probe/boundary_20260624_155905/boundary_detail_1991ARU_AKA303-314_3_20260624T160902_1245e4d3b0dd.html,blank_reaction
http_error_mislabeled_downloaded,1991BON/ANK243-248:20,1991BON/ANK243-248,20,https://kinetics.nist.gov/solution/Detail?id=1991BON/ANK243-248:20,downloaded,500,,2026-06-24T16:05:49.389266+00:00,data/new_solution/boundary_probe/boundary_20260624_155905/boundary_detail_1991BON_ANK243-248_20_20260624T160547_b3e50dd5cbdf.html,blank_reaction
http_error_mislabeled_downloaded,1991DRA/NEG317-321:7,1991DRA/NEG317-321,7,https://kinetics.nist.gov/solution/Detail?id=1991DRA/NEG317-321:7,downloaded,500,,2026-06-24T16:10:59.439521+00:00,data/new_solution/boundary_probe/boundary_20260624_155905/boundary_detail_1991DRA_NEG317-321_7_20260624T161057_1c0896aae8c3.html,blank_reaction
http_error_mislabeled_downloaded,1991ESP/BAK4830-4833:19,1991ESP/BAK4830-4833,19,https://kinetics.nist.gov/solution/Detail?id=1991ESP/BAK4830-4833:19,downloaded,500,,2026-06-24T16:10:06.356799+00:00,data/new_solution/boundary_probe/boundary_20260624_155905/boundary_detail_1991ESP_BAK4830-4833_19_20260624T161004_53dcb4f63b03.html,blank_reaction
http_error_mislabeled_downloaded,1991FAV/TOU993-1001:2,1991FAV/TOU993-1001,2,https://kinetics.nist.gov/solution/Detail?id=1991FAV/TOU993-1001:2,downloaded,500,,2026-06-24T16:10:45.053854+00:00,data/new_solution/boundary_probe/boundary_20260624_155905/boundary_detail_1991FAV_TOU993-1001_2_20260624T161043_00f9a45e18c2.html,blank_reaction
http_error_mislabeled_downloaded,1991GAR/FRI1478-1483:2,1991GAR/FRI1478-1483,2,https://kinetics.nist.gov/solution/Detail?id=1991GAR/FRI1478-1483:2,downloaded,500,,2026-06-21T10:16:48.200349+00:00,data/new_solution/boundary_probe/boundary_20260621_101630/boundary_detail_1991GAR_FRI1478-1483_2_20260621T101646_8a4d859a6d01.html,blank_reaction
http_error_mislabeled_downloaded,1991GOT/KIM419-430:5,1991GOT/KIM419-430,5,https://kinetics.nist.gov/solution/Detail?id=1991GOT/KIM419-430:5,downloaded,500,,2026-06-24T16:02:02.729742+00:00,data/new_solution/boundary_probe/boundary_20260624_155905/boundary_detail_1991GOT_KIM419-430_5_20260624T160201_86268a6f3647.html,blank_reaction
http_error_mislabeled_downloaded,1991HAR/SHO2415-2420:1,1991HAR/SHO2415-2420,1,https://kinetics.nist.gov/solution/Detail?id=1991HAR/SHO2415-2420:1,downloaded,500,,2026-06-30T12:36:52.218341+00:00,data/nist_solution/archive/isopropanol_20260610T123839Z/detail_rr_20260611T104015_dd566958cf95.html,not_parsed
http_error_mislabeled_downloaded,1991KAT/JIA4435-4439:19,1991KAT/JIA4435-4439,19,https://kinetics.nist.gov/solution/Detail?id=1991KAT/JIA4435-4439:19,downloaded,500,,2026-06-24T16:00:04.673745+00:00,data/new_solution/boundary_probe/boundary_20260624_155905/boundary_detail_1991KAT_JIA4435-4439_19_20260624T160002_aa15f6a21c0a.html,blank_reaction
http_error_mislabeled_downloaded,1991MAS/COH1849-1854:3,1991MAS/COH1849-1854,3,https://kinetics.nist.gov/solution/Detail?id=1991MAS/COH1849-1854:3,downloaded,500,,2026-06-24T16:01:15.292243+00:00,data/new_solution/boundary_probe/boundary_20260624_155905/boundary_detail_1991MAS_COH1849-1854_3_20260624T160113_051671952c33.html,blank_reaction
http_error_mislabeled_downloaded,1991MCE/WAY1513-1521:5,1991MCE/WAY1513-1521,5,https://kinetics.nist.gov/solution/Detail?id=1991MCE/WAY1513-1521:5,downloaded,500,,2026-06-24T16:05:30.464684+00:00,data/new_solution/boundary_probe/boundary_20260624_155905/boundary_detail_1991MCE_WAY1513-1521_5_20260624T160528_619556a01d05.html,blank_reaction
http_error_mislabeled_downloaded,1991NAH/NET4419-4422:19,1991NAH/NET4419-4422,19,https://kinetics.nist.gov/solution/Detail?id=1991NAH/NET4419-4422:19,downloaded,500,,2026-06-30T12:36:52.311765+00:00,data/nist_solution/archive/2-propanol_20260610T123333Z/detail_rr_20260612T101428_5a56f7ad6744.html,blank_reaction
http_error_mislabeled_downloaded,1991SAM/MIT187-194:3,1991SAM/MIT187-194,3,https://kinetics.nist.gov/solution/Detail?id=1991SAM/MIT187-194:3,downloaded,500,,2026-06-21T06:56:40.946591+00:00,data/new_solution/boundary_probe/boundary_20260620_190527/boundary_detail_1991SAM_MIT187-194_3_20260620T190808_9502da73e1ad.html,blank_reaction
http_error_mislabeled_downloaded,1991SCU/ROU733-736:11,1991SCU/ROU733-736,11,https://kinetics.nist.gov/solution/Detail?id=1991SCU/ROU733-736:11,downloaded,500,,2026-06-24T16:03:37.502075+00:00,data/new_solution/boundary_probe/boundary_20260624_155905/boundary_detail_1991SCU_ROU733-736_11_20260624T160335_000616d4480f.html,blank_reaction
http_error_mislabeled_downloaded,1991TOK/NOS559-562:1,1991TOK/NOS559-562,1,https://kinetics.nist.gov/solution/Detail?id=1991TOK/NOS559-562:1,downloaded,500,,2026-07-01T07:33:52.631828+00:00,data/new_solution/boundary_probe/boundary_20260627_103328/boundary_detail_1991TOK_NOS559-562_1_20260627T105413_8b0c1669bf0f.html,missing_record
http_error_mislabeled_downloaded,1991WAN/MAT365-371:3,1991WAN/MAT365-371,3,https://kinetics.nist.gov/solution/Detail?id=1991WAN/MAT365-371:3,downloaded,500,,2026-06-24T16:02:35.779667+00:00,data/new_solution/boundary_probe/boundary_20260624_155905/boundary_detail_1991WAN_MAT365-371_3_20260624T160234_969e9c033b0f.html,blank_reaction
http_error_mislabeled_downloaded,1991WIN/NIM510-512:2,1991WIN/NIM510-512,2,https://kinetics.nist.gov/solution/Detail?id=1991WIN/NIM510-512:2,downloaded,500,,2026-06-21T06:56:40.946591+00:00,data/new_solution/boundary_probe/boundary_20260620_190527/boundary_detail_1991WIN_NIM510-512_2_20260620T190841_b81dbcf5b042.html,blank_reaction
http_error_mislabeled_downloaded,1991YE/SCH239-252:10,1991YE/SCH239-252,10,https://kinetics.nist.gov/solution/Detail?id=1991YE/SCH239-252:10,downloaded,500,,2026-06-21T06:56:40.946591+00:00,data/new_solution/boundary_probe/boundary_20260620_190527/boundary_detail_1991YE_SCH239-252_10_20260620T190543_249a4745e5a5.html,blank_reaction
http_error_mislabeled_downloaded,1992AVE/DEL1971-1976:22,1992AVE/DEL1971-1976,22,https://kinetics.nist.gov/solution/Detail?id=1992AVE/DEL1971-1976:22,downloaded,500,,2026-06-24T16:08:25.633460+00:00,data/new_solution/boundary_probe/boundary_20260624_155905/boundary_detail_1992AVE_DEL1971-1976_22_20260624T160823_0d6a7daab2bc.html,blank_reaction
http_error_mislabeled_downloaded,1992HOR/HOR155-163:5,1992HOR/HOR155-163,5,https://kinetics.nist.gov/solution/Detail?id=1992HOR/HOR155-163:5,downloaded,500,,2026-06-24T16:11:52.430145+00:00,data/new_solution/boundary_probe/boundary_20260624_155905/boundary_detail_1992HOR_HOR155-163_5_20260624T161150_c5c8ac697986.html,blank_reaction
http_error_mislabeled_downloaded,1992LAL/MAH23-26:18,1992LAL/MAH23-26,18,https://kinetics.nist.gov/solution/Detail?id=1992LAL/MAH23-26:18,downloaded,500,,2026-06-30T12:34:56.451690+00:00,data/nist_solution/archive/e_20260521T084224Z/detail_00041_20260521T113757_1c7070fc1f43.html,blank_reaction
http_error_mislabeled_downloaded,1992PAD/NET3354-3359:40,1992PAD/NET3354-3359,40,https://kinetics.nist.gov/solution/Detail?id=1992PAD/NET3354-3359:40,downloaded,500,,2026-06-21T06:56:40.946591+00:00,data/new_solution/boundary_probe/boundary_20260620_190527/boundary_detail_1992PAD_NET3354-3359_40_20260620T190527_d816cbbc8aee.html,blank_reaction
http_error_mislabeled_downloaded,1992SAK/UEM2163-2167:2,1992SAK/UEM2163-2167,2,https://kinetics.nist.gov/solution/Detail?id=1992SAK/UEM2163-2167:2,downloaded,500,,2026-06-24T16:06:46.123275+00:00,data/new_solution/boundary_probe/boundary_20260624_155905/boundary_detail_1992SAK_UEM2163-2167_2_20260624T160644_2b7e350ed2c5.html,blank_reaction
http_error_mislabeled_downloaded,1992STE/SUN355-360:9,1992STE/SUN355-360,9,https://kinetics.nist.gov/solution/Detail?id=1992STE/SUN355-360:9,downloaded,500,,2026-06-24T16:08:35.053579+00:00,data/new_solution/boundary_probe/boundary_20260624_155905/boundary_detail_1992STE_SUN355-360_9_20260624T160833_bd7e1af33a83.html,blank_reaction
http_error_mislabeled_downloaded,1992VAN/LIN1327-1333:1,1992VAN/LIN1327-1333,1,https://kinetics.nist.gov/solution/Detail?id=1992VAN/LIN1327-1333:1,downloaded,500,,2026-07-01T07:34:49.015219+00:00,data/new_solution/boundary_probe/boundary_20260627_103328/boundary_detail_1992VAN_LIN1327-1333_1_20260627T105428_c29768459c08.html,missing_record
http_error_mislabeled_downloaded,1992WOJ143-152:3,1992WOJ143-152,3,https://kinetics.nist.gov/solution/Detail?id=1992WOJ143-152:3,downloaded,500,,2026-06-24T16:07:04.876541+00:00,data/new_solution/boundary_probe/boundary_20260624_155905/boundary_detail_1992WOJ143-152_3_20260624T160703_49e09b6f3163.html,blank_reaction
http_error_mislabeled_downloaded,1993ALF/PAD151-159:29,1993ALF/PAD151-159,29,https://kinetics.nist.gov/solution/Detail?id=1993ALF/PAD151-159:29,downloaded,500,,2026-06-24T16:09:56.678649+00:00,data/new_solution/boundary_probe/boundary_20260624_155905/boundary_detail_1993ALF_PAD151-159_29_20260624T160954_4ff4657caacd.html,blank_reaction
http_error_mislabeled_downloaded,1993FEL/LEN11-15:3,1993FEL/LEN11-15,3,https://kinetics.nist.gov/solution/Detail?id=1993FEL/LEN11-15:3,downloaded,500,,2026-06-24T16:03:23.355878+00:00,data/new_solution/boundary_probe/boundary_20260624_155905/boundary_detail_1993FEL_LEN11-15_3_20260624T160321_886ca580500b.html,blank_reaction
http_error_mislabeled_downloaded,1993FUJ/TOK2960-2964:2,1993FUJ/TOK2960-2964,2,https://kinetics.nist.gov/solution/Detail?id=1993FUJ/TOK2960-2964:2,downloaded,500,,2026-06-21T06:56:40.946591+00:00,data/new_solution/boundary_probe/boundary_20260620_190527/boundary_detail_1993FUJ_TOK2960-2964_2_20260620T190754_9004783feabb.html,blank_reaction
http_error_mislabeled_downloaded,1993JON/LIN8229-8233:26,1993JON/LIN8229-8233,26,https://kinetics.nist.gov/solution/Detail?id=1993JON/LIN8229-8233:26,downloaded,500,,2026-06-24T15:56:57.677923+00:00,data/nist_solution/archive/o2_20260522T072723Z/detail_rr_20260603T123533_00e4851896d1.html,blank_reaction
http_error_mislabeled_downloaded,1993MUK/ITO323-326:12,1993MUK/ITO323-326,12,https://kinetics.nist.gov/solution/Detail?id=1993MUK/ITO323-326:12,downloaded,500,,2026-06-21T06:56:40.946591+00:00,data/new_solution/boundary_probe/boundary_20260620_190527/boundary_detail_1993MUK_ITO323-326_12_20260620T190845_e2d4da8adb8d.html,blank_reaction
http_error_mislabeled_downloaded,1993SCH/BOB6538-6547:5,1993SCH/BOB6538-6547,5,https://kinetics.nist.gov/solution/Detail?id=1993SCH/BOB6538-6547:5,downloaded,500,,2026-06-21T06:56:40.946591+00:00,data/new_solution/boundary_probe/boundary_20260620_190527/boundary_detail_1993SCH_BOB6538-6547_5_20260620T190630_3c5d574e4e9f.html,blank_reaction
http_error_mislabeled_downloaded,1993ZHA/KHA7839-7847:5,1993ZHA/KHA7839-7847,5,https://kinetics.nist.gov/solution/Detail?id=1993ZHA/KHA7839-7847:5,downloaded,503,,2026-06-24T15:57:00.118028+00:00,data/nist_solution/archive/o2_20260522T072705Z/detail_rr_20260617T075047_f5511a31831d.html,blank_reaction
http_error_mislabeled_downloaded,1994ENG/LIN3174-3182:11,1994ENG/LIN3174-3182,11,https://kinetics.nist.gov/solution/Detail?id=1994ENG/LIN3174-3182:11,downloaded,500,,2026-06-30T12:34:51.130912+00:00,data/nist_solution/archive/h2o_20260604T135443Z/detail_rr_20260618T084246_a5db5ab8e829.html,blank_reaction
http_error_mislabeled_downloaded,1994KHA/SUN5881-5883:2,1994KHA/SUN5881-5883,2,https://kinetics.nist.gov/solution/Detail?id=1994KHA/SUN5881-5883:2,downloaded,500,,2026-06-24T16:07:09.677446+00:00,data/new_solution/boundary_probe/boundary_20260624_155905/boundary_detail_1994KHA_SUN5881-5883_2_20260624T160707_dea9ef5d4132.html,blank_reaction
http_error_mislabeled_downloaded,1994MAR/HAP7136-7141:32,1994MAR/HAP7136-7141,32,https://kinetics.nist.gov/solution/Detail?id=1994MAR/HAP7136-7141:32,downloaded,500,,2026-06-24T16:10:54.637455+00:00,data/new_solution/boundary_probe/boundary_20260624_155905/boundary_detail_1994MAR_HAP7136-7141_32_20260624T161052_f3ff9166a5e9.html,blank_reaction
http_error_mislabeled_downloaded,1994TRA/VER475-485:2,1994TRA/VER475-485,2,https://kinetics.nist.gov/solution/Detail?id=1994TRA/VER475-485:2,downloaded,500,,2026-06-24T16:12:31.009997+00:00,data/new_solution/boundary_probe/boundary_20260624_155905/boundary_detail_1994TRA_VER475-485_2_20260624T161229_dd62a72108bf.html,blank_reaction
http_error_mislabeled_downloaded,1994TRA/VER61-67:2,1994TRA/VER61-67,2,https://kinetics.nist.gov/solution/Detail?id=1994TRA/VER61-67:2,downloaded,500,,2026-06-24T16:13:04.801765+00:00,data/new_solution/boundary_probe/boundary_20260624_155905/boundary_detail_1994TRA_VER61-67_2_20260624T161303_597b22015ed6.html,blank_reaction
http_error_mislabeled_downloaded,1995CAM/HAR695-706:2,1995CAM/HAR695-706,2,https://kinetics.nist.gov/solution/Detail?id=1995CAM/HAR695-706:2,downloaded,500,,2026-06-21T06:56:40.946591+00:00,data/new_solution/boundary_probe/boundary_20260620_190527/boundary_detail_1995CAM_HAR695-706_2_20260620T190644_778f4bad75ba.html,blank_reaction
http_error_mislabeled_downloaded,1995CHU/KAR11-14:7,1995CHU/KAR11-14,7,https://kinetics.nist.gov/solution/Detail?id=1995CHU/KAR11-14:7,downloaded,500,,2026-06-24T16:12:06.901456+00:00,data/new_solution/boundary_probe/boundary_20260624_155905/boundary_detail_1995CHU_KAR11-14_7_20260624T161205_2a91f1c61c5f.html,blank_reaction
http_error_mislabeled_downloaded,1995KEL/MUL4911-4919:2,1995KEL/MUL4911-4919,2,https://kinetics.nist.gov/solution/Detail?id=1995KEL/MUL4911-4919:2,downloaded,500,,2026-06-24T16:06:41.432630+00:00,data/new_solution/boundary_probe/boundary_20260624_155905/boundary_detail_1995KEL_MUL4911-4919_2_20260624T160639_ca5e5d10b636.html,blank_reaction
http_error_mislabeled_downloaded,1995MAY/KLA655-659:2,1995MAY/KLA655-659,2,https://kinetics.nist.gov/solution/Detail?id=1995MAY/KLA655-659:2,downloaded,500,,2026-06-24T16:11:42.816854+00:00,data/new_solution/boundary_probe/boundary_20260624_155905/boundary_detail_1995MAY_KLA655-659_2_20260624T161140_23b506132941.html,blank_reaction
http_error_mislabeled_downloaded,1995MOH/MIT2121-2126:4,1995MOH/MIT2121-2126,4,https://kinetics.nist.gov/solution/Detail?id=1995MOH/MIT2121-2126:4,downloaded,500,,2026-06-21T06:56:40.946591+00:00,data/new_solution/boundary_probe/boundary_20260620_190527/boundary_detail_1995MOH_MIT2121-2126_4_20260620T190803_c2441b2a01e5.html,blank_reaction
http_error_mislabeled_downloaded,1995SAE/BEC12520-12524:2,1995SAE/BEC12520-12524,2,https://kinetics.nist.gov/solution/Detail?id=1995SAE/BEC12520-12524:2,downloaded,500,,2026-06-21T06:56:40.946591+00:00,data/new_solution/boundary_probe/boundary_20260620_190527/boundary_detail_1995SAE_BEC12520-12524_2_20260620T190813_d7635194639b.html,blank_reaction
http_error_mislabeled_empty,1942TAU2468-2474:2,1942TAU2468-2474,2,https://kinetics.nist.gov/solution/Detail?id=1942TAU2468-2474:2,empty,500,,2026-06-24T17:03:20.290590+00:00,data/new_solution/boundary_probe/boundary_20260624_161614/boundary_detail_1942TAU2468-2474_2_20260624T170318_89b959e11541.html,missing_record
http_error_mislabeled_empty,1958BAX/HUG306-322:2,1958BAX/HUG306-322,2,https://kinetics.nist.gov/solution/Detail?id=1958BAX/HUG306-322:2,empty,500,,2026-06-24T16:51:18.728307+00:00,data/new_solution/boundary_probe/boundary_20260624_161614/boundary_detail_1958BAX_HUG306-322_2_20260624T165116_8915a3e973eb.html,missing_record
http_error_mislabeled_empty,1959BOY/WEI892-896:2,1959BOY/WEI892-896,2,https://kinetics.nist.gov/solution/Detail?id=1959BOY/WEI892-896:2,empty,500,,2026-06-24T16:49:05.154771+00:00,data/new_solution/boundary_probe/boundary_20260624_161614/boundary_detail_1959BOY_WEI892-896_2_20260624T164903_f81455742dc5.html,missing_record
http_error_mislabeled_empty,1959BUN/DAI1760-1767:3,1959BUN/DAI1760-1767,3,https://kinetics.nist.gov/solution/Detail?id=1959BUN/DAI1760-1767:3,empty,500,,2026-06-24T16:47:10.390339+00:00,data/new_solution/boundary_probe/boundary_20260624_161614/boundary_detail_1959BUN_DAI1760-1767_3_20260624T164708_f0c653ed7bf9.html,missing_record
http_error_mislabeled_empty,1960NAK/AND269-276:43,1960NAK/AND269-276,43,https://kinetics.nist.gov/solution/Detail?id=1960NAK/AND269-276:43,empty,500,,2026-06-24T17:04:41.346349+00:00,data/new_solution/boundary_probe/boundary_20260624_161614/boundary_detail_1960NAK_AND269-276_43_20260624T170439_8e1e47f251f4.html,missing_record
http_error_mislabeled_empty,1961MCC/MAC1107-1116:2,1961MCC/MAC1107-1116,2,https://kinetics.nist.gov/solution/Detail?id=1961MCC/MAC1107-1116:2,empty,500,,2026-06-24T16:58:24.610031+00:00,data/new_solution/boundary_probe/boundary_20260624_161614/boundary_detail_1961MCC_MAC1107-1116_2_20260624T165822_a5df136af471.html,missing_record
http_error_mislabeled_empty,1961SLU989-1002:4,1961SLU989-1002,4,https://kinetics.nist.gov/solution/Detail?id=1961SLU989-1002:4,empty,500,,2026-06-24T16:38:13.054901+00:00,data/new_solution/boundary_probe/boundary_20260624_161614/boundary_detail_1961SLU989-1002_4_20260624T163811_55f290963640.html,missing_record
http_error_mislabeled_empty,1962DOR/TAU3051-3061:3,1962DOR/TAU3051-3061,3,https://kinetics.nist.gov/solution/Detail?id=1962DOR/TAU3051-3061:3,empty,500,,2026-06-24T16:34:19.472538+00:00,data/new_solution/boundary_probe/boundary_20260624_161614/boundary_detail_1962DOR_TAU3051-3061_3_20260624T163417_6d7f6f323072.html,missing_record
http_error_mislabeled_empty,1963APP/SCH3891-3892:6,1963APP/SCH3891-3892,6,https://kinetics.nist.gov/solution/Detail?id=1963APP/SCH3891-3892:6,empty,500,,2026-06-24T16:19:50.848180+00:00,data/new_solution/boundary_probe/boundary_20260624_161614/boundary_detail_1963APP_SCH3891-3892_6_20260624T161949_d00d812c113a.html,missing_record
http_error_mislabeled_empty,1964ASM/HEN657-663:7,1964ASM/HEN657-663,7,https://kinetics.nist.gov/solution/Detail?id=1964ASM/HEN657-663:7,empty,500,,2026-06-24T17:03:15.523401+00:00,data/new_solution/boundary_probe/boundary_20260624_161614/boundary_detail_1964ASM_HEN657-663_7_20260624T170313_16dd81ebbf79.html,missing_record
http_error_mislabeled_empty,1964SCH/SIM1738-1743:6,1964SCH/SIM1738-1743,6,https://kinetics.nist.gov/solution/Detail?id=1964SCH/SIM1738-1743:6,empty,500,,2026-06-24T16:22:33.256912+00:00,data/new_solution/boundary_probe/boundary_20260624_161614/boundary_detail_1964SCH_SIM1738-1743_6_20260624T162231_c232d0a13ce8.html,missing_record
http_error_mislabeled_empty,1965ADA/BOA492-505:4,1965ADA/BOA492-505,4,https://kinetics.nist.gov/solution/Detail?id=1965ADA/BOA492-505:4,empty,500,,2026-06-24T16:55:31.991263+00:00,data/new_solution/boundary_probe/boundary_20260624_161614/boundary_detail_1965ADA_BOA492-505_4_20260624T165530_f5b4d6328abb.html,missing_record
http_error_mislabeled_empty,1965BAX/FIE207-216B:3,1965BAX/FIE207-216B,3,https://kinetics.nist.gov/solution/Detail?id=1965BAX/FIE207-216B:3,empty,500,,2026-06-24T16:33:51.008606+00:00,data/new_solution/boundary_probe/boundary_20260624_161614/boundary_detail_1965BAX_FIE207-216B_3_20260624T163349_ccf34c2cab37.html,missing_record
http_error_mislabeled_empty,1965CER/EBE83-98B:5,1965CER/EBE83-98B,5,https://kinetics.nist.gov/solution/Detail?id=1965CER/EBE83-98B:5,empty,500,,2026-06-24T16:38:03.641594+00:00,data/new_solution/boundary_probe/boundary_20260624_161614/boundary_detail_1965CER_EBE83-98B_5_20260624T163801_f4783a16d733.html,missing_record
http_error_mislabeled_empty,1965HAI1149-1154:2,1965HAI1149-1154,2,https://kinetics.nist.gov/solution/Detail?id=1965HAI1149-1154:2,empty,500,,2026-06-24T17:02:51.504628+00:00,data/new_solution/boundary_probe/boundary_20260624_161614/boundary_detail_1965HAI1149-1154_2_20260624T170249_7e79f7cb080b.html,missing_record
http_error_mislabeled_empty,1965KEE/RAE99-106B:5,1965KEE/RAE99-106B,5,https://kinetics.nist.gov/solution/Detail?id=1965KEE/RAE99-106B:5,empty,500,,2026-06-24T16:46:46.430585+00:00,data/new_solution/boundary_probe/boundary_20260624_161614/boundary_detail_1965KEE_RAE99-106B_5_20260624T164644_7aba42d3fe4f.html,missing_record
http_error_mislabeled_empty,1965MAT/RAB1324-1335:7,1965MAT/RAB1324-1335,7,https://kinetics.nist.gov/solution/Detail?id=1965MAT/RAB1324-1335:7,empty,500,,2026-06-24T16:20:34.201974+00:00,data/new_solution/boundary_probe/boundary_20260624_161614/boundary_detail_1965MAT_RAB1324-1335_7_20260624T162032_c16d5b57af7c.html,missing_record
http_error_mislabeled_empty,1965MEI/HEN3-7:2,1965MEI/HEN3-7,2,https://kinetics.nist.gov/solution/Detail?id=1965MEI/HEN3-7:2,empty,500,,2026-06-24T16:25:24.990380+00:00,data/new_solution/boundary_probe/boundary_20260624_161614/boundary_detail_1965MEI_HEN3-7_2_20260624T162522_878130863137.html,missing_record
http_error_mislabeled_empty,1965NAV/STE1390-1394:3,1965NAV/STE1390-1394,3,https://kinetics.nist.gov/solution/Detail?id=1965NAV/STE1390-1394:3,empty,500,,2026-06-24T16:39:24.597033+00:00,data/new_solution/boundary_probe/boundary_20260624_161614/boundary_detail_1965NAV_STE1390-1394_3_20260624T163922_386b20f6a722.html,missing_record
http_error_mislabeled_empty,1965SUT/ADA61-81B:5,1965SUT/ADA61-81B,5,https://kinetics.nist.gov/solution/Detail?id=1965SUT/ADA61-81B:5,empty,500,,2026-06-24T17:00:24.000310+00:00,data/new_solution/boundary_probe/boundary_20260624_161614/boundary_detail_1965SUT_ADA61-81B_5_20260624T170022_7587649b4199.html,missing_record
http_error_mislabeled_empty,1966ADA/BOA321-341:3,1966ADA/BOA321-341,3,https://kinetics.nist.gov/solution/Detail?id=1966ADA/BOA321-341:3,empty,500,,2026-06-24T16:40:17.519426+00:00,data/new_solution/boundary_probe/boundary_20260624_161614/boundary_detail_1966ADA_BOA321-341_3_20260624T164015_44ce49000f72.html,missing_record
http_error_mislabeled_empty,1966AIR/DAI478-486:2,1966AIR/DAI478-486,2,https://kinetics.nist.gov/solution/Detail?id=1966AIR/DAI478-486:2,empty,500,,2026-06-24T16:56:58.411304+00:00,data/new_solution/boundary_probe/boundary_20260624_161614/boundary_detail_1966AIR_DAI478-486_2_20260624T165656_37bb3a9878c2.html,missing_record
http_error_mislabeled_empty,1966ANB/MEY742-747:38,1966ANB/MEY742-747,38,https://kinetics.nist.gov/solution/Detail?id=1966ANB/MEY742-747:38,empty,500,,2026-06-24T16:52:11.270210+00:00,data/new_solution/boundary_probe/boundary_20260624_161614/boundary_detail_1966ANB_MEY742-747_38_20260624T165209_cfc5ba66152c.html,missing_record
http_error_mislabeled_empty,1966BAX/KEE715-716:7,1966BAX/KEE715-716,7,https://kinetics.nist.gov/solution/Detail?id=1966BAX/KEE715-716:7,empty,500,,2026-06-24T17:00:47.657620+00:00,data/new_solution/boundary_probe/boundary_20260624_161614/boundary_detail_1966BAX_KEE715-716_7_20260624T170045_b76ed192ad01.html,missing_record
http_error_mislabeled_empty,1966NAV/STE3630-3640:7,1966NAV/STE3630-3640,7,https://kinetics.nist.gov/solution/Detail?id=1966NAV/STE3630-3640:7,empty,500,,2026-06-24T16:47:39.125871+00:00,data/new_solution/boundary_probe/boundary_20260624_161614/boundary_detail_1966NAV_STE3630-3640_7_20260624T164737_cfd1b47ecbf0.html,missing_record
http_error_mislabeled_empty,1966STO/SAN2907-2910:4,1966STO/SAN2907-2910,4,https://kinetics.nist.gov/solution/Detail?id=1966STO/SAN2907-2910:4,empty,500,,2026-06-24T16:34:00.505644+00:00,data/new_solution/boundary_probe/boundary_20260624_161614/boundary_detail_1966STO_SAN2907-2910_4_20260624T163358_5e1c1e6bb3e6.html,missing_record
http_error_mislabeled_empty,1966WEE/RAB2100-2106:4,1966WEE/RAB2100-2106,4,https://kinetics.nist.gov/solution/Detail?id=1966WEE/RAB2100-2106:4,empty,500,,2026-06-24T16:38:55.993283+00:00,data/new_solution/boundary_probe/boundary_20260624_161614/boundary_detail_1966WEE_RAB2100-2106_4_20260624T163854_091b6fa16cf5.html,missing_record
http_error_mislabeled_empty,1966ZEL/LIV1946-1954:2,1966ZEL/LIV1946-1954,2,https://kinetics.nist.gov/solution/Detail?id=1966ZEL/LIV1946-1954:2,empty,500,,2026-06-24T16:57:36.956235+00:00,data/new_solution/boundary_probe/boundary_20260624_161614/boundary_detail_1966ZEL_LIV1946-1954_2_20260624T165735_d3ee2e3e752b.html,missing_record
http_error_mislabeled_empty,1967AHR611-619:2,1967AHR611-619,2,https://kinetics.nist.gov/solution/Detail?id=1967AHR611-619:2,empty,500,,2026-06-24T16:25:53.536576+00:00,data/new_solution/boundary_probe/boundary_20260624_161614/boundary_detail_1967AHR611-619_2_20260624T162551_3684e61a8421.html,missing_record
http_error_mislabeled_empty,1967ANB/NET141-146:2,1967ANB/NET141-146,2,https://kinetics.nist.gov/solution/Detail?id=1967ANB/NET141-146:2,empty,500,,2026-06-24T17:03:01.099668+00:00,data/new_solution/boundary_probe/boundary_20260624_161614/boundary_detail_1967ANB_NET141-146_2_20260624T170259_97faf7550873.html,missing_record
http_error_mislabeled_empty,1967ANB/NET493-523:4,1967ANB/NET493-523,4,https://kinetics.nist.gov/solution/Detail?id=1967ANB/NET493-523:4,empty,500,,2026-06-24T16:40:03.213559+00:00,data/new_solution/boundary_probe/boundary_20260624_161614/boundary_detail_1967ANB_NET493-523_4_20260624T164001_8173a065fb02.html,missing_record
http_error_mislabeled_empty,1967DAN/WIG1024-1033:2,1967DAN/WIG1024-1033,2,https://kinetics.nist.gov/solution/Detail?id=1967DAN/WIG1024-1033:2,empty,500,,2026-06-24T16:40:12.661650+00:00,data/new_solution/boundary_probe/boundary_20260624_161614/boundary_detail_1967DAN_WIG1024-1033_2_20260624T164010_d61c462ce413.html,missing_record
http_error_mislabeled_empty,1967DOG/HAY3802-3808:15,1967DOG/HAY3802-3808,15,https://kinetics.nist.gov/solution/Detail?id=1967DOG/HAY3802-3808:15,empty,500,,2026-06-24T16:17:44.528103+00:00,data/new_solution/boundary_probe/boundary_20260624_161614/boundary_detail_1967DOG_HAY3802-3808_15_20260624T161742_ebaa6029ac5e.html,missing_record
http_error_mislabeled_empty,1967FEL/DOL132-138:4,1967FEL/DOL132-138,4,https://kinetics.nist.gov/solution/Detail?id=1967FEL/DOL132-138:4,empty,500,,2026-06-24T16:31:32.097042+00:00,data/new_solution/boundary_probe/boundary_20260624_161614/boundary_detail_1967FEL_DOL132-138_4_20260624T163130_5c81be3a7a16.html,missing_record
http_error_mislabeled_empty,1967HAR/FIE3993-3998:16,1967HAR/FIE3993-3998,16,https://kinetics.nist.gov/solution/Detail?id=1967HAR/FIE3993-3998:16,empty,500,,2026-06-24T16:33:36.839704+00:00,data/new_solution/boundary_probe/boundary_20260624_161614/boundary_detail_1967HAR_FIE3993-3998_16_20260624T163335_2d771f183f99.html,missing_record
http_error_mislabeled_empty,1967KRA303-309B:4,1967KRA303-309B,4,https://kinetics.nist.gov/solution/Detail?id=1967KRA303-309B:4,empty,500,,2026-06-24T17:01:01.934285+00:00,data/new_solution/boundary_probe/boundary_20260624_161614/boundary_detail_1967KRA303-309B_4_20260624T170100_fb6c63042aee.html,missing_record
http_error_mislabeled_empty,1967SUT688-690:6,1967SUT688-690,6,https://kinetics.nist.gov/solution/Detail?id=1967SUT688-690:6,empty,500,,2026-06-24T16:48:41.431035+00:00,data/new_solution/boundary_probe/boundary_20260624_161614/boundary_detail_1967SUT688-690_6_20260624T164839_bb1aeb162bdf.html,missing_record
http_error_mislabeled_empty,1967THO1919-1925:21,1967THO1919-1925,21,https://kinetics.nist.gov/solution/Detail?id=1967THO1919-1925:21,empty,500,,2026-06-24T17:04:36.567340+00:00,data/new_solution/boundary_probe/boundary_20260624_161614/boundary_detail_1967THO1919-1925_21_20260624T170434_36e89991c49d.html,missing_record
http_error_mislabeled_empty,1968AMP/ADA231-250:7,1968AMP/ADA231-250,7,https://kinetics.nist.gov/solution/Detail?id=1968AMP/ADA231-250:7,empty,500,,2026-06-24T16:50:26.222096+00:00,data/new_solution/boundary_probe/boundary_20260624_161614/boundary_detail_1968AMP_ADA231-250_7_20260624T165024_4ca07f46f71a.html,missing_record
http_error_mislabeled_empty,1968ASM/TAU3382-3387:2,1968ASM/TAU3382-3387,2,https://kinetics.nist.gov/solution/Detail?id=1968ASM/TAU3382-3387:2,empty,500,,2026-06-24T17:03:48.907037+00:00,data/new_solution/boundary_probe/boundary_20260624_161614/boundary_detail_1968ASM_TAU3382-3387_2_20260624T170347_a35c9252a61c.html,missing_record
http_error_mislabeled_empty,1968BAL/DAV1429-1433:4,1968BAL/DAV1429-1433,4,https://kinetics.nist.gov/solution/Detail?id=1968BAL/DAV1429-1433:4,empty,500,,2026-06-24T16:36:23.722038+00:00,data/new_solution/boundary_probe/boundary_20260624_161614/boundary_detail_1968BAL_DAV1429-1433_4_20260624T163622_59b60c545f47.html,missing_record
http_error_mislabeled_empty,1968BUX/DAI427-439:15,1968BUX/DAI427-439,15,https://kinetics.nist.gov/solution/Detail?id=1968BUX/DAI427-439:15,empty,500,,2026-06-25T07:18:57.859050+00:00,data/new_solution/boundary_probe/boundary_20260625_071124/boundary_detail_1968BUX_DAI427-439_15_20260625T071856_b9ffc68970ce.html,missing_record
http_error_mislabeled_empty,1968CZA/OTT75-83:3,1968CZA/OTT75-83,3,https://kinetics.nist.gov/solution/Detail?id=1968CZA/OTT75-83:3,empty,500,,2026-06-25T07:17:22.789339+00:00,data/new_solution/boundary_probe/boundary_20260625_071124/boundary_detail_1968CZA_OTT75-83_3_20260625T071721_f0c3b477e447.html,missing_record
http_error_mislabeled_empty,1968CZA/PEL421-436:2,1968CZA/PEL421-436,2,https://kinetics.nist.gov/solution/Detail?id=1968CZA/PEL421-436:2,empty,500,,2026-06-24T16:43:00.788756+00:00,data/new_solution/boundary_probe/boundary_20260624_161614/boundary_detail_1968CZA_PEL421-436_2_20260624T164258_a5afa2008883.html,missing_record
http_error_mislabeled_empty,1968GOL78-101:13,1968GOL78-101,13,https://kinetics.nist.gov/solution/Detail?id=1968GOL78-101:13,empty,500,,2026-06-24T16:16:50.687186+00:00,data/new_solution/boundary_probe/boundary_20260624_161614/boundary_detail_1968GOL78-101_13_20260624T161648_1878b5a86edb.html,missing_record
http_error_mislabeled_empty,1968LAN/SWA327-337:8,1968LAN/SWA327-337,8,https://kinetics.nist.gov/solution/Detail?id=1968LAN/SWA327-337:8,empty,500,,2026-06-24T16:36:33.146443+00:00,data/new_solution/boundary_probe/boundary_20260624_161614/boundary_detail_1968LAN_SWA327-337_8_20260624T163631_d2f345b723c8.html,missing_record
http_error_mislabeled_empty,1968LOM/EBE549-557:3,1968LOM/EBE549-557,3,https://kinetics.nist.gov/solution/Detail?id=1968LOM/EBE549-557:3,empty,500,,2026-06-24T17:04:12.934214+00:00,data/new_solution/boundary_probe/boundary_20260624_161614/boundary_detail_1968LOM_EBE549-557_3_20260624T170411_44c60125b5dd.html,missing_record
http_error_mislabeled_empty,1968RAB131-152:2,1968RAB131-152,2,https://kinetics.nist.gov/solution/Detail?id=1968RAB131-152:2,empty,500,,2026-06-25T07:19:45.649332+00:00,data/new_solution/boundary_probe/boundary_20260625_071124/boundary_detail_1968RAB131-152_2_20260625T071943_3138ea532916.html,missing_record
http_error_mislabeled_empty,1968WAR/KUO368-373:12,1968WAR/KUO368-373,12,https://kinetics.nist.gov/solution/Detail?id=1968WAR/KUO368-373:12,empty,500,,2026-06-24T16:39:05.438570+00:00,data/new_solution/boundary_probe/boundary_20260624_161614/boundary_detail_1968WAR_KUO368-373_12_20260624T163903_bc2fd3808ac2.html,missing_record
http_error_mislabeled_empty,1969ADA/WIL333-342:5,1969ADA/WIL333-342,5,https://kinetics.nist.gov/solution/Detail?id=1969ADA/WIL333-342:5,empty,500,,2026-06-24T16:30:43.969773+00:00,data/new_solution/boundary_probe/boundary_20260624_161614/boundary_detail_1969ADA_WIL333-342_5_20260624T163042_c028bc7458fd.html,missing_record
http_error_mislabeled_empty,1969AMI/CZA351-359:6,1969AMI/CZA351-359,6,https://kinetics.nist.gov/solution/Detail?id=1969AMI/CZA351-359:6,empty,500,,2026-06-25T07:17:32.173025+00:00,data/new_solution/boundary_probe/boundary_20260625_071124/boundary_detail_1969AMI_CZA351-359_6_20260625T071730_670f37d233de.html,missing_record
http_error_mislabeled_empty,1969ANB/MEY1812-1817:33,1969ANB/MEY1812-1817,33,https://kinetics.nist.gov/solution/Detail?id=1969ANB/MEY1812-1817:33,empty,500,,2026-06-24T17:05:29.153834+00:00,data/new_solution/boundary_probe/boundary_20260624_161614/boundary_detail_1969ANB_MEY1812-1817_33_20260624T170527_6aa93288e1a7.html,missing_record
http_error_mislabeled_empty,1969BAX/KHA11-24:8,1969BAX/KHA11-24,8,https://kinetics.nist.gov/solution/Detail?id=1969BAX/KHA11-24:8,empty,500,,2026-06-24T16:52:35.223114+00:00,data/new_solution/boundary_probe/boundary_20260624_161614/boundary_detail_1969BAX_KHA11-24_8_20260624T165233_ae0efeaac0b6.html,missing_record
http_error_mislabeled_empty,1969BOY/GHO2886-2890:2,1969BOY/GHO2886-2890,2,https://kinetics.nist.gov/solution/Detail?id=1969BOY/GHO2886-2890:2,empty,500,,2026-06-25T07:19:07.725071+00:00,data/new_solution/boundary_probe/boundary_20260625_071124/boundary_detail_1969BOY_GHO2886-2890_2_20260625T071906_9381fd22912b.html,missing_record
http_error_mislabeled_empty,1969GRA/HEN646-653:4,1969GRA/HEN646-653,4,https://kinetics.nist.gov/solution/Detail?id=1969GRA/HEN646-653:4,empty,500,,2026-06-24T16:57:03.176148+00:00,data/new_solution/boundary_probe/boundary_20260624_161614/boundary_detail_1969GRA_HEN646-653_4_20260624T165701_de548f97e1dc.html,missing_record
http_error_mislabeled_empty,1969JAY/KEE2453-2464:3,1969JAY/KEE2453-2464,3,https://kinetics.nist.gov/solution/Detail?id=1969JAY/KEE2453-2464:3,empty,500,,2026-06-24T17:06:26.412120+00:00,data/new_solution/boundary_probe/boundary_20260624_161614/boundary_detail_1969JAY_KEE2453-2464_3_20260624T170624_aaffecb8991e.html,missing_record
http_error_mislabeled_empty,1969LAN/SWA2117-2125:4,1969LAN/SWA2117-2125,4,https://kinetics.nist.gov/solution/Detail?id=1969LAN/SWA2117-2125:4,empty,500,,2026-06-24T16:27:05.133508+00:00,data/new_solution/boundary_probe/boundary_20260624_161614/boundary_detail_1969LAN_SWA2117-2125_4_20260624T162703_56519cf3a9a4.html,missing_record
http_error_mislabeled_empty,1969MAR306-321:3,1969MAR306-321,3,https://kinetics.nist.gov/solution/Detail?id=1969MAR306-321:3,empty,500,,2026-06-24T16:25:29.719770+00:00,data/new_solution/boundary_probe/boundary_20260624_161614/boundary_detail_1969MAR306-321_3_20260624T162528_5f7d549b9574.html,missing_record
http_error_mislabeled_empty,1969MOR/SCH433-440:3,1969MOR/SCH433-440,3,https://kinetics.nist.gov/solution/Detail?id=1969MOR/SCH433-440:3,empty,500,,2026-06-25T07:13:49.755948+00:00,data/new_solution/boundary_probe/boundary_20260625_071124/boundary_detail_1969MOR_SCH433-440_3_20260625T071347_c906e5bafca4.html,missing_record
http_error_mislabeled_empty,1969NET/DOR413-417:12,1969NET/DOR413-417,12,https://kinetics.nist.gov/solution/Detail?id=1969NET/DOR413-417:12,empty,500,,2026-06-24T16:30:15.437317+00:00,data/new_solution/boundary_probe/boundary_20260624_161614/boundary_detail_1969NET_DOR413-417_12_20260624T163013_5d700db31b44.html,missing_record
http_error_mislabeled_empty,1969ROE/REN39-44:9,1969ROE/REN39-44,9,https://kinetics.nist.gov/solution/Detail?id=1969ROE/REN39-44:9,empty,500,,2026-06-25T07:16:11.670547+00:00,data/new_solution/boundary_probe/boundary_20260625_071124/boundary_detail_1969ROE_REN39-44_9_20260625T071609_cf209af2eb68.html,missing_record
http_error_mislabeled_empty,1969SIM/NET3794-3800:4,1969SIM/NET3794-3800,4,https://kinetics.nist.gov/solution/Detail?id=1969SIM/NET3794-3800:4,empty,500,,2026-06-24T16:30:20.250529+00:00,data/new_solution/boundary_probe/boundary_20260624_161614/boundary_detail_1969SIM_NET3794-3800_4_20260624T163018_24598fc3d1ab.html,missing_record
http_error_mislabeled_empty,1969VAC/VON1256-1257:2,1969VAC/VON1256-1257,2,https://kinetics.nist.gov/solution/Detail?id=1969VAC/VON1256-1257:2,empty,500,,2026-06-24T16:51:04.405725+00:00,data/new_solution/boundary_probe/boundary_20260624_161614/boundary_detail_1969VAC_VON1256-1257_2_20260624T165102_26eec880cf1c.html,missing_record
http_error_mislabeled_empty,1970BAR/FOW1509-1519:5,1970BAR/FOW1509-1519,5,https://kinetics.nist.gov/solution/Detail?id=1970BAR/FOW1509-1519:5,empty,500,,2026-06-24T17:00:28.787823+00:00,data/new_solution/boundary_probe/boundary_20260624_161614/boundary_detail_1970BAR_FOW1509-1519_5_20260624T170027_e8c372ca6e85.html,missing_record
http_error_mislabeled_empty,1970BAX/ROD1246-1250:7,1970BAX/ROD1246-1250,7,https://kinetics.nist.gov/solution/Detail?id=1970BAX/ROD1246-1250:7,empty,500,,2026-06-24T16:44:22.344081+00:00,data/new_solution/boundary_probe/boundary_20260624_161614/boundary_detail_1970BAX_ROD1246-1250_7_20260624T164420_965302efa03b.html,missing_record
http_error_mislabeled_empty,1970BEN/BRO386-396:5,1970BEN/BRO386-396,5,https://kinetics.nist.gov/solution/Detail?id=1970BEN/BRO386-396:5,empty,500,,2026-06-24T16:33:08.050376+00:00,data/new_solution/boundary_probe/boundary_20260624_161614/boundary_detail_1970BEN_BRO386-396_5_20260624T163306_d18bb3e8607e.html,missing_record
http_error_mislabeled_empty,1970BET/WIL1178-1179:3,1970BET/WIL1178-1179,3,https://kinetics.nist.gov/solution/Detail?id=1970BET/WIL1178-1179:3,empty,500,,2026-06-24T16:26:26.659996+00:00,data/new_solution/boundary_probe/boundary_20260624_161614/boundary_detail_1970BET_WIL1178-1179_3_20260624T162624_7861874c2f5d.html,missing_record
http_error_mislabeled_empty,1970BUX1656-1660:5,1970BUX1656-1660,5,https://kinetics.nist.gov/solution/Detail?id=1970BUX1656-1660:5,empty,500,,2026-06-24T16:47:43.933489+00:00,data/new_solution/boundary_probe/boundary_20260624_161614/boundary_detail_1970BUX1656-1660_5_20260624T164742_c497bbb1b34f.html,missing_record
http_error_mislabeled_empty,1970DAV/EBE87-93B:7,1970DAV/EBE87-93B,7,https://kinetics.nist.gov/solution/Detail?id=1970DAV/EBE87-93B:7,empty,500,,2026-06-25T07:14:56.017984+00:00,data/new_solution/boundary_probe/boundary_20260625_071124/boundary_detail_1970DAV_EBE87-93B_7_20260625T071454_895defd7ad66.html,missing_record
http_error_mislabeled_empty,1970LAN/SWA1890-1894:4,1970LAN/SWA1890-1894,4,https://kinetics.nist.gov/solution/Detail?id=1970LAN/SWA1890-1894:4,empty,500,,2026-06-24T17:01:54.247943+00:00,data/new_solution/boundary_probe/boundary_20260624_161614/boundary_detail_1970LAN_SWA1890-1894_4_20260624T170152_a73c28308c4a.html,missing_record
http_error_mislabeled_empty,1970LOE/LUT141-146:2,1970LOE/LUT141-146,2,https://kinetics.nist.gov/solution/Detail?id=1970LOE/LUT141-146:2,empty,500,,2026-06-24T16:50:54.738774+00:00,data/new_solution/boundary_probe/boundary_20260624_161614/boundary_detail_1970LOE_LUT141-146_2_20260624T165053_c6b0f18c71f6.html,missing_record
http_error_mislabeled_empty,1970PHI/WOR34-44:5,1970PHI/WOR34-44,5,https://kinetics.nist.gov/solution/Detail?id=1970PHI/WOR34-44:5,empty,500,,2026-06-24T16:26:31.565179+00:00,data/new_solution/boundary_probe/boundary_20260624_161614/boundary_detail_1970PHI_WOR34-44_5_20260624T162629_52ca9a8df5bc.html,missing_record
http_error_mislabeled_empty,1970SAM/CZA563-573:2,1970SAM/CZA563-573,2,https://kinetics.nist.gov/solution/Detail?id=1970SAM/CZA563-573:2,empty,500,,2026-06-24T16:27:24.107772+00:00,data/new_solution/boundary_probe/boundary_20260624_161614/boundary_detail_1970SAM_CZA563-573_2_20260624T162722_98effb7e9263.html,missing_record
http_error_mislabeled_empty,1970SED/YOU393-394:2,1970SED/YOU393-394,2,https://kinetics.nist.gov/solution/Detail?id=1970SED/YOU393-394:2,empty,500,,2026-06-24T16:38:46.555850+00:00,data/new_solution/boundary_probe/boundary_20260624_161614/boundary_detail_1970SED_YOU393-394_2_20260624T163844_b0ba5df54b28.html,missing_record
http_error_mislabeled_empty,1970SIM/NET4763-4768:7,1970SIM/NET4763-4768,7,https://kinetics.nist.gov/solution/Detail?id=1970SIM/NET4763-4768:7,empty,500,,2026-06-24T17:04:17.653625+00:00,data/new_solution/boundary_probe/boundary_20260624_161614/boundary_detail_1970SIM_NET4763-4768_7_20260624T170415_3682269daa7c.html,missing_record
http_error_mislabeled_empty,1970THE/PET180p:8,1970THE/PET180p,8,https://kinetics.nist.gov/solution/Detail?id=1970THE/PET180p:8,empty,500,,2026-06-25T07:19:17.224410+00:00,data/new_solution/boundary_probe/boundary_20260625_071124/boundary_detail_1970THE_PET180p_8_20260625T071915_77122042d836.html,missing_record
http_error_mislabeled_empty,1970THO/LAU443-444:3,1970THO/LAU443-444,3,https://kinetics.nist.gov/solution/Detail?id=1970THO/LAU443-444:3,empty,500,,2026-06-24T17:05:11.604288+00:00,data/new_solution/boundary_probe/boundary_20260624_161614/boundary_detail_1970THO_LAU443-444_3_20260624T170503_7f1fdcb2e0c9.html,missing_record
http_error_mislabeled_empty,1970TRE/HAY5821-5828:6,1970TRE/HAY5821-5828,6,https://kinetics.nist.gov/solution/Detail?id=1970TRE/HAY5821-5828:6,empty,500,,2026-06-24T17:00:00.172269+00:00,data/new_solution/boundary_probe/boundary_20260624_161614/boundary_detail_1970TRE_HAY5821-5828_6_20260624T165958_310cf7c72d27.html,missing_record
http_error_mislabeled_empty,1970WIL/CVE2949-2952:13,1970WIL/CVE2949-2952,13,https://kinetics.nist.gov/solution/Detail?id=1970WIL/CVE2949-2952:13,empty,500,,2026-06-25T07:19:21.998710+00:00,data/new_solution/boundary_probe/boundary_20260625_071124/boundary_detail_1970WIL_CVE2949-2952_13_20260625T071920_1909361827eb.html,missing_record
http_error_mislabeled_empty,1970WIL349-358:11,1970WIL349-358,11,https://kinetics.nist.gov/solution/Detail?id=1970WIL349-358:11,empty,500,,2026-06-24T16:18:03.938073+00:00,data/new_solution/boundary_probe/boundary_20260624_161614/boundary_detail_1970WIL349-358_11_20260624T161802_de1addd75b64.html,missing_record
http_error_mislabeled_empty,1971COH/MEY4179-4183:6,1971COH/MEY4179-4183,6,https://kinetics.nist.gov/solution/Detail?id=1971COH/MEY4179-4183:6,empty,500,,2026-06-24T16:30:53.802525+00:00,data/new_solution/boundary_probe/boundary_20260624_161614/boundary_detail_1971COH_MEY4179-4183_6_20260624T163052_47c1a258103c.html,missing_record
http_error_mislabeled_empty,1971CZA/MEI11-16:2,1971CZA/MEI11-16,2,https://kinetics.nist.gov/solution/Detail?id=1971CZA/MEI11-16:2,empty,500,,2026-06-24T16:38:36.939591+00:00,data/new_solution/boundary_probe/boundary_20260624_161614/boundary_detail_1971CZA_MEI11-16_2_20260624T163835_2c58337d2e01.html,missing_record
http_error_mislabeled_empty,1971DRA/DRA608-612:4,1971DRA/DRA608-612,4,https://kinetics.nist.gov/solution/Detail?id=1971DRA/DRA608-612:4,empty,500,,2026-06-24T16:44:46.604295+00:00,data/new_solution/boundary_probe/boundary_20260624_161614/boundary_detail_1971DRA_DRA608-612_4_20260624T164444_cb7f79cc2170.html,missing_record
http_error_mislabeled_empty,1971FIE/ROB355-362:8,1971FIE/ROB355-362,8,https://kinetics.nist.gov/solution/Detail?id=1971FIE/ROB355-362:8,empty,500,,2026-06-24T16:49:48.111219+00:00,data/new_solution/boundary_probe/boundary_20260624_161614/boundary_detail_1971FIE_ROB355-362_8_20260624T164946_ceeaef2aa25c.html,missing_record
http_error_mislabeled_empty,1971FOO/DEN5168-5171:16,1971FOO/DEN5168-5171,16,https://kinetics.nist.gov/solution/Detail?id=1971FOO/DEN5168-5171:16,empty,500,,2026-06-24T16:25:34.434291+00:00,data/new_solution/boundary_probe/boundary_20260624_161614/boundary_detail_1971FOO_DEN5168-5171_16_20260624T162532_7730d9ee82a0.html,missing_record
http_error_mislabeled_empty,1971HAY/IBA5388-5394:19,1971HAY/IBA5388-5394,19,https://kinetics.nist.gov/solution/Detail?id=1971HAY/IBA5388-5394:19,empty,500,,2026-06-24T16:17:20.210322+00:00,data/new_solution/boundary_probe/boundary_20260624_161614/boundary_detail_1971HAY_IBA5388-5394_19_20260624T161718_2dea2a94ea3a.html,missing_record
http_error_mislabeled_empty,1971HAY/SIM357-369:3,1971HAY/SIM357-369,3,https://kinetics.nist.gov/solution/Detail?id=1971HAY/SIM357-369:3,empty,500,,2026-06-24T16:46:55.963071+00:00,data/new_solution/boundary_probe/boundary_20260624_161614/boundary_detail_1971HAY_SIM357-369_3_20260624T164654_46714cfa27b8.html,missing_record
http_error_mislabeled_empty,1971HAY/SIM6781-6786:28,1971HAY/SIM6781-6786,28,https://kinetics.nist.gov/solution/Detail?id=1971HAY/SIM6781-6786:28,empty,500,,2026-06-25T07:15:05.415508+00:00,data/new_solution/boundary_probe/boundary_20260625_071124/boundary_detail_1971HAY_SIM6781-6786_28_20260625T071503_a64725e6676f.html,missing_record
http_error_mislabeled_empty,1971KON/STE37-38:2,1971KON/STE37-38,2,https://kinetics.nist.gov/solution/Detail?id=1971KON/STE37-38:2,empty,500,,2026-06-24T16:56:15.278837+00:00,data/new_solution/boundary_probe/boundary_20260624_161614/boundary_detail_1971KON_STE37-38_2_20260624T165613_c152e787b6df.html,missing_record
http_error_mislabeled_empty,1971LAN/SWA34-42:5,1971LAN/SWA34-42,5,https://kinetics.nist.gov/solution/Detail?id=1971LAN/SWA34-42:5,empty,500,,2026-06-24T16:18:23.600389+00:00,data/new_solution/boundary_probe/boundary_20260624_161614/boundary_detail_1971LAN_SWA34-42_5_20260624T161821_08608a646110.html,missing_record
http_error_mislabeled_empty,1971MAS/OVA447-459:5,1971MAS/OVA447-459,5,https://kinetics.nist.gov/solution/Detail?id=1971MAS/OVA447-459:5,empty,500,,2026-06-24T16:21:45.720335+00:00,data/new_solution/boundary_probe/boundary_20260624_161614/boundary_detail_1971MAS_OVA447-459_5_20260624T162144_59083d8b567a.html,missing_record
http_error_mislabeled_empty,1971NET/FES1654-1666:60,1971NET/FES1654-1666,60,https://kinetics.nist.gov/solution/Detail?id=1971NET/FES1654-1666:60,empty,500,,2026-06-24T16:28:16.496196+00:00,data/new_solution/boundary_probe/boundary_20260624_161614/boundary_detail_1971NET_FES1654-1666_60_20260624T162814_a34a235ca88d.html,missing_record
http_error_mislabeled_empty,1971NET/SCH612-627:58,1971NET/SCH612-627,58,https://kinetics.nist.gov/solution/Detail?id=1971NET/SCH612-627:58,empty,500,,2026-06-24T16:25:58.265990+00:00,data/new_solution/boundary_probe/boundary_20260624_161614/boundary_detail_1971NET_SCH612-627_58_20260624T162556_a9de5bebd640.html,missing_record
http_error_mislabeled_empty,1971OHN/SAK3265-3268:2,1971OHN/SAK3265-3268,2,https://kinetics.nist.gov/solution/Detail?id=1971OHN/SAK3265-3268:2,empty,500,,2026-06-25T07:13:54.470014+00:00,data/new_solution/boundary_probe/boundary_20260625_071124/boundary_detail_1971OHN_SAK3265-3268_2_20260625T071352_c815de5ee3b8.html,missing_record
http_error_mislabeled_empty,1971PAT/BAN152-153:2,1971PAT/BAN152-153,2,https://kinetics.nist.gov/solution/Detail?id=1971PAT/BAN152-153:2,empty,500,,2026-06-24T17:01:16.088857+00:00,data/new_solution/boundary_probe/boundary_20260624_161614/boundary_detail_1971PAT_BAN152-153_2_20260624T170114_16ca2c69f453.html,missing_record
http_error_mislabeled_empty,1971PHI/FIL105-111:25,1971PHI/FIL105-111,25,https://kinetics.nist.gov/solution/Detail?id=1971PHI/FIL105-111:25,empty,500,,2026-06-24T16:58:00.872049+00:00,data/new_solution/boundary_probe/boundary_20260624_161614/boundary_detail_1971PHI_FIL105-111_25_20260624T165759_d4db16a07c21.html,missing_record
http_error_mislabeled_empty,1971SIM/NET309-320:12,1971SIM/NET309-320,12,https://kinetics.nist.gov/solution/Detail?id=1971SIM/NET309-320:12,empty,500,,2026-06-24T16:45:53.451054+00:00,data/new_solution/boundary_probe/boundary_20260624_161614/boundary_detail_1971SIM_NET309-320_12_20260624T164551_da44c9d139d1.html,missing_record
http_error_mislabeled_empty,1971YOU/WEH5774-5779:27,1971YOU/WEH5774-5779,27,https://kinetics.nist.gov/solution/Detail?id=1971YOU/WEH5774-5779:27,empty,500,,2026-06-24T16:28:26.135041+00:00,data/new_solution/boundary_probe/boundary_20260624_161614/boundary_detail_1971YOU_WEH5774-5779_27_20260624T162824_21e6443661e6.html,missing_record
http_error_mislabeled_empty,1972ADA/ALD278-289:31,1972ADA/ALD278-289,31,https://kinetics.nist.gov/solution/Detail?id=1972ADA/ALD278-289:31,empty,500,,2026-06-24T16:50:21.402579+00:00,data/new_solution/boundary_probe/boundary_20260624_161614/boundary_detail_1972ADA_ALD278-289_31_20260624T165019_f78f1a3bebc2.html,missing_record
http_error_mislabeled_empty,1972ADA/BIS290-299:3,1972ADA/BIS290-299,3,https://kinetics.nist.gov/solution/Detail?id=1972ADA/BIS290-299:3,empty,500,,2026-06-24T17:00:19.286260+00:00,data/new_solution/boundary_probe/boundary_20260624_161614/boundary_detail_1972ADA_BIS290-299_3_20260624T170017_7218171b07d5.html,missing_record
http_error_mislabeled_empty,1972BAR/GIL302-307:5,1972BAR/GIL302-307,5,https://kinetics.nist.gov/solution/Detail?id=1972BAR/GIL302-307:5,empty,500,,2026-06-24T16:17:10.115192+00:00,data/new_solution/boundary_probe/boundary_20260624_161614/boundary_detail_1972BAR_GIL302-307_5_20260624T161708_e86b88a3b67e.html,missing_record
http_error_mislabeled_empty,1972BAS/LER319-322:5,1972BAS/LER319-322,5,https://kinetics.nist.gov/solution/Detail?id=1972BAS/LER319-322:5,empty,500,,2026-06-24T16:48:55.696156+00:00,data/new_solution/boundary_probe/boundary_20260624_161614/boundary_detail_1972BAS_LER319-322_5_20260624T164853_a7a585161119.html,missing_record
http_error_mislabeled_empty,1972COO/DEG2618-2625:3,1972COO/DEG2618-2625,3,https://kinetics.nist.gov/solution/Detail?id=1972COO/DEG2618-2625:3,empty,500,,2026-06-24T16:47:24.764873+00:00,data/new_solution/boundary_probe/boundary_20260624_161614/boundary_detail_1972COO_DEG2618-2625_3_20260624T164723_43a134f1d515.html,missing_record
http_error_mislabeled_empty,1972DAL/MAG411-419:13,1972DAL/MAG411-419,13,https://kinetics.nist.gov/solution/Detail?id=1972DAL/MAG411-419:13,empty,500,,2026-06-24T16:31:27.372392+00:00,data/new_solution/boundary_probe/boundary_20260624_161614/boundary_detail_1972DAL_MAG411-419_13_20260624T163125_b06e357a5679.html,missing_record
http_error_mislabeled_empty,1972ELL/SAL23-36:3,1972ELL/SAL23-36,3,https://kinetics.nist.gov/solution/Detail?id=1972ELL/SAL23-36:3,empty,500,,2026-06-24T16:45:29.515893+00:00,data/new_solution/boundary_probe/boundary_20260624_161614/boundary_detail_1972ELL_SAL23-36_3_20260624T164527_ecc47f55a35f.html,missing_record
http_error_mislabeled_empty,1972HAY76-77:2,1972HAY76-77,2,https://kinetics.nist.gov/solution/Detail?id=1972HAY76-77:2,empty,500,,2026-06-24T16:16:55.498581+00:00,data/new_solution/boundary_probe/boundary_20260624_161614/boundary_detail_1972HAY76-77_2_20260624T161653_7742a0d96012.html,missing_record
http_error_mislabeled_empty,1972KLU/RAB4839-4842:2,1972KLU/RAB4839-4842,2,https://kinetics.nist.gov/solution/Detail?id=1972KLU/RAB4839-4842:2,empty,500,,2026-06-24T16:42:22.163544+00:00,data/new_solution/boundary_probe/boundary_20260624_161614/boundary_detail_1972KLU_RAB4839-4842_2_20260624T164220_7cc028bd283a.html,missing_record
http_error_mislabeled_empty,1972MAL/END2223-2229:5,1972MAL/END2223-2229,5,https://kinetics.nist.gov/solution/Detail?id=1972MAL/END2223-2229:5,empty,500,,2026-06-24T16:23:16.159121+00:00,data/new_solution/boundary_probe/boundary_20260624_161614/boundary_detail_1972MAL_END2223-2229_5_20260624T162314_1ce7b50e3690.html,missing_record
http_error_mislabeled_empty,1972NET/SCH2673-2679:24,1972NET/SCH2673-2679,24,https://kinetics.nist.gov/solution/Detail?id=1972NET/SCH2673-2679:24,empty,500,,2026-06-25T07:15:19.612342+00:00,data/new_solution/boundary_probe/boundary_20260625_071124/boundary_detail_1972NET_SCH2673-2679_24_20260625T071517_f67b5676a777.html,missing_record
http_error_mislabeled_empty,1972PET/NET630-635:16,1972PET/NET630-635,16,https://kinetics.nist.gov/solution/Detail?id=1972PET/NET630-635:16,empty,500,,2026-06-24T16:34:24.504951+00:00,data/new_solution/boundary_probe/boundary_20260624_161614/boundary_detail_1972PET_NET630-635_16_20260624T163422_86915e690482.html,missing_record
http_error_mislabeled_empty,1972RAZ/ZAI468-472:30,1972RAZ/ZAI468-472,30,https://kinetics.nist.gov/solution/Detail?id=1972RAZ/ZAI468-472:30,empty,500,,2026-06-24T16:31:22.610293+00:00,data/new_solution/boundary_probe/boundary_20260624_161614/boundary_detail_1972RAZ_ZAI468-472_30_20260624T163120_68afa71b0382.html,missing_record
http_error_mislabeled_empty,1972SCH649-659:12,1972SCH649-659,12,https://kinetics.nist.gov/solution/Detail?id=1972SCH649-659:12,empty,500,,2026-06-24T16:31:13.185143+00:00,data/new_solution/boundary_probe/boundary_20260624_161614/boundary_detail_1972SCH649-659_12_20260624T163111_f84f13ad4f22.html,missing_record
http_error_mislabeled_empty,1972SMI186-190:6,1972SMI186-190,6,https://kinetics.nist.gov/solution/Detail?id=1972SMI186-190:6,empty,500,,2026-06-25T07:13:07.066488+00:00,data/new_solution/boundary_probe/boundary_20260625_071124/boundary_detail_1972SMI186-190_6_20260625T071305_c6e869d1df47.html,missing_record
http_error_mislabeled_empty,1972WIL401-403:2,1972WIL401-403,2,https://kinetics.nist.gov/solution/Detail?id=1972WIL401-403:2,empty,500,,2026-06-25T07:11:50.721074+00:00,data/new_solution/boundary_probe/boundary_20260625_071124/boundary_detail_1972WIL401-403_2_20260625T071148_5d119d9afc2b.html,missing_record
http_error_mislabeled_empty,1972ZEH/RAB3703-3709:10,1972ZEH/RAB3703-3709,10,https://kinetics.nist.gov/solution/Detail?id=1972ZEH/RAB3703-3709:10,empty,500,,2026-06-24T16:19:31.592039+00:00,data/new_solution/boundary_probe/boundary_20260624_161614/boundary_detail_1972ZEH_RAB3703-3709_10_20260624T161929_e1f4e7fd896e.html,missing_record
http_error_mislabeled_empty,1973BUX/SEL555-559:3,1973BUX/SEL555-559,3,https://kinetics.nist.gov/solution/Detail?id=1973BUX/SEL555-559:3,empty,500,,2026-06-24T16:16:26.504485+00:00,data/new_solution/boundary_probe/boundary_20260624_161614/boundary_detail_1973BUX_SEL555-559_3_20260624T161624_a1f466570a05.html,missing_record
http_error_mislabeled_empty,1973EAG/KAB1920-1922:2,1973EAG/KAB1920-1922,2,https://kinetics.nist.gov/solution/Detail?id=1973EAG/KAB1920-1922:2,empty,500,,2026-06-24T16:48:03.111118+00:00,data/new_solution/boundary_probe/boundary_20260624_161614/boundary_detail_1973EAG_KAB1920-1922_2_20260624T164801_41e6528d6afa.html,missing_record
http_error_mislabeled_empty,1973ELL/GRE1724-1728:9,1973ELL/GRE1724-1728,9,https://kinetics.nist.gov/solution/Detail?id=1973ELL/GRE1724-1728:9,empty,500,,2026-06-24T16:42:12.356074+00:00,data/new_solution/boundary_probe/boundary_20260624_161614/boundary_detail_1973ELL_GRE1724-1728_9_20260624T164210_5310ad3bd9a4.html,missing_record
http_error_mislabeled_empty,1973ERI/HEN337-345:3,1973ERI/HEN337-345,3,https://kinetics.nist.gov/solution/Detail?id=1973ERI/HEN337-345:3,empty,500,,2026-06-24T16:29:47.101862+00:00,data/new_solution/boundary_probe/boundary_20260624_161614/boundary_detail_1973ERI_HEN337-345_3_20260624T162945_c619855ff28c.html,missing_record
http_error_mislabeled_empty,1973FAR/MIH2309-2315:6,1973FAR/MIH2309-2315,6,https://kinetics.nist.gov/solution/Detail?id=1973FAR/MIH2309-2315:6,empty,500,,2026-06-24T16:18:33.437430+00:00,data/new_solution/boundary_probe/boundary_20260624_161614/boundary_detail_1973FAR_MIH2309-2315_6_20260624T161831_10677f12e244.html,missing_record
http_error_mislabeled_empty,1973FAR/WIL447-450:8,1973FAR/WIL447-450,8,https://kinetics.nist.gov/solution/Detail?id=1973FAR/WIL447-450:8,empty,500,,2026-06-25T07:12:05.170709+00:00,data/new_solution/boundary_probe/boundary_20260625_071124/boundary_detail_1973FAR_WIL447-450_8_20260625T071203_adf9b31ed7fe.html,missing_record
http_error_mislabeled_empty,1973FUR/HOW369-374:16,1973FUR/HOW369-374,16,https://kinetics.nist.gov/solution/Detail?id=1973FUR/HOW369-374:16,empty,500,,2026-06-24T16:53:51.415556+00:00,data/new_solution/boundary_probe/boundary_20260624_161614/boundary_detail_1973FUR_HOW369-374_16_20260624T165349_5e3b919c3ea4.html,missing_record
http_error_mislabeled_empty,1973GRA/GET393-403:10,1973GRA/GET393-403,10,https://kinetics.nist.gov/solution/Detail?id=1973GRA/GET393-403:10,empty,500,,2026-06-24T16:20:53.157504+00:00,data/new_solution/boundary_probe/boundary_20260624_161614/boundary_detail_1973GRA_GET393-403_10_20260624T162051_39d700258165.html,missing_record
http_error_mislabeled_empty,1973HAY/SIM1029-1035:2,1973HAY/SIM1029-1035,2,https://kinetics.nist.gov/solution/Detail?id=1973HAY/SIM1029-1035:2,empty,500,,2026-06-24T16:37:01.542707+00:00,data/new_solution/boundary_probe/boundary_20260624_161614/boundary_detail_1973HAY_SIM1029-1035_2_20260624T163659_df83b8ebd11b.html,missing_record
http_error_mislabeled_empty,1973LAM/PAL6095-6103:7,1973LAM/PAL6095-6103,7,https://kinetics.nist.gov/solution/Detail?id=1973LAM/PAL6095-6103:7,empty,500,,2026-06-24T16:55:08.158819+00:00,data/new_solution/boundary_probe/boundary_20260624_161614/boundary_detail_1973LAM_PAL6095-6103_7_20260624T165506_1f967d368830.html,missing_record
http_error_mislabeled_empty,1973MAS/NAK339-345:12,1973MAS/NAK339-345,12,https://kinetics.nist.gov/solution/Detail?id=1973MAS/NAK339-345:12,empty,500,,2026-06-24T16:30:29.669733+00:00,data/new_solution/boundary_probe/boundary_20260624_161614/boundary_detail_1973MAS_NAK339-345_12_20260624T163027_f60b35b33178.html,missing_record
http_error_mislabeled_empty,1973MEI/CZA4148-4153:5,1973MEI/CZA4148-4153,5,https://kinetics.nist.gov/solution/Detail?id=1973MEI/CZA4148-4153:5,empty,500,,2026-06-24T16:17:39.589273+00:00,data/new_solution/boundary_probe/boundary_20260624_161614/boundary_detail_1973MEI_CZA4148-4153_5_20260624T161737_013f71865f3f.html,missing_record
http_error_mislabeled_empty,1973MIA/BAR742-749:3,1973MIA/BAR742-749,3,https://kinetics.nist.gov/solution/Detail?id=1973MIA/BAR742-749:3,empty,500,,2026-06-24T16:44:32.183942+00:00,data/new_solution/boundary_probe/boundary_20260624_161614/boundary_detail_1973MIA_BAR742-749_3_20260624T164430_2c947ff798e3.html,missing_record
http_error_mislabeled_empty,1973MIH/HEN1577-1580:2,1973MIH/HEN1577-1580,2,https://kinetics.nist.gov/solution/Detail?id=1973MIH/HEN1577-1580:2,empty,500,,2026-06-24T16:37:44.650290+00:00,data/new_solution/boundary_probe/boundary_20260624_161614/boundary_detail_1973MIH_HEN1577-1580_2_20260624T163742_9411d0346634.html,missing_record
http_error_mislabeled_empty,1973MUR/RAO35-38:2,1973MUR/RAO35-38,2,https://kinetics.nist.gov/solution/Detail?id=1973MUR/RAO35-38:2,empty,500,,2026-06-24T16:50:30.932337+00:00,data/new_solution/boundary_probe/boundary_20260624_161614/boundary_detail_1973MUR_RAO35-38_2_20260624T165029_3b8f7a738ad4.html,missing_record
http_error_mislabeled_empty,1973OLM/AKA6211-6215:6,1973OLM/AKA6211-6215,6,https://kinetics.nist.gov/solution/Detail?id=1973OLM/AKA6211-6215:6,empty,500,,2026-06-24T16:47:58.354905+00:00,data/new_solution/boundary_probe/boundary_20260624_161614/boundary_detail_1973OLM_AKA6211-6215_6_20260624T164756_cadc45ac07e0.html,missing_record
http_error_mislabeled_empty,1973PHI/POW575-582:4,1973PHI/POW575-582,4,https://kinetics.nist.gov/solution/Detail?id=1973PHI/POW575-582:4,empty,500,,2026-06-24T16:21:31.415423+00:00,data/new_solution/boundary_probe/boundary_20260624_161614/boundary_detail_1973PHI_POW575-582_4_20260624T162129_905d42a7d6df.html,missing_record
http_error_mislabeled_empty,1973PHI/POW8-17:14,1973PHI/POW8-17,14,https://kinetics.nist.gov/solution/Detail?id=1973PHI/POW8-17:14,empty,500,,2026-06-24T16:47:34.397143+00:00,data/new_solution/boundary_probe/boundary_20260624_161614/boundary_detail_1973PHI_POW8-17_14_20260624T164732_9414666af4bb.html,missing_record
http_error_mislabeled_empty,1973PIK/SIB339-342:6,1973PIK/SIB339-342,6,https://kinetics.nist.gov/solution/Detail?id=1973PIK/SIB339-342:6,empty,500,,2026-06-24T16:19:07.579115+00:00,data/new_solution/boundary_probe/boundary_20260624_161614/boundary_detail_1973PIK_SIB339-342_6_20260624T161905_c85c1a618c29.html,missing_record
http_error_mislabeled_empty,1973RAB/KLU1169-1175:3,1973RAB/KLU1169-1175,3,https://kinetics.nist.gov/solution/Detail?id=1973RAB/KLU1169-1175:3,empty,500,,2026-06-24T16:49:19.391534+00:00,data/new_solution/boundary_probe/boundary_20260624_161614/boundary_detail_1973RAB_KLU1169-1175_3_20260624T164917_0ebcb8775bc2.html,missing_record
http_error_mislabeled_empty,1973RAO/HAY344-346:49,1973RAO/HAY344-346,49,https://kinetics.nist.gov/solution/Detail?id=1973RAO/HAY344-346:49,empty,500,,2026-06-24T16:47:00.969183+00:00,data/new_solution/boundary_probe/boundary_20260624_161614/boundary_detail_1973RAO_HAY344-346_49_20260624T164658_fb898cf2bd20.html,missing_record
http_error_mislabeled_empty,1973RED/WIL51-65:10,1973RED/WIL51-65,10,https://kinetics.nist.gov/solution/Detail?id=1973RED/WIL51-65:10,empty,500,,2026-06-24T16:49:00.419149+00:00,data/new_solution/boundary_probe/boundary_20260624_161614/boundary_detail_1973RED_WIL51-65_10_20260624T164858_e397c9d546af.html,missing_record
http_error_mislabeled_empty,1973REU/GRE533-536:16,1973REU/GRE533-536,16,https://kinetics.nist.gov/solution/Detail?id=1973REU/GRE533-536:16,empty,500,,2026-06-24T16:40:36.493945+00:00,data/new_solution/boundary_probe/boundary_20260624_161614/boundary_detail_1973REU_GRE533-536_16_20260624T164034_7dfd0df6bca1.html,missing_record
http_error_mislabeled_empty,1973ROB/SCH707-718:5,1973ROB/SCH707-718,5,https://kinetics.nist.gov/solution/Detail?id=1973ROB/SCH707-718:5,empty,500,,2026-06-24T16:31:03.527784+00:00,data/new_solution/boundary_probe/boundary_20260624_161614/boundary_detail_1973ROB_SCH707-718_5_20260624T163101_e74df8f50105.html,missing_record
http_error_mislabeled_empty,1973SHA/TIK148-149:12,1973SHA/TIK148-149,12,https://kinetics.nist.gov/solution/Detail?id=1973SHA/TIK148-149:12,empty,500,,2026-06-24T16:57:08.013914+00:00,data/new_solution/boundary_probe/boundary_20260624_161614/boundary_detail_1973SHA_TIK148-149_12_20260624T165706_f83bdfdd8e68.html,missing_record
http_error_mislabeled_empty,1973THO/LAU804-813:6,1973THO/LAU804-813,6,https://kinetics.nist.gov/solution/Detail?id=1973THO/LAU804-813:6,empty,500,,2026-06-25T07:12:28.681952+00:00,data/new_solution/boundary_probe/boundary_20260625_071124/boundary_detail_1973THO_LAU804-813_6_20260625T071227_19858c0a750b.html,missing_record
http_error_mislabeled_empty,1973TUN/KUN10-17:10,1973TUN/KUN10-17,10,https://kinetics.nist.gov/solution/Detail?id=1973TUN/KUN10-17:10,empty,500,,2026-06-24T16:56:53.687974+00:00,data/new_solution/boundary_probe/boundary_20260624_161614/boundary_detail_1973TUN_KUN10-17_10_20260624T165651_8c5b698b0252.html,missing_record
http_error_mislabeled_empty,1973WAL/AKH2525-2529:7,1973WAL/AKH2525-2529,7,https://kinetics.nist.gov/solution/Detail?id=1973WAL/AKH2525-2529:7,empty,500,,2026-06-24T16:29:27.888158+00:00,data/new_solution/boundary_probe/boundary_20260624_161614/boundary_detail_1973WAL_AKH2525-2529_7_20260624T162926_747455e20aa5.html,missing_record
http_error_mislabeled_empty,1973WIL929-931:13,1973WIL929-931,13,https://kinetics.nist.gov/solution/Detail?id=1973WIL929-931:13,empty,500,,2026-06-24T16:29:04.057911+00:00,data/new_solution/boundary_probe/boundary_20260624_161614/boundary_detail_1973WIL929-931_13_20260624T162902_9e1405878ab1.html,missing_record
http_error_mislabeled_empty,1974AND/PAC33-46:3,1974AND/PAC33-46,3,https://kinetics.nist.gov/solution/Detail?id=1974AND/PAC33-46:3,empty,500,,2026-06-24T17:01:20.851528+00:00,data/new_solution/boundary_probe/boundary_20260624_161614/boundary_detail_1974AND_PAC33-46_3_20260624T170119_25de2abf822a.html,missing_record
http_error_mislabeled_empty,1974BEH2660-2663:6,1974BEH2660-2663,6,https://kinetics.nist.gov/solution/Detail?id=1974BEH2660-2663:6,empty,500,,2026-06-24T17:04:27.104929+00:00,data/new_solution/boundary_probe/boundary_20260624_161614/boundary_detail_1974BEH2660-2663_6_20260624T170425_fdc165e425e1.html,missing_record
http_error_mislabeled_empty,1974BRO249-258:4,1974BRO249-258,4,https://kinetics.nist.gov/solution/Detail?id=1974BRO249-258:4,empty,500,,2026-06-24T17:02:32.396051+00:00,data/new_solution/boundary_probe/boundary_20260624_161614/boundary_detail_1974BRO249-258_4_20260624T170230_3316c3f7bb75.html,missing_record
http_error_mislabeled_empty,1974CAR/SUP3728-3737:25,1974CAR/SUP3728-3737,25,https://kinetics.nist.gov/solution/Detail?id=1974CAR/SUP3728-3737:25,empty,500,,2026-06-24T16:41:14.711050+00:00,data/new_solution/boundary_probe/boundary_20260624_161614/boundary_detail_1974CAR_SUP3728-3737_25_20260624T164113_8b71b4f0594d.html,missing_record
http_error_mislabeled_empty,1974CAR/WIL991-1004:7,1974CAR/WIL991-1004,7,https://kinetics.nist.gov/solution/Detail?id=1974CAR/WIL991-1004:7,empty,500,,2026-06-24T16:48:17.498054+00:00,data/new_solution/boundary_probe/boundary_20260624_161614/boundary_detail_1974CAR_WIL991-1004_7_20260624T164815_cc4e5ceeca8c.html,missing_record
http_error_mislabeled_empty,1974DOD/SCH892-899:6,1974DOD/SCH892-899,6,https://kinetics.nist.gov/solution/Detail?id=1974DOD/SCH892-899:6,empty,500,,2026-06-24T16:34:14.757133+00:00,data/new_solution/boundary_probe/boundary_20260624_161614/boundary_detail_1974DOD_SCH892-899_6_20260624T163413_efbed2ac247d.html,missing_record
http_error_mislabeled_empty,1974ERI208-215:4,1974ERI208-215,4,https://kinetics.nist.gov/solution/Detail?id=1974ERI208-215:4,empty,500,,2026-06-24T17:02:37.237411+00:00,data/new_solution/boundary_probe/boundary_20260624_161614/boundary_detail_1974ERI208-215_4_20260624T170235_c26772270c8a.html,missing_record
http_error_mislabeled_empty,1974FOR/BON1698-1701:2,1974FOR/BON1698-1701,2,https://kinetics.nist.gov/solution/Detail?id=1974FOR/BON1698-1701:2,empty,500,,2026-06-25T07:16:25.903246+00:00,data/new_solution/boundary_probe/boundary_20260625_071124/boundary_detail_1974FOR_BON1698-1701_2_20260625T071624_35dce6bb4fad.html,missing_record
http_error_mislabeled_empty,1974GIL/NOR1435-1441:5,1974GIL/NOR1435-1441,5,https://kinetics.nist.gov/solution/Detail?id=1974GIL/NOR1435-1441:5,empty,500,,2026-06-24T16:48:27.127464+00:00,data/new_solution/boundary_probe/boundary_20260624_161614/boundary_detail_1974GIL_NOR1435-1441_5_20260624T164825_6b5b1470fc71.html,missing_record
http_error_mislabeled_empty,1974GIL/NOR824-829:7,1974GIL/NOR824-829,7,https://kinetics.nist.gov/solution/Detail?id=1974GIL/NOR824-829:7,empty,500,,2026-06-24T17:02:22.862014+00:00,data/new_solution/boundary_probe/boundary_20260624_161614/boundary_detail_1974GIL_NOR824-829_7_20260624T170221_d79ab95cc728.html,missing_record
http_error_mislabeled_empty,1974LAU/THO1142-1148:8,1974LAU/THO1142-1148,8,https://kinetics.nist.gov/solution/Detail?id=1974LAU/THO1142-1148:8,empty,500,,2026-06-25T07:12:47.887802+00:00,data/new_solution/boundary_probe/boundary_20260625_071124/boundary_detail_1974LAU_THO1142-1148_8_20260625T071246_9221cc156905.html,missing_record
http_error_mislabeled_empty,1974LIC/SHA386-398:4,1974LIC/SHA386-398,4,https://kinetics.nist.gov/solution/Detail?id=1974LIC/SHA386-398:4,empty,500,,2026-06-24T16:55:17.680272+00:00,data/new_solution/boundary_probe/boundary_20260624_161614/boundary_detail_1974LIC_SHA386-398_4_20260624T165515_e3b94104e7e3.html,missing_record
http_error_mislabeled_empty,1974MUL/WAR187-201:7,1974MUL/WAR187-201,7,https://kinetics.nist.gov/solution/Detail?id=1974MUL/WAR187-201:7,empty,500,,2026-06-24T16:43:58.422114+00:00,data/new_solution/boundary_probe/boundary_20260624_161614/boundary_detail_1974MUL_WAR187-201_7_20260624T164356_cb6db5f5c3e9.html,missing_record
http_error_mislabeled_empty,1974SIM/HAY334-336:3,1974SIM/HAY334-336,3,https://kinetics.nist.gov/solution/Detail?id=1974SIM/HAY334-336:3,empty,500,,2026-06-24T16:42:55.975033+00:00,data/new_solution/boundary_probe/boundary_20260624_161614/boundary_detail_1974SIM_HAY334-336_3_20260624T164254_78c8244aa446.html,missing_record
http_error_mislabeled_empty,1974STE/PER6846-6850:16,1974STE/PER6846-6850,16,https://kinetics.nist.gov/solution/Detail?id=1974STE/PER6846-6850:16,empty,500,,2026-06-25T07:16:44.823685+00:00,data/new_solution/boundary_probe/boundary_20260625_071124/boundary_detail_1974STE_PER6846-6850_16_20260625T071643_8c1235491c14.html,missing_record
http_error_mislabeled_empty,1974WOL/BRU407-411:5,1974WOL/BRU407-411,5,https://kinetics.nist.gov/solution/Detail?id=1974WOL/BRU407-411:5,empty,500,,2026-06-24T16:52:49.386591+00:00,data/new_solution/boundary_probe/boundary_20260624_161614/boundary_detail_1974WOL_BRU407-411_5_20260624T165247_0ed56d540bf1.html,missing_record
http_error_mislabeled_empty,1975BEL/GRU2995-3000:21,1975BEL/GRU2995-3000,21,https://kinetics.nist.gov/solution/Detail?id=1975BEL/GRU2995-3000:21,empty,500,,2026-06-24T16:23:01.882966+00:00,data/new_solution/boundary_probe/boundary_20260624_161614/boundary_detail_1975BEL_GRU2995-3000_21_20260624T162300_37099567d9ee.html,missing_record
http_error_mislabeled_empty,1975BIS/CUN137-144:5,1975BIS/CUN137-144,5,https://kinetics.nist.gov/solution/Detail?id=1975BIS/CUN137-144:5,empty,500,,2026-06-24T17:05:43.310748+00:00,data/new_solution/boundary_probe/boundary_20260624_161614/boundary_detail_1975BIS_CUN137-144_5_20260624T170541_cc8f33677f0f.html,missing_record
http_error_mislabeled_empty,1975BLA/KYA2277-2287:2,1975BLA/KYA2277-2287,2,https://kinetics.nist.gov/solution/Detail?id=1975BLA/KYA2277-2287:2,empty,500,,2026-06-24T16:44:12.859744+00:00,data/new_solution/boundary_probe/boundary_20260624_161614/boundary_detail_1975BLA_KYA2277-2287_2_20260624T164411_4c0d171d3f6d.html,missing_record
http_error_mislabeled_empty,1975BRA/WAG597-604:7,1975BRA/WAG597-604,7,https://kinetics.nist.gov/solution/Detail?id=1975BRA/WAG597-604:7,empty,500,,2026-06-25T07:19:31.487577+00:00,data/new_solution/boundary_probe/boundary_20260625_071124/boundary_detail_1975BRA_WAG597-604_7_20260625T071929_029804db0c72.html,missing_record
http_error_mislabeled_empty,1975BRE/HEL513-521:4,1975BRE/HEL513-521,4,https://kinetics.nist.gov/solution/Detail?id=1975BRE/HEL513-521:4,empty,500,,2026-06-24T16:57:27.372204+00:00,data/new_solution/boundary_probe/boundary_20260624_161614/boundary_detail_1975BRE_HEL513-521_4_20260624T165725_c5ee9a6f4917.html,missing_record
http_error_mislabeled_empty,1975BRI/HAR739-745:4,1975BRI/HAR739-745,4,https://kinetics.nist.gov/solution/Detail?id=1975BRI/HAR739-745:4,empty,500,,2026-06-24T16:50:40.372706+00:00,data/new_solution/boundary_probe/boundary_20260624_161614/boundary_detail_1975BRI_HAR739-745_4_20260624T165038_d982b18d43f4.html,missing_record
http_error_mislabeled_empty,1975BUT/JAY215-222:5,1975BUT/JAY215-222,5,https://kinetics.nist.gov/solution/Detail?id=1975BUT/JAY215-222:5,empty,500,,2026-06-24T16:44:56.074907+00:00,data/new_solution/boundary_probe/boundary_20260624_161614/boundary_detail_1975BUT_JAY215-222_5_20260624T164454_0c5208208663.html,missing_record
http_error_mislabeled_empty,1975BUX/SEL558-568:27,1975BUX/SEL558-568,27,https://kinetics.nist.gov/solution/Detail?id=1975BUX/SEL558-568:27,empty,500,,2026-06-24T16:41:34.048820+00:00,data/new_solution/boundary_probe/boundary_20260624_161614/boundary_detail_1975BUX_SEL558-568_27_20260624T164132_156d2c21ec91.html,missing_record
http_error_mislabeled_empty,1975BYT/GUR48-52:3,1975BYT/GUR48-52,3,https://kinetics.nist.gov/solution/Detail?id=1975BYT/GUR48-52:3,empty,500,,2026-06-24T16:59:12.535649+00:00,data/new_solution/boundary_probe/boundary_20260624_161614/boundary_detail_1975BYT_GUR48-52_3_20260624T165910_f13e6aa25e96.html,missing_record
http_error_mislabeled_empty,1975CHE/GRA2052-2057:2,1975CHE/GRA2052-2057,2,https://kinetics.nist.gov/solution/Detail?id=1975CHE/GRA2052-2057:2,empty,500,,2026-06-25T07:15:29.106714+00:00,data/new_solution/boundary_probe/boundary_20260625_071124/boundary_detail_1975CHE_GRA2052-2057_2_20260625T071527_86fe36740ec4.html,missing_record
http_error_mislabeled_empty,1975CHE/HOF1911-1912:9,1975CHE/HOF1911-1912,9,https://kinetics.nist.gov/solution/Detail?id=1975CHE/HOF1911-1912:9,empty,500,,2026-06-24T16:22:42.884040+00:00,data/new_solution/boundary_probe/boundary_20260624_161614/boundary_detail_1975CHE_HOF1911-1912_9_20260624T162240_10c704da48f1.html,missing_record
http_error_mislabeled_empty,1975CRE/SUT2858-2862:3,1975CRE/SUT2858-2862,3,https://kinetics.nist.gov/solution/Detail?id=1975CRE/SUT2858-2862:3,empty,500,,2026-06-24T16:19:55.762429+00:00,data/new_solution/boundary_probe/boundary_20260624_161614/boundary_detail_1975CRE_SUT2858-2862_3_20260624T161953_043b0e39aeff.html,missing_record
http_error_mislabeled_empty,1975FAR285-308B:2,1975FAR285-308B,2,https://kinetics.nist.gov/solution/Detail?id=1975FAR285-308B:2,empty,500,,2026-06-24T16:44:03.236985+00:00,data/new_solution/boundary_probe/boundary_20260624_161614/boundary_detail_1975FAR285-308B_2_20260624T164401_7e1a3ec0e30a.html,missing_record
http_error_mislabeled_empty,1975FEL/MON525-532:4,1975FEL/MON525-532,4,https://kinetics.nist.gov/solution/Detail?id=1975FEL/MON525-532:4,empty,500,,2026-06-24T17:03:39.495365+00:00,data/new_solution/boundary_probe/boundary_20260624_161614/boundary_detail_1975FEL_MON525-532_4_20260624T170337_084f49717ac9.html,missing_record
http_error_mislabeled_empty,1975GIL/NOR885-891:15,1975GIL/NOR885-891,15,https://kinetics.nist.gov/solution/Detail?id=1975GIL/NOR885-891:15,empty,500,,2026-06-24T16:32:34.460719+00:00,data/new_solution/boundary_probe/boundary_20260624_161614/boundary_detail_1975GIL_NOR885-891_15_20260624T163232_fcf7c8206d8a.html,missing_record
http_error_mislabeled_empty,1975KEM/MOO1638-1641:2,1975KEM/MOO1638-1641,2,https://kinetics.nist.gov/solution/Detail?id=1975KEM/MOO1638-1641:2,empty,500,,2026-06-24T16:48:22.300419+00:00,data/new_solution/boundary_probe/boundary_20260624_161614/boundary_detail_1975KEM_MOO1638-1641_2_20260624T164820_1ff96028d209.html,missing_record
http_error_mislabeled_empty,1975KLA/OLS473-485:3,1975KLA/OLS473-485,3,https://kinetics.nist.gov/solution/Detail?id=1975KLA/OLS473-485:3,empty,500,,2026-06-24T16:17:34.774435+00:00,data/new_solution/boundary_probe/boundary_20260624_161614/boundary_detail_1975KLA_OLS473-485_3_20260624T161732_aaf0e7aa4487.html,missing_record
http_error_mislabeled_empty,1975KUN/MAT565-571:2,1975KUN/MAT565-571,2,https://kinetics.nist.gov/solution/Detail?id=1975KUN/MAT565-571:2,empty,500,,2026-06-25T07:12:19.299857+00:00,data/new_solution/boundary_probe/boundary_20260625_071124/boundary_detail_1975KUN_MAT565-571_2_20260625T071217_d1259f2a6120.html,missing_record
http_error_mislabeled_empty,1975LIG/PAK2724-2728:9,1975LIG/PAK2724-2728,9,https://kinetics.nist.gov/solution/Detail?id=1975LIG/PAK2724-2728:9,empty,500,,2026-06-24T16:56:00.872670+00:00,data/new_solution/boundary_probe/boundary_20260624_161614/boundary_detail_1975LIG_PAK2724-2728_9_20260624T165558_b25c2c07c645.html,missing_record
http_error_mislabeled_empty,1975LIN/ERI177-181:2,1975LIN/ERI177-181,2,https://kinetics.nist.gov/solution/Detail?id=1975LIN/ERI177-181:2,empty,500,,2026-06-24T16:48:46.169716+00:00,data/new_solution/boundary_probe/boundary_20260624_161614/boundary_detail_1975LIN_ERI177-181_2_20260624T164844_71df42abfff1.html,missing_record
http_error_mislabeled_empty,1975MOO/HAY2048-2052:7,1975MOO/HAY2048-2052,7,https://kinetics.nist.gov/solution/Detail?id=1975MOO/HAY2048-2052:7,empty,500,,2026-06-24T16:35:21.660116+00:00,data/new_solution/boundary_probe/boundary_20260624_161614/boundary_detail_1975MOO_HAY2048-2052_7_20260624T163519_c64379a74e68.html,missing_record
http_error_mislabeled_empty,1975NET/SCH912-913:2,1975NET/SCH912-913,2,https://kinetics.nist.gov/solution/Detail?id=1975NET/SCH912-913:2,empty,500,,2026-06-24T16:33:17.555625+00:00,data/new_solution/boundary_probe/boundary_20260624_161614/boundary_detail_1975NET_SCH912-913_2_20260624T163315_b8b78c0ec335.html,missing_record
http_error_mislabeled_empty,1975PHI/POW180-192B:4,1975PHI/POW180-192B,4,https://kinetics.nist.gov/solution/Detail?id=1975PHI/POW180-192B:4,empty,500,,2026-06-24T16:59:03.013937+00:00,data/new_solution/boundary_probe/boundary_20260624_161614/boundary_detail_1975PHI_POW180-192B_4_20260624T165901_32b69fd87a1a.html,missing_record
http_error_mislabeled_empty,1975POP/RAZ219-223:8,1975POP/RAZ219-223,8,https://kinetics.nist.gov/solution/Detail?id=1975POP/RAZ219-223:8,empty,500,,2026-06-25T07:16:40.134353+00:00,data/new_solution/boundary_probe/boundary_20260625_071124/boundary_detail_1975POP_RAZ219-223_8_20260625T071638_bf5fbafc628e.html,missing_record
http_error_mislabeled_empty,1975SMI/HER2764-2770:42,1975SMI/HER2764-2770,42,https://kinetics.nist.gov/solution/Detail?id=1975SMI/HER2764-2770:42,empty,500,,2026-06-25T07:18:43.502558+00:00,data/new_solution/boundary_probe/boundary_20260625_071124/boundary_detail_1975SMI_HER2764-2770_42_20260625T071841_80f0f23bcf7e.html,missing_record
http_error_mislabeled_empty,1975TAL/FAR337-346:36,1975TAL/FAR337-346,36,https://kinetics.nist.gov/solution/Detail?id=1975TAL/FAR337-346:36,empty,500,,2026-06-24T16:57:12.717930+00:00,data/new_solution/boundary_probe/boundary_20260624_161614/boundary_detail_1975TAL_FAR337-346_36_20260624T165711_1d860ce4201e.html,missing_record
http_error_mislabeled_empty,1975ZOL/KAR1229-1235:3,1975ZOL/KAR1229-1235,3,https://kinetics.nist.gov/solution/Detail?id=1975ZOL/KAR1229-1235:3,empty,500,,2026-06-24T16:53:37.060722+00:00,data/new_solution/boundary_probe/boundary_20260624_161614/boundary_detail_1975ZOL_KAR1229-1235_3_20260624T165335_b27334fd4ea8.html,missing_record
http_error_mislabeled_empty,1976AND969-972:10,1976AND969-972,10,https://kinetics.nist.gov/solution/Detail?id=1976AND969-972:10,empty,500,,2026-06-24T16:28:54.586557+00:00,data/new_solution/boundary_probe/boundary_20260624_161614/boundary_detail_1976AND969-972_10_20260624T162852_a2017d369cc4.html,missing_record
http_error_mislabeled_empty,1976BAN/FES1-8:2,1976BAN/FES1-8,2,https://kinetics.nist.gov/solution/Detail?id=1976BAN/FES1-8:2,empty,500,,2026-06-24T16:45:38.996329+00:00,data/new_solution/boundary_probe/boundary_20260624_161614/boundary_detail_1976BAN_FES1-8_2_20260624T164537_0c5ac3ef1398.html,missing_record
http_error_mislabeled_empty,1976BOB/SUW527-531:3,1976BOB/SUW527-531,3,https://kinetics.nist.gov/solution/Detail?id=1976BOB/SUW527-531:3,empty,500,,2026-06-24T16:51:51.911089+00:00,data/new_solution/boundary_probe/boundary_20260624_161614/boundary_detail_1976BOB_SUW527-531_3_20260624T165150_66300817008a.html,missing_record
http_error_mislabeled_empty,1976BRE/HEN973-979:6,1976BRE/HEN973-979,6,https://kinetics.nist.gov/solution/Detail?id=1976BRE/HEN973-979:6,empty,500,,2026-06-24T16:24:18.110038+00:00,data/new_solution/boundary_probe/boundary_20260624_161614/boundary_detail_1976BRE_HEN973-979_6_20260624T162416_372f9b09c909.html,missing_record
http_error_mislabeled_empty,1976BRO/GRO359-365:3,1976BRO/GRO359-365,3,https://kinetics.nist.gov/solution/Detail?id=1976BRO/GRO359-365:3,empty,500,,2026-06-24T16:41:29.324622+00:00,data/new_solution/boundary_probe/boundary_20260624_161614/boundary_detail_1976BRO_GRO359-365_3_20260624T164127_81489869ca01.html,missing_record
http_error_mislabeled_empty,1976BRO/SAN209-212:2,1976BRO/SAN209-212,2,https://kinetics.nist.gov/solution/Detail?id=1976BRO/SAN209-212:2,empty,500,,2026-06-24T16:19:46.049471+00:00,data/new_solution/boundary_probe/boundary_20260624_161614/boundary_detail_1976BRO_SAN209-212_2_20260624T161944_697835a57f2e.html,missing_record
http_error_mislabeled_empty,1976BRO/STO465-475:15,1976BRO/STO465-475,15,https://kinetics.nist.gov/solution/Detail?id=1976BRO/STO465-475:15,empty,500,,2026-06-24T16:54:58.490978+00:00,data/new_solution/boundary_probe/boundary_20260624_161614/boundary_detail_1976BRO_STO465-475_15_20260624T165456_7873eba12a0e.html,missing_record
http_error_mislabeled_empty,1976BRO123-131:3,1976BRO123-131,3,https://kinetics.nist.gov/solution/Detail?id=1976BRO123-131:3,empty,500,,2026-06-24T16:27:47.870601+00:00,data/new_solution/boundary_probe/boundary_20260624_161614/boundary_detail_1976BRO123-131_3_20260624T162746_1c19bad55af1.html,missing_record
http_error_mislabeled_empty,1976BUX/SEL1464-1476:24,1976BUX/SEL1464-1476,24,https://kinetics.nist.gov/solution/Detail?id=1976BUX/SEL1464-1476:24,empty,500,,2026-06-25T07:11:45.968800+00:00,data/new_solution/boundary_probe/boundary_20260625_071124/boundary_detail_1976BUX_SEL1464-1476_24_20260625T071144_d8409624d39e.html,missing_record
http_error_mislabeled_empty,1976CLE/LEE2077-2082:5,1976CLE/LEE2077-2082,5,https://kinetics.nist.gov/solution/Detail?id=1976CLE/LEE2077-2082:5,empty,500,,2026-06-24T16:46:03.027107+00:00,data/new_solution/boundary_probe/boundary_20260624_161614/boundary_detail_1976CLE_LEE2077-2082_5_20260624T164601_adf8b0f4a6cc.html,missing_record
http_error_mislabeled_empty,1976FIE/NOY223-229:4,1976FIE/NOY223-229,4,https://kinetics.nist.gov/solution/Detail?id=1976FIE/NOY223-229:4,empty,500,,2026-06-24T16:36:14.217171+00:00,data/new_solution/boundary_probe/boundary_20260624_161614/boundary_detail_1976FIE_NOY223-229_4_20260624T163612_c5c890ba41e1.html,missing_record
http_error_mislabeled_empty,1976GOH/GET533-538:3,1976GOH/GET533-538,3,https://kinetics.nist.gov/solution/Detail?id=1976GOH/GET533-538:3,empty,500,,2026-06-24T16:43:34.563036+00:00,data/new_solution/boundary_probe/boundary_20260624_161614/boundary_detail_1976GOH_GET533-538_3_20260624T164332_ea6e51092a30.html,missing_record
http_error_mislabeled_empty,1976GOR/LOV399-403:2,1976GOR/LOV399-403,2,https://kinetics.nist.gov/solution/Detail?id=1976GOR/LOV399-403:2,empty,500,,2026-06-25T07:19:50.382770+00:00,data/new_solution/boundary_probe/boundary_20260625_071124/boundary_detail_1976GOR_LOV399-403_2_20260625T071948_b08442ca13db.html,missing_record
http_error_mislabeled_empty,1976KOP/VAN157-168:3,1976KOP/VAN157-168,3,https://kinetics.nist.gov/solution/Detail?id=1976KOP/VAN157-168:3,empty,500,,2026-06-24T16:37:11.163826+00:00,data/new_solution/boundary_probe/boundary_20260624_161614/boundary_detail_1976KOP_VAN157-168_3_20260624T163709_b9f1e09af80d.html,missing_record
http_error_mislabeled_empty,1976LIC/GET661-665:7,1976LIC/GET661-665,7,https://kinetics.nist.gov/solution/Detail?id=1976LIC/GET661-665:7,empty,500,,2026-06-24T16:25:39.324779+00:00,data/new_solution/boundary_probe/boundary_20260624_161614/boundary_detail_1976LIC_GET661-665_7_20260624T162537_69917514e105.html,missing_record
http_error_mislabeled_empty,1976LIL/SHI6516-6520:4,1976LIL/SHI6516-6520,4,https://kinetics.nist.gov/solution/Detail?id=1976LIL/SHI6516-6520:4,empty,500,,2026-06-25T07:13:40.138720+00:00,data/new_solution/boundary_probe/boundary_20260625_071124/boundary_detail_1976LIL_SHI6516-6520_4_20260625T071338_c09ed5c0fd0e.html,missing_record
http_error_mislabeled_empty,1976LYN/PUR685-689:6,1976LYN/PUR685-689,6,https://kinetics.nist.gov/solution/Detail?id=1976LYN/PUR685-689:6,empty,500,,2026-06-24T16:37:06.434084+00:00,data/new_solution/boundary_probe/boundary_20260624_161614/boundary_detail_1976LYN_PUR685-689_6_20260624T163704_1fd16152f330.html,missing_record
http_error_mislabeled_empty,1976MAS/YOS106-110:13,1976MAS/YOS106-110,13,https://kinetics.nist.gov/solution/Detail?id=1976MAS/YOS106-110:13,empty,500,,2026-06-24T16:26:46.191216+00:00,data/new_solution/boundary_probe/boundary_20260624_161614/boundary_detail_1976MAS_YOS106-110_13_20260624T162644_5e89fdec431a.html,missing_record
http_error_mislabeled_empty,1976MIH/HEN309-318:2,1976MIH/HEN309-318,2,https://kinetics.nist.gov/solution/Detail?id=1976MIH/HEN309-318:2,empty,500,,2026-06-24T16:53:46.697709+00:00,data/new_solution/boundary_probe/boundary_20260624_161614/boundary_detail_1976MIH_HEN309-318_2_20260624T165344_f04ea4a172bb.html,missing_record
http_error_mislabeled_empty,1976PRO/HEL288-291:3,1976PRO/HEL288-291,3,https://kinetics.nist.gov/solution/Detail?id=1976PRO/HEL288-291:3,empty,500,,2026-06-24T16:53:56.219229+00:00,data/new_solution/boundary_probe/boundary_20260624_161614/boundary_detail_1976PRO_HEL288-291_3_20260624T165354_a3b355fdaad6.html,missing_record
http_error_mislabeled_empty,1976SAL/SOE235-243:2,1976SAL/SOE235-243,2,https://kinetics.nist.gov/solution/Detail?id=1976SAL/SOE235-243:2,empty,500,,2026-06-24T16:33:32.124769+00:00,data/new_solution/boundary_probe/boundary_20260624_161614/boundary_detail_1976SAL_SOE235-243_2_20260624T163330_9c6ac32641e4.html,missing_record
http_error_mislabeled_empty,1976SCH/DOD2543-2548:9,1976SCH/DOD2543-2548,9,https://kinetics.nist.gov/solution/Detail?id=1976SCH/DOD2543-2548:9,empty,500,,2026-06-25T07:11:36.426131+00:00,data/new_solution/boundary_probe/boundary_20260625_071124/boundary_detail_1976SCH_DOD2543-2548_9_20260625T071134_2ac453b43a4c.html,missing_record
http_error_mislabeled_empty,1976SEL/SIM6145-6150:16,1976SEL/SIM6145-6150,16,https://kinetics.nist.gov/solution/Detail?id=1976SEL/SIM6145-6150:16,empty,500,,2026-06-24T16:49:29.046131+00:00,data/new_solution/boundary_probe/boundary_20260624_161614/boundary_detail_1976SEL_SIM6145-6150_16_20260624T164927_2e5aa43f6f91.html,missing_record
http_error_mislabeled_empty,1976SOU/ABD367-372:2,1976SOU/ABD367-372,2,https://kinetics.nist.gov/solution/Detail?id=1976SOU/ABD367-372:2,empty,500,,2026-06-24T16:20:15.219266+00:00,data/new_solution/boundary_probe/boundary_20260624_161614/boundary_detail_1976SOU_ABD367-372_2_20260624T162013_b12c4837204b.html,missing_record
http_error_mislabeled_empty,1976SUZ/NAG600-605:8,1976SUZ/NAG600-605,8,https://kinetics.nist.gov/solution/Detail?id=1976SUZ/NAG600-605:8,empty,500,,2026-06-24T16:59:45.758721+00:00,data/new_solution/boundary_probe/boundary_20260624_161614/boundary_detail_1976SUZ_NAG600-605_8_20260624T165944_4d33e889d045.html,missing_record
http_error_mislabeled_empty,1976TAI/HOF86-93:44,1976TAI/HOF86-93,44,https://kinetics.nist.gov/solution/Detail?id=1976TAI/HOF86-93:44,empty,500,,2026-06-25T07:16:30.624051+00:00,data/new_solution/boundary_probe/boundary_20260625_071124/boundary_detail_1976TAI_HOF86-93_44_20260625T071628_58b2f39d939c.html,missing_record
http_error_mislabeled_empty,1976TAI/HOF934-939:63,1976TAI/HOF934-939,63,https://kinetics.nist.gov/solution/Detail?id=1976TAI/HOF934-939:63,empty,500,,2026-06-25T07:16:54.329783+00:00,data/new_solution/boundary_probe/boundary_20260625_071124/boundary_detail_1976TAI_HOF934-939_63_20260625T071652_7d31f9b6593c.html,missing_record
http_error_mislabeled_empty,1976WAG/BRA441-464:6,1976WAG/BRA441-464,6,https://kinetics.nist.gov/solution/Detail?id=1976WAG/BRA441-464:6,empty,500,,2026-06-24T16:20:57.852026+00:00,data/new_solution/boundary_probe/boundary_20260624_161614/boundary_detail_1976WAG_BRA441-464_6_20260624T162056_5d1b32c82a9b.html,missing_record
http_error_mislabeled_empty,1977AND/PAT523-531:2,1977AND/PAT523-531,2,https://kinetics.nist.gov/solution/Detail?id=1977AND/PAT523-531:2,empty,500,,2026-06-24T16:27:28.996489+00:00,data/new_solution/boundary_probe/boundary_20260624_161614/boundary_detail_1977AND_PAT523-531_2_20260624T162727_aa6c42a42e30.html,missing_record
http_error_mislabeled_empty,1977BRA/MAU61-75B:2,1977BRA/MAU61-75B,2,https://kinetics.nist.gov/solution/Detail?id=1977BRA/MAU61-75B:2,empty,500,,2026-06-24T16:36:18.980809+00:00,data/new_solution/boundary_probe/boundary_20260624_161614/boundary_detail_1977BRA_MAU61-75B_2_20260624T163617_6c7f72e5feff.html,missing_record
http_error_mislabeled_empty,1977BRO1-5:6,1977BRO1-5,6,https://kinetics.nist.gov/solution/Detail?id=1977BRO1-5:6,empty,500,,2026-06-24T16:43:10.307039+00:00,data/new_solution/boundary_probe/boundary_20260624_161614/boundary_detail_1977BRO1-5_6_20260624T164308_f3d5f847da01.html,missing_record
http_error_mislabeled_empty,1977DAV/TRE178-182:2,1977DAV/TRE178-182,2,https://kinetics.nist.gov/solution/Detail?id=1977DAV/TRE178-182:2,empty,500,,2026-06-24T16:23:59.027746+00:00,data/new_solution/boundary_probe/boundary_20260624_161614/boundary_detail_1977DAV_TRE178-182_2_20260624T162357_c62983357f01.html,missing_record
http_error_mislabeled_empty,1977DZI131-142:2,1977DZI131-142,2,https://kinetics.nist.gov/solution/Detail?id=1977DZI131-142:2,empty,500,,2026-06-24T16:33:22.275805+00:00,data/new_solution/boundary_probe/boundary_20260624_161614/boundary_detail_1977DZI131-142_2_20260624T163320_27fb3f268558.html,missing_record
http_error_mislabeled_empty,1977END/LIL429-439:4,1977END/LIL429-439,4,https://kinetics.nist.gov/solution/Detail?id=1977END/LIL429-439:4,empty,500,,2026-06-25T07:14:46.574345+00:00,data/new_solution/boundary_probe/boundary_20260625_071124/boundary_detail_1977END_LIL429-439_4_20260625T071444_c63d95cd1c6b.html,missing_record
http_error_mislabeled_empty,1977ERI/YAT813-817:3,1977ERI/YAT813-817,3,https://kinetics.nist.gov/solution/Detail?id=1977ERI/YAT813-817:3,empty,500,,2026-06-24T16:23:21.038668+00:00,data/new_solution/boundary_probe/boundary_20260624_161614/boundary_detail_1977ERI_YAT813-817_3_20260624T162319_412b6d3b2bcb.html,missing_record
http_error_mislabeled_empty,1977FAL:21,1977FAL,21,https://kinetics.nist.gov/solution/Detail?id=1977FAL:21,empty,500,,2026-06-25T07:14:41.860767+00:00,data/new_solution/boundary_probe/boundary_20260625_071124/boundary_detail_1977FAL_21_20260625T071440_9ad6cc59e4a4.html,missing_record
http_error_mislabeled_empty,1977GOH/GET1207-1215:4,1977GOH/GET1207-1215,4,https://kinetics.nist.gov/solution/Detail?id=1977GOH/GET1207-1215:4,empty,500,,2026-06-24T17:02:13.289975+00:00,data/new_solution/boundary_probe/boundary_20260624_161614/boundary_detail_1977GOH_GET1207-1215_4_20260624T170211_27e8cf5c4e9e.html,missing_record
http_error_mislabeled_empty,1977GOP/KIN199-203:2,1977GOP/KIN199-203,2,https://kinetics.nist.gov/solution/Detail?id=1977GOP/KIN199-203:2,empty,500,,2026-06-24T16:40:31.767806+00:00,data/new_solution/boundary_probe/boundary_20260624_161614/boundary_detail_1977GOP_KIN199-203_2_20260624T164029_b5645c21d742.html,missing_record
http_error_mislabeled_empty,1977HAN/SCH2614-2618:4,1977HAN/SCH2614-2618,4,https://kinetics.nist.gov/solution/Detail?id=1977HAN/SCH2614-2618:4,empty,500,,2026-06-24T16:53:08.297848+00:00,data/new_solution/boundary_probe/boundary_20260624_161614/boundary_detail_1977HAN_SCH2614-2618_4_20260624T165306_fbe2419e300e.html,missing_record
http_error_mislabeled_empty,1977MAR/NET1622-1625:41,1977MAR/NET1622-1625,41,https://kinetics.nist.gov/solution/Detail?id=1977MAR/NET1622-1625:41,empty,500,,2026-06-24T16:29:13.572512+00:00,data/new_solution/boundary_probe/boundary_20260624_161614/boundary_detail_1977MAR_NET1622-1625_41_20260624T162911_74a5979a12b8.html,missing_record
http_error_mislabeled_empty,1977MAT/MIL819-825B:2,1977MAT/MIL819-825B,2,https://kinetics.nist.gov/solution/Detail?id=1977MAT/MIL819-825B:2,empty,500,,2026-06-24T16:35:02.549985+00:00,data/new_solution/boundary_probe/boundary_20260624_161614/boundary_detail_1977MAT_MIL819-825B_2_20260624T163500_e60ef39e00e0.html,missing_record
http_error_mislabeled_empty,1977MAT/TOL243-248:6,1977MAT/TOL243-248,6,https://kinetics.nist.gov/solution/Detail?id=1977MAT/TOL243-248:6,empty,500,,2026-06-25T07:12:43.009370+00:00,data/new_solution/boundary_probe/boundary_20260625_071124/boundary_detail_1977MAT_TOL243-248_6_20260625T071241_07675bc242f5.html,missing_record
http_error_mislabeled_empty,1977MCA/FIE271-274:3,1977MCA/FIE271-274,3,https://kinetics.nist.gov/solution/Detail?id=1977MCA/FIE271-274:3,empty,500,,2026-06-24T16:36:37.896591+00:00,data/new_solution/boundary_probe/boundary_20260624_161614/boundary_detail_1977MCA_FIE271-274_3_20260624T163636_ea02ce4905cc.html,missing_record
http_error_mislabeled_empty,1977MEI/MAT1449-1455:11,1977MEI/MAT1449-1455,11,https://kinetics.nist.gov/solution/Detail?id=1977MEI/MAT1449-1455:11,empty,500,,2026-06-24T16:34:38.736808+00:00,data/new_solution/boundary_probe/boundary_20260624_161614/boundary_detail_1977MEI_MAT1449-1455_11_20260624T163436_899574b3a057.html,missing_record
http_error_mislabeled_empty,1977MOO/HAY879-885:14,1977MOO/HAY879-885,14,https://kinetics.nist.gov/solution/Detail?id=1977MOO/HAY879-885:14,empty,500,,2026-06-24T16:29:32.701002+00:00,data/new_solution/boundary_probe/boundary_20260624_161614/boundary_detail_1977MOO_HAY879-885_14_20260624T162930_fbad5faf308e.html,missing_record
http_error_mislabeled_empty,1977NET/MAD163-164:19,1977NET/MAD163-164,19,https://kinetics.nist.gov/solution/Detail?id=1977NET/MAD163-164:19,empty,500,,2026-06-25T07:12:33.468231+00:00,data/new_solution/boundary_probe/boundary_20260625_071124/boundary_detail_1977NET_MAD163-164_19_20260625T071231_f172737cd6c9.html,missing_record
http_error_mislabeled_empty,1977PAT/SMA218-225:3,1977PAT/SMA218-225,3,https://kinetics.nist.gov/solution/Detail?id=1977PAT/SMA218-225:3,empty,500,,2026-06-24T16:20:05.587117+00:00,data/new_solution/boundary_probe/boundary_20260624_161614/boundary_detail_1977PAT_SMA218-225_3_20260624T162003_7058e4ca6669.html,missing_record
http_error_mislabeled_empty,1977QUI/BAD195-202:5,1977QUI/BAD195-202,5,https://kinetics.nist.gov/solution/Detail?id=1977QUI/BAD195-202:5,empty,500,,2026-06-24T17:01:06.630620+00:00,data/new_solution/boundary_probe/boundary_20260624_161614/boundary_detail_1977QUI_BAD195-202_5_20260624T170104_01af8ce3c53c.html,missing_record
http_error_mislabeled_empty,1977RAS/MIC289-290:2,1977RAS/MIC289-290,2,https://kinetics.nist.gov/solution/Detail?id=1977RAS/MIC289-290:2,empty,500,,2026-06-24T16:31:50.973947+00:00,data/new_solution/boundary_probe/boundary_20260624_161614/boundary_detail_1977RAS_MIC289-290_2_20260624T163149_993e1eaa2e1f.html,missing_record
http_error_mislabeled_empty,1977SCH/GIL22-25:5,1977SCH/GIL22-25,5,https://kinetics.nist.gov/solution/Detail?id=1977SCH/GIL22-25:5,empty,500,,2026-06-24T16:51:42.398352+00:00,data/new_solution/boundary_probe/boundary_20260624_161614/boundary_detail_1977SCH_GIL22-25_5_20260624T165140_1296f9b5f67e.html,missing_record
http_error_mislabeled_empty,1977SCH417-433:6,1977SCH417-433,6,https://kinetics.nist.gov/solution/Detail?id=1977SCH417-433:6,empty,500,,2026-06-24T16:35:55.098505+00:00,data/new_solution/boundary_probe/boundary_20260624_161614/boundary_detail_1977SCH417-433_6_20260624T163553_8cac811fe8ba.html,missing_record
http_error_mislabeled_empty,1977WAL/BRO77-87:23,1977WAL/BRO77-87,23,https://kinetics.nist.gov/solution/Detail?id=1977WAL/BRO77-87:23,empty,500,,2026-06-24T16:23:35.165073+00:00,data/new_solution/boundary_probe/boundary_20260624_161614/boundary_detail_1977WAL_BRO77-87_23_20260624T162333_ead22c766208.html,missing_record
http_error_mislabeled_empty,1977WHI335-340:3,1977WHI335-340,3,https://kinetics.nist.gov/solution/Detail?id=1977WHI335-340:3,empty,500,,2026-06-25T07:15:52.752128+00:00,data/new_solution/boundary_probe/boundary_20260625_071124/boundary_detail_1977WHI335-340_3_20260625T071551_534dede89f3c.html,missing_record
http_error_mislabeled_empty,1978AND/PAT881-885:3,1978AND/PAT881-885,3,https://kinetics.nist.gov/solution/Detail?id=1978AND/PAT881-885:3,empty,500,,2026-06-24T16:44:36.998342+00:00,data/new_solution/boundary_probe/boundary_20260624_161614/boundary_detail_1978AND_PAT881-885_3_20260624T164435_33c2b191bafe.html,missing_record
http_error_mislabeled_empty,1978BAR/THO51-65:7,1978BAR/THO51-65,7,https://kinetics.nist.gov/solution/Detail?id=1978BAR/THO51-65:7,empty,500,,2026-06-24T16:27:33.712769+00:00,data/new_solution/boundary_probe/boundary_20260624_161614/boundary_detail_1978BAR_THO51-65_7_20260624T162732_66138a37d94e.html,missing_record
http_error_mislabeled_empty,1978BAU/GRO175-184:2,1978BAU/GRO175-184,2,https://kinetics.nist.gov/solution/Detail?id=1978BAU/GRO175-184:2,empty,500,,2026-06-24T17:01:11.387917+00:00,data/new_solution/boundary_probe/boundary_20260624_161614/boundary_detail_1978BAU_GRO175-184_2_20260624T170109_573550c1c095.html,missing_record
http_error_mislabeled_empty,1978BUC/EDW49-59:16,1978BUC/EDW49-59,16,https://kinetics.nist.gov/solution/Detail?id=1978BUC/EDW49-59:16,empty,500,,2026-06-24T17:05:00.723673+00:00,data/new_solution/boundary_probe/boundary_20260624_161614/boundary_detail_1978BUC_EDW49-59_16_20260624T170458_804a6dd7a31d.html,missing_record
http_error_mislabeled_empty,1978BUX/GRE697-714:17,1978BUX/GRE697-714,17,https://kinetics.nist.gov/solution/Detail?id=1978BUX/GRE697-714:17,empty,500,,2026-06-24T17:05:24.250741+00:00,data/new_solution/boundary_probe/boundary_20260624_161614/boundary_detail_1978BUX_GRE697-714_17_20260624T170522_219ee059b622.html,missing_record
http_error_mislabeled_empty,1978CHE:2,1978CHE,2,https://kinetics.nist.gov/solution/Detail?id=1978CHE:2,empty,500,,2026-06-24T16:59:31.476826+00:00,data/new_solution/boundary_probe/boundary_20260624_161614/boundary_detail_1978CHE_2_20260624T165929_8fa3101e94da.html,missing_record
http_error_mislabeled_empty,1978CHI/DIC6965-6972:3,1978CHI/DIC6965-6972,3,https://kinetics.nist.gov/solution/Detail?id=1978CHI/DIC6965-6972:3,empty,500,,2026-06-24T16:27:09.847892+00:00,data/new_solution/boundary_probe/boundary_20260624_161614/boundary_detail_1978CHI_DIC6965-6972_3_20260624T162708_66829472af51.html,missing_record
http_error_mislabeled_empty,1978COP/POW431-438:4,1978COP/POW431-438,4,https://kinetics.nist.gov/solution/Detail?id=1978COP/POW431-438:4,empty,500,,2026-06-24T16:50:35.660389+00:00,data/new_solution/boundary_probe/boundary_20260624_161614/boundary_detail_1978COP_POW431-438_4_20260624T165033_ec862b20e1c1.html,missing_record
http_error_mislabeled_empty,1978DAV/MOO11-19:4,1978DAV/MOO11-19,4,https://kinetics.nist.gov/solution/Detail?id=1978DAV/MOO11-19:4,empty,500,,2026-06-25T07:14:32.434395+00:00,data/new_solution/boundary_probe/boundary_20260625_071124/boundary_detail_1978DAV_MOO11-19_4_20260625T071430_424b7da1316d.html,missing_record
http_error_mislabeled_empty,1978DEL731-734:3,1978DEL731-734,3,https://kinetics.nist.gov/solution/Detail?id=1978DEL731-734:3,empty,500,,2026-06-24T16:20:24.727783+00:00,data/new_solution/boundary_probe/boundary_20260624_161614/boundary_detail_1978DEL731-734_3_20260624T162023_dd00a98b69bf.html,missing_record
http_error_mislabeled_empty,1978EDI/IOS1197-1198:18,1978EDI/IOS1197-1198,18,https://kinetics.nist.gov/solution/Detail?id=1978EDI/IOS1197-1198:18,empty,500,,2026-06-24T16:54:15.367673+00:00,data/new_solution/boundary_probe/boundary_20260624_161614/boundary_detail_1978EDI_IOS1197-1198_18_20260624T165413_fa9ffb89eb03.html,missing_record
http_error_mislabeled_empty,1978ELR/MEY5540-5548:17,1978ELR/MEY5540-5548,17,https://kinetics.nist.gov/solution/Detail?id=1978ELR/MEY5540-5548:17,empty,500,,2026-06-24T16:28:11.799766+00:00,data/new_solution/boundary_probe/boundary_20260624_161614/boundary_detail_1978ELR_MEY5540-5548_17_20260624T162810_49e3ec91733e.html,missing_record
http_error_mislabeled_empty,1978EVE/JAY418-426:2,1978EVE/JAY418-426,2,https://kinetics.nist.gov/solution/Detail?id=1978EVE/JAY418-426:2,empty,500,,2026-06-24T16:44:17.641539+00:00,data/new_solution/boundary_probe/boundary_20260624_161614/boundary_detail_1978EVE_JAY418-426_2_20260624T164415_e7c1cca3e3fa.html,missing_record
http_error_mislabeled_empty,1978FER2506-2508:2,1978FER2506-2508,2,https://kinetics.nist.gov/solution/Detail?id=1978FER2506-2508:2,empty,500,,2026-06-24T16:36:04.627213+00:00,data/new_solution/boundary_probe/boundary_20260624_161614/boundary_detail_1978FER2506-2508_2_20260624T163602_4404ac350713.html,missing_record
http_error_mislabeled_empty,1978GOR/LOV4527-4532:3,1978GOR/LOV4527-4532,3,https://kinetics.nist.gov/solution/Detail?id=1978GOR/LOV4527-4532:3,empty,500,,2026-06-24T17:05:33.863276+00:00,data/new_solution/boundary_probe/boundary_20260624_161614/boundary_detail_1978GOR_LOV4527-4532_3_20260624T170532_01972ae27606.html,missing_record
http_error_mislabeled_empty,1978GOR/MUL294-296:5,1978GOR/MUL294-296,5,https://kinetics.nist.gov/solution/Detail?id=1978GOR/MUL294-296:5,empty,500,,2026-06-24T16:46:07.957866+00:00,data/new_solution/boundary_probe/boundary_20260624_161614/boundary_detail_1978GOR_MUL294-296_5_20260624T164606_252c68d6d1aa.html,missing_record
http_error_mislabeled_empty,1978HAS/NET854-857:57,1978HAS/NET854-857,57,https://kinetics.nist.gov/solution/Detail?id=1978HAS/NET854-857:57,empty,500,,2026-06-24T16:34:33.942067+00:00,data/new_solution/boundary_probe/boundary_20260624_161614/boundary_detail_1978HAS_NET854-857_57_20260624T163432_e355eafb9a5e.html,missing_record
http_error_mislabeled_empty,1978HER/OUAI451-I454:3,1978HER/OUAI451-I454,3,https://kinetics.nist.gov/solution/Detail?id=1978HER/OUAI451-I454:3,empty,500,,2026-06-24T16:32:15.314049+00:00,data/new_solution/boundary_probe/boundary_20260624_161614/boundary_detail_1978HER_OUAI451-I454_3_20260624T163213_0d1948040d90.html,missing_record
http_error_mislabeled_empty,1978JAN/TEP361-370:3,1978JAN/TEP361-370,3,https://kinetics.nist.gov/solution/Detail?id=1978JAN/TEP361-370:3,empty,500,,2026-06-25T07:19:26.711533+00:00,data/new_solution/boundary_probe/boundary_20260625_071124/boundary_detail_1978JAN_TEP361-370_3_20260625T071925_c93a95b34711.html,missing_record
http_error_mislabeled_empty,1978KRA9-12:3,1978KRA9-12,3,https://kinetics.nist.gov/solution/Detail?id=1978KRA9-12:3,empty,500,,2026-06-24T16:58:19.880807+00:00,data/new_solution/boundary_probe/boundary_20260624_161614/boundary_detail_1978KRA9-12_3_20260624T165818_4d6a5786c9a3.html,missing_record
http_error_mislabeled_empty,1978MIH/HEN15-22:2,1978MIH/HEN15-22,2,https://kinetics.nist.gov/solution/Detail?id=1978MIH/HEN15-22:2,empty,500,,2026-06-24T17:00:52.375130+00:00,data/new_solution/boundary_probe/boundary_20260624_161614/boundary_detail_1978MIH_HEN15-22_2_20260624T170050_73f875c75c59.html,missing_record
http_error_mislabeled_empty,1978MIL/MIC1359-1362:6,1978MIL/MIC1359-1362,6,https://kinetics.nist.gov/solution/Detail?id=1978MIL/MIC1359-1362:6,empty,500,,2026-06-24T16:29:18.294520+00:00,data/new_solution/boundary_probe/boundary_20260624_161614/boundary_detail_1978MIL_MIC1359-1362_6_20260624T162916_3acce49a8357.html,missing_record
http_error_mislabeled_empty,1978PRU/LAN2077-2091:4,1978PRU/LAN2077-2091,4,https://kinetics.nist.gov/solution/Detail?id=1978PRU/LAN2077-2091:4,empty,500,,2026-06-24T16:32:05.491530+00:00,data/new_solution/boundary_probe/boundary_20260624_161614/boundary_detail_1978PRU_LAN2077-2091_4_20260624T163203_212182a4bb64.html,missing_record
http_error_mislabeled_empty,1978ROU/LEP3483-3494:35,1978ROU/LEP3483-3494,35,https://kinetics.nist.gov/solution/Detail?id=1978ROU/LEP3483-3494:35,empty,500,,2026-06-24T16:43:05.493135+00:00,data/new_solution/boundary_probe/boundary_20260624_161614/boundary_detail_1978ROU_LEP3483-3494_35_20260624T164303_a31a950a0ffa.html,missing_record
http_error_mislabeled_empty,1978SAU151-154:3,1978SAU151-154,3,https://kinetics.nist.gov/solution/Detail?id=1978SAU151-154:3,empty,500,,2026-06-24T16:30:24.968713+00:00,data/new_solution/boundary_probe/boundary_20260624_161614/boundary_detail_1978SAU151-154_3_20260624T163023_eb3135f4ba3b.html,missing_record
http_error_mislabeled_empty,1978SNY/SAM46-52:15,1978SNY/SAM46-52,15,https://kinetics.nist.gov/solution/Detail?id=1978SNY/SAM46-52:15,empty,500,,2026-06-24T16:19:36.409995+00:00,data/new_solution/boundary_probe/boundary_20260624_161614/boundary_detail_1978SNY_SAM46-52_15_20260624T161934_66ba9689dc62.html,missing_record
http_error_mislabeled_empty,1978WAL/WOO681-685:5,1978WAL/WOO681-685,5,https://kinetics.nist.gov/solution/Detail?id=1978WAL/WOO681-685:5,empty,500,,2026-06-24T16:45:15.298011+00:00,data/new_solution/boundary_probe/boundary_20260624_161614/boundary_detail_1978WAL_WOO681-685_5_20260624T164513_742049238c1f.html,missing_record
http_error_mislabeled_empty,1979BRE/HOF2935-2936:3,1979BRE/HOF2935-2936,3,https://kinetics.nist.gov/solution/Detail?id=1979BRE/HOF2935-2936:3,empty,500,,2026-06-24T16:43:48.880007+00:00,data/new_solution/boundary_probe/boundary_20260624_161614/boundary_detail_1979BRE_HOF2935-2936_3_20260624T164347_5dc25b6f001e.html,missing_record
http_error_mislabeled_empty,1979COH/KIR2763-2766:2,1979COH/KIR2763-2766,2,https://kinetics.nist.gov/solution/Detail?id=1979COH/KIR2763-2766:2,empty,500,,2026-06-24T17:05:52.805690+00:00,data/new_solution/boundary_probe/boundary_20260624_161614/boundary_detail_1979COH_KIR2763-2766_2_20260624T170551_139800f1d273.html,missing_record
http_error_mislabeled_empty,1979COR/BEI337-341:2,1979COR/BEI337-341,2,https://kinetics.nist.gov/solution/Detail?id=1979COR/BEI337-341:2,empty,500,,2026-06-24T16:59:55.441022+00:00,data/new_solution/boundary_probe/boundary_20260624_161614/boundary_detail_1979COR_BEI337-341_2_20260624T165953_1df0d762bb52.html,missing_record
http_error_mislabeled_empty,1979DEG/DEM189-202B:5,1979DEG/DEM189-202B,5,https://kinetics.nist.gov/solution/Detail?id=1979DEG/DEM189-202B:5,empty,500,,2026-06-24T16:23:30.462907+00:00,data/new_solution/boundary_probe/boundary_20260624_161614/boundary_detail_1979DEG_DEM189-202B_5_20260624T162328_076e506b292f.html,missing_record
http_error_mislabeled_empty,1979END/WON450-454:2,1979END/WON450-454,2,https://kinetics.nist.gov/solution/Detail?id=1979END/WON450-454:2,empty,500,,2026-06-25T07:17:56.136182+00:00,data/new_solution/boundary_probe/boundary_20260625_071124/boundary_detail_1979END_WON450-454_2_20260625T071754_e65defdea4b3.html,missing_record
http_error_mislabeled_empty,1979GEO/KUM2452-2455:2,1979GEO/KUM2452-2455,2,https://kinetics.nist.gov/solution/Detail?id=1979GEO/KUM2452-2455:2,empty,500,,2026-06-24T16:26:12.408617+00:00,data/new_solution/boundary_probe/boundary_20260624_161614/boundary_detail_1979GEO_KUM2452-2455_2_20260624T162610_1715eb2a2336.html,missing_record
http_error_mislabeled_empty,1979JAA/MEY429-433:7,1979JAA/MEY429-433,7,https://kinetics.nist.gov/solution/Detail?id=1979JAA/MEY429-433:7,empty,500,,2026-06-25T07:15:14.923540+00:00,data/new_solution/boundary_probe/boundary_20260625_071124/boundary_detail_1979JAA_MEY429-433_7_20260625T071513_27212d1e7abb.html,missing_record
http_error_mislabeled_empty,1979KRA29-36:16,1979KRA29-36,16,https://kinetics.nist.gov/solution/Detail?id=1979KRA29-36:16,empty,500,,2026-06-24T16:33:46.288904+00:00,data/new_solution/boundary_probe/boundary_20260624_161614/boundary_detail_1979KRA29-36_16_20260624T163344_4df0553b6ab8.html,missing_record
http_error_mislabeled_empty,1979LI/KUO583-591:2,1979LI/KUO583-591,2,https://kinetics.nist.gov/solution/Detail?id=1979LI/KUO583-591:2,empty,500,,2026-06-25T07:13:59.244838+00:00,data/new_solution/boundary_probe/boundary_20260625_071124/boundary_detail_1979LI_KUO583-591_2_20260625T071357_8c500905b1aa.html,missing_record
http_error_mislabeled_empty,1979LIG/PAR463-471:17,1979LIG/PAR463-471,17,https://kinetics.nist.gov/solution/Detail?id=1979LIG/PAR463-471:17,empty,500,,2026-06-24T16:18:52.989644+00:00,data/new_solution/boundary_probe/boundary_20260624_161614/boundary_detail_1979LIG_PAR463-471_17_20260624T161851_c9f689be367f.html,missing_record
http_error_mislabeled_empty,1979MAT/LIG933-935:8,1979MAT/LIG933-935,8,https://kinetics.nist.gov/solution/Detail?id=1979MAT/LIG933-935:8,empty,500,,2026-06-24T16:23:25.745371+00:00,data/new_solution/boundary_probe/boundary_20260624_161614/boundary_detail_1979MAT_LIG933-935_8_20260624T162324_84e2f7ecb13c.html,missing_record
http_error_mislabeled_empty,1979MAT875-878:3,1979MAT875-878,3,https://kinetics.nist.gov/solution/Detail?id=1979MAT875-878:3,empty,500,,2026-06-24T16:22:52.335977+00:00,data/new_solution/boundary_probe/boundary_20260624_161614/boundary_detail_1979MAT875-878_3_20260624T162250_075ac49cc647.html,missing_record
http_error_mislabeled_empty,1979MEI/SCH971-975:14,1979MEI/SCH971-975,14,https://kinetics.nist.gov/solution/Detail?id=1979MEI/SCH971-975:14,empty,500,,2026-06-24T16:27:19.366908+00:00,data/new_solution/boundary_probe/boundary_20260624_161614/boundary_detail_1979MEI_SCH971-975_14_20260624T162717_00bc3d507c12.html,missing_record
http_error_mislabeled_empty,1979MER/SMI2834-2840:11,1979MER/SMI2834-2840,11,https://kinetics.nist.gov/solution/Detail?id=1979MER/SMI2834-2840:11,empty,500,,2026-06-24T16:49:52.836637+00:00,data/new_solution/boundary_probe/boundary_20260624_161614/boundary_detail_1979MER_SMI2834-2840_11_20260624T164951_f82abfcdb088.html,missing_record
http_error_mislabeled_empty,1979MEY/ESP863-864:3,1979MEY/ESP863-864,3,https://kinetics.nist.gov/solution/Detail?id=1979MEY/ESP863-864:3,empty,500,,2026-06-24T16:46:17.366203+00:00,data/new_solution/boundary_probe/boundary_20260624_161614/boundary_detail_1979MEY_ESP863-864_3_20260624T164615_fe82c5e24898.html,missing_record
http_error_mislabeled_empty,1979MIC/NEN2011-2014:5,1979MIC/NEN2011-2014,5,https://kinetics.nist.gov/solution/Detail?id=1979MIC/NEN2011-2014:5,empty,500,,2026-06-24T17:03:34.581383+00:00,data/new_solution/boundary_probe/boundary_20260624_161614/boundary_detail_1979MIC_NEN2011-2014_5_20260624T170332_e9f5f258f7d6.html,missing_record
http_error_mislabeled_empty,1979MIY/TOM339-343:2,1979MIY/TOM339-343,2,https://kinetics.nist.gov/solution/Detail?id=1979MIY/TOM339-343:2,empty,500,,2026-06-24T16:40:50.925010+00:00,data/new_solution/boundary_probe/boundary_20260624_161614/boundary_detail_1979MIY_TOM339-343_2_20260624T164049_04ef9e7ba921.html,missing_record
http_error_mislabeled_empty,1979MON/MRO591-595:25,1979MON/MRO591-595,25,https://kinetics.nist.gov/solution/Detail?id=1979MON/MRO591-595:25,empty,500,,2026-06-25T07:18:05.577689+00:00,data/new_solution/boundary_probe/boundary_20260625_071124/boundary_detail_1979MON_MRO591-595_25_20260625T071803_f79a2d494d7b.html,missing_record
http_error_mislabeled_empty,1979MON761-764:25,1979MON761-764,25,https://kinetics.nist.gov/solution/Detail?id=1979MON761-764:25,empty,500,,2026-06-24T17:06:31.143199+00:00,data/new_solution/boundary_probe/boundary_20260624_161614/boundary_detail_1979MON761-764_25_20260624T170629_e1eb6a5a223b.html,missing_record
http_error_mislabeled_empty,1979PAQ/KRE4655-4663:9,1979PAQ/KRE4655-4663,9,https://kinetics.nist.gov/solution/Detail?id=1979PAQ/KRE4655-4663:9,empty,500,,2026-06-25T07:13:30.753212+00:00,data/new_solution/boundary_probe/boundary_20260625_071124/boundary_detail_1979PAQ_KRE4655-4663_9_20260625T071329_a96ea3d22ece.html,missing_record
http_error_mislabeled_empty,1979PEL/MEI6954-6959:4,1979PEL/MEI6954-6959,4,https://kinetics.nist.gov/solution/Detail?id=1979PEL/MEI6954-6959:4,empty,500,,2026-06-24T16:28:40.375111+00:00,data/new_solution/boundary_probe/boundary_20260624_161614/boundary_detail_1979PEL_MEI6954-6959_4_20260624T162838_7a6b4a6cc6b6.html,missing_record
http_error_mislabeled_empty,1979RIG/ARG161-164:3,1979RIG/ARG161-164,3,https://kinetics.nist.gov/solution/Detail?id=1979RIG/ARG161-164:3,empty,500,,2026-06-24T16:21:02.559731+00:00,data/new_solution/boundary_probe/boundary_20260624_161614/boundary_detail_1979RIG_ARG161-164_3_20260624T162100_39a7166fe1d1.html,missing_record
http_error_mislabeled_empty,1979SAM/ESP2587-2592:2,1979SAM/ESP2587-2592,2,https://kinetics.nist.gov/solution/Detail?id=1979SAM/ESP2587-2592:2,empty,500,,2026-06-24T16:17:49.358104+00:00,data/new_solution/boundary_probe/boundary_20260624_161614/boundary_detail_1979SAM_ESP2587-2592_2_20260624T161747_a4670989d59f.html,missing_record
http_error_mislabeled_empty,1979SHI/SEL179-188B:3,1979SHI/SEL179-188B,3,https://kinetics.nist.gov/solution/Detail?id=1979SHI/SEL179-188B:3,empty,500,,2026-06-24T16:24:46.492524+00:00,data/new_solution/boundary_probe/boundary_20260624_161614/boundary_detail_1979SHI_SEL179-188B_3_20260624T162444_611c119522ce.html,missing_record
http_error_mislabeled_empty,1979STE/FAC3511-3519:3,1979STE/FAC3511-3519,3,https://kinetics.nist.gov/solution/Detail?id=1979STE/FAC3511-3519:3,empty,500,,2026-06-24T16:46:36.838629+00:00,data/new_solution/boundary_probe/boundary_20260624_161614/boundary_detail_1979STE_FAC3511-3519_3_20260624T164635_1fb5f44a612d.html,missing_record
http_error_mislabeled_empty,1979STE/ONE2407-2412:3,1979STE/ONE2407-2412,3,https://kinetics.nist.gov/solution/Detail?id=1979STE/ONE2407-2412:3,empty,500,,2026-06-24T16:20:00.871952+00:00,data/new_solution/boundary_probe/boundary_20260624_161614/boundary_detail_1979STE_ONE2407-2412_3_20260624T161958_199e3d4278e4.html,missing_record
http_error_mislabeled_empty,1979SUK/ERS45-49:8,1979SUK/ERS45-49,8,https://kinetics.nist.gov/solution/Detail?id=1979SUK/ERS45-49:8,empty,500,,2026-06-24T16:51:23.537204+00:00,data/new_solution/boundary_probe/boundary_20260624_161614/boundary_detail_1979SUK_ERS45-49_8_20260624T165121_ca59c64ab783.html,missing_record
http_error_mislabeled_empty,1979TAN/CHA715-729:6,1979TAN/CHA715-729,6,https://kinetics.nist.gov/solution/Detail?id=1979TAN/CHA715-729:6,empty,500,,2026-06-24T16:20:10.310461+00:00,data/new_solution/boundary_probe/boundary_20260624_161614/boundary_detail_1979TAN_CHA715-729_6_20260624T162008_5daa235c75b5.html,missing_record
http_error_mislabeled_empty,1979VAN/TRO394-399:7,1979VAN/TRO394-399,7,https://kinetics.nist.gov/solution/Detail?id=1979VAN/TRO394-399:7,empty,500,,2026-06-24T16:43:19.895781+00:00,data/new_solution/boundary_probe/boundary_20260624_161614/boundary_detail_1979VAN_TRO394-399_7_20260624T164318_d364380be86d.html,missing_record
http_error_mislabeled_empty,1979WHI/LAU334-337:4,1979WHI/LAU334-337,4,https://kinetics.nist.gov/solution/Detail?id=1979WHI/LAU334-337:4,empty,500,,2026-06-24T16:33:27.076360+00:00,data/new_solution/boundary_probe/boundary_20260624_161614/boundary_detail_1979WHI_LAU334-337_4_20260624T163325_d0b1b7ed07bd.html,missing_record
http_error_mislabeled_empty,1980BEI/MIL966-968:6,1980BEI/MIL966-968,6,https://kinetics.nist.gov/solution/Detail?id=1980BEI/MIL966-968:6,empty,500,,2026-06-24T16:16:45.857021+00:00,data/new_solution/boundary_probe/boundary_20260624_161614/boundary_detail_1980BEI_MIL966-968_6_20260624T161644_732720b730be.html,missing_record
http_error_mislabeled_empty,1980BRE/MEH666-672:8,1980BRE/MEH666-672,8,https://kinetics.nist.gov/solution/Detail?id=1980BRE/MEH666-672:8,empty,500,,2026-06-24T16:28:02.055765+00:00,data/new_solution/boundary_probe/boundary_20260624_161614/boundary_detail_1980BRE_MEH666-672_8_20260624T162800_60b32a9fca68.html,missing_record
http_error_mislabeled_empty,1980BUI/BAK15-18:4,1980BUI/BAK15-18,4,https://kinetics.nist.gov/solution/Detail?id=1980BUI/BAK15-18:4,empty,500,,2026-06-24T16:30:01.286819+00:00,data/new_solution/boundary_probe/boundary_20260624_161614/boundary_detail_1980BUI_BAK15-18_4_20260624T162959_0177c3222974.html,missing_record
http_error_mislabeled_empty,1980BUT/SYK641-644:2,1980BUT/SYK641-644,2,https://kinetics.nist.gov/solution/Detail?id=1980BUT/SYK641-644:2,empty,500,,2026-06-24T16:27:43.158648+00:00,data/new_solution/boundary_probe/boundary_20260624_161614/boundary_detail_1980BUT_SYK641-644_2_20260624T162741_41bfa8ddf4c9.html,missing_record
http_error_mislabeled_empty,1980BYT/SAL387-390:12,1980BYT/SAL387-390,12,https://kinetics.nist.gov/solution/Detail?id=1980BYT/SAL387-390:12,empty,500,,2026-06-24T16:55:46.302575+00:00,data/new_solution/boundary_probe/boundary_20260624_161614/boundary_detail_1980BYT_SAL387-390_12_20260624T165544_47ae9d23365e.html,missing_record
http_error_mislabeled_empty,1980CHR/SEH183-186:3,1980CHR/SEH183-186,3,https://kinetics.nist.gov/solution/Detail?id=1980CHR/SEH183-186:3,empty,500,,2026-06-25T07:18:24.423705+00:00,data/new_solution/boundary_probe/boundary_20260625_071124/boundary_detail_1980CHR_SEH183-186_3_20260625T071822_0c0832742ff7.html,missing_record
http_error_mislabeled_empty,1980CZA/SAM129-135:2,1980CZA/SAM129-135,2,https://kinetics.nist.gov/solution/Detail?id=1980CZA/SAM129-135:2,empty,500,,2026-06-24T16:53:13.015960+00:00,data/new_solution/boundary_probe/boundary_20260624_161614/boundary_detail_1980CZA_SAM129-135_2_20260624T165311_986967d77bb9.html,missing_record
http_error_mislabeled_empty,1980DUN/HAR1415-1428:11,1980DUN/HAR1415-1428,11,https://kinetics.nist.gov/solution/Detail?id=1980DUN/HAR1415-1428:11,empty,500,,2026-06-24T17:03:58.546028+00:00,data/new_solution/boundary_probe/boundary_20260624_161614/boundary_detail_1980DUN_HAR1415-1428_11_20260624T170356_06ed34ee0f04.html,missing_record
http_error_mislabeled_empty,1980FOR/GIA1170-1171:2,1980FOR/GIA1170-1171,2,https://kinetics.nist.gov/solution/Detail?id=1980FOR/GIA1170-1171:2,empty,500,,2026-06-25T07:15:57.537707+00:00,data/new_solution/boundary_probe/boundary_20260625_071124/boundary_detail_1980FOR_GIA1170-1171_2_20260625T071555_14db100af2e5.html,missing_record
http_error_mislabeled_empty,1980FUO/MUL2985-2989:6,1980FUO/MUL2985-2989,6,https://kinetics.nist.gov/solution/Detail?id=1980FUO/MUL2985-2989:6,empty,500,,2026-06-24T16:58:10.293719+00:00,data/new_solution/boundary_probe/boundary_20260624_161614/boundary_detail_1980FUO_MUL2985-2989_6_20260624T165808_8ad1a98de6e2.html,missing_record
http_error_mislabeled_empty,1980FUR/HOW677-680:4,1980FUR/HOW677-680,4,https://kinetics.nist.gov/solution/Detail?id=1980FUR/HOW677-680:4,empty,500,,2026-06-24T16:52:30.407724+00:00,data/new_solution/boundary_probe/boundary_20260624_161614/boundary_detail_1980FUR_HOW677-680_4_20260624T165228_a54d88cb1feb.html,missing_record
http_error_mislabeled_empty,1980GAM/STA571-576:2,1980GAM/STA571-576,2,https://kinetics.nist.gov/solution/Detail?id=1980GAM/STA571-576:2,empty,500,,2026-06-24T16:39:43.839667+00:00,data/new_solution/boundary_probe/boundary_20260624_161614/boundary_detail_1980GAM_STA571-576_2_20260624T163942_37c95e4fe038.html,missing_record
http_error_mislabeled_empty,1980HIN/PET7317-7323:2,1980HIN/PET7317-7323,2,https://kinetics.nist.gov/solution/Detail?id=1980HIN/PET7317-7323:2,empty,500,,2026-06-24T16:22:23.719142+00:00,data/new_solution/boundary_probe/boundary_20260624_161614/boundary_detail_1980HIN_PET7317-7323_2_20260624T162222_20ab42bbb5a7.html,missing_record
http_error_mislabeled_empty,1980HOU/GAR270-278:3,1980HOU/GAR270-278,3,https://kinetics.nist.gov/solution/Detail?id=1980HOU/GAR270-278:3,empty,500,,2026-06-24T16:49:09.868713+00:00,data/new_solution/boundary_probe/boundary_20260624_161614/boundary_detail_1980HOU_GAR270-278_3_20260624T164908_a38ef957c122.html,missing_record
http_error_mislabeled_empty,1980IVA/KUP280-282:2,1980IVA/KUP280-282,2,https://kinetics.nist.gov/solution/Detail?id=1980IVA/KUP280-282:2,empty,500,,2026-06-24T16:43:53.602141+00:00,data/new_solution/boundary_probe/boundary_20260624_161614/boundary_detail_1980IVA_KUP280-282_2_20260624T164351_445796cc40c1.html,missing_record
http_error_mislabeled_empty,1980KEM/MAR1708-1713:6,1980KEM/MAR1708-1713,6,https://kinetics.nist.gov/solution/Detail?id=1980KEM/MAR1708-1713:6,empty,500,,2026-06-24T16:43:24.910247+00:00,data/new_solution/boundary_probe/boundary_20260624_161614/boundary_detail_1980KEM_MAR1708-1713_6_20260624T164322_cf4805050b42.html,missing_record
http_error_mislabeled_empty,1980LEN/ELS347-356B:2,1980LEN/ELS347-356B,2,https://kinetics.nist.gov/solution/Detail?id=1980LEN/ELS347-356B:2,empty,500,,2026-06-24T16:44:41.722937+00:00,data/new_solution/boundary_probe/boundary_20260624_161614/boundary_detail_1980LEN_ELS347-356B_2_20260624T164440_cbf1db7b300d.html,missing_record
http_error_mislabeled_empty,1980LIO/GAN305-309:5,1980LIO/GAN305-309,5,https://kinetics.nist.gov/solution/Detail?id=1980LIO/GAN305-309:5,empty,500,,2026-06-25T07:14:08.697544+00:00,data/new_solution/boundary_probe/boundary_20260625_071124/boundary_detail_1980LIO_GAN305-309_5_20260625T071407_1562c6588ce6.html,missing_record
http_error_mislabeled_empty,1980MON321-325:4,1980MON321-325,4,https://kinetics.nist.gov/solution/Detail?id=1980MON321-325:4,empty,500,,2026-06-25T07:18:10.270086+00:00,data/new_solution/boundary_probe/boundary_20260625_071124/boundary_detail_1980MON321-325_4_20260625T071808_0d2fbadc76cb.html,missing_record
http_error_mislabeled_empty,1980NAV/PAR159-161:4,1980NAV/PAR159-161,4,https://kinetics.nist.gov/solution/Detail?id=1980NAV/PAR159-161:4,empty,500,,2026-06-24T16:41:38.774943+00:00,data/new_solution/boundary_probe/boundary_20260624_161614/boundary_detail_1980NAV_PAR159-161_4_20260624T164137_f51bd632d72f.html,missing_record
http_error_mislabeled_empty,1980NEL/ALD1429-1430:4,1980NEL/ALD1429-1430,4,https://kinetics.nist.gov/solution/Detail?id=1980NEL/ALD1429-1430:4,empty,500,,2026-06-25T07:12:09.852928+00:00,data/new_solution/boundary_probe/boundary_20260625_071124/boundary_detail_1980NEL_ALD1429-1430_4_20260625T071208_0f1d3add15e8.html,missing_record
http_error_mislabeled_empty,1980OHS/SAJ327-338:9,1980OHS/SAJ327-338,9,https://kinetics.nist.gov/solution/Detail?id=1980OHS/SAJ327-338:9,empty,500,,2026-06-24T16:26:17.227316+00:00,data/new_solution/boundary_probe/boundary_20260624_161614/boundary_detail_1980OHS_SAJ327-338_9_20260624T162615_2d80ae2b336a.html,missing_record
http_error_mislabeled_empty,1980REM/KRA122-126:3,1980REM/KRA122-126,3,https://kinetics.nist.gov/solution/Detail?id=1980REM/KRA122-126:3,empty,500,,2026-06-24T16:39:58.390840+00:00,data/new_solution/boundary_probe/boundary_20260624_161614/boundary_detail_1980REM_KRA122-126_3_20260624T163956_3eac1a35e318.html,missing_record
http_error_mislabeled_empty,1980SAL/DZH85-87:4,1980SAL/DZH85-87,4,https://kinetics.nist.gov/solution/Detail?id=1980SAL/DZH85-87:4,empty,500,,2026-06-24T17:05:38.576662+00:00,data/new_solution/boundary_probe/boundary_20260624_161614/boundary_detail_1980SAL_DZH85-87_4_20260624T170536_ede414637b24.html,missing_record
http_error_mislabeled_empty,1980SCH/GOR611-615:2,1980SCH/GOR611-615,2,https://kinetics.nist.gov/solution/Detail?id=1980SCH/GOR611-615:2,empty,500,,2026-06-25T07:16:49.612335+00:00,data/new_solution/boundary_probe/boundary_20260625_071124/boundary_detail_1980SCH_GOR611-615_2_20260625T071647_21da73dab65c.html,missing_record
http_error_mislabeled_empty,1980WEI/BIE4916-4919:2,1980WEI/BIE4916-4919,2,https://kinetics.nist.gov/solution/Detail?id=1980WEI/BIE4916-4919:2,empty,500,,2026-06-25T07:17:18.020591+00:00,data/new_solution/boundary_probe/boundary_20260625_071124/boundary_detail_1980WEI_BIE4916-4919_2_20260625T071716_f08090f6d69f.html,missing_record
http_error_mislabeled_empty,1980ZAK/KRE469-472:3,1980ZAK/KRE469-472,3,https://kinetics.nist.gov/solution/Detail?id=1980ZAK/KRE469-472:3,empty,500,,2026-06-25T07:17:46.463732+00:00,data/new_solution/boundary_probe/boundary_20260625_071124/boundary_detail_1980ZAK_KRE469-472_3_20260625T071744_781b654fd292.html,missing_record
http_error_mislabeled_empty,1980ZEI/GIN1243-1247:2,1980ZEI/GIN1243-1247,2,https://kinetics.nist.gov/solution/Detail?id=1980ZEI/GIN1243-1247:2,empty,500,,2026-06-24T16:16:36.225631+00:00,data/new_solution/boundary_probe/boundary_20260624_161614/boundary_detail_1980ZEI_GIN1243-1247_2_20260624T161634_7ac96dcba95c.html,missing_record
http_error_mislabeled_empty,1981BAH/ASM890-895:9,1981BAH/ASM890-895,9,https://kinetics.nist.gov/solution/Detail?id=1981BAH/ASM890-895:9,empty,500,,2026-06-24T16:50:02.394371+00:00,data/new_solution/boundary_probe/boundary_20260624_161614/boundary_detail_1981BAH_ASM890-895_9_20260624T165000_26b83dfefda6.html,missing_record
http_error_mislabeled_empty,1981BHA/NET1527-1529:5,1981BHA/NET1527-1529,5,https://kinetics.nist.gov/solution/Detail?id=1981BHA/NET1527-1529:5,empty,500,,2026-06-25T07:16:35.347168+00:00,data/new_solution/boundary_probe/boundary_20260625_071124/boundary_detail_1981BHA_NET1527-1529_5_20260625T071633_cc0a494fec23.html,missing_record
http_error_mislabeled_empty,1981BOB382-388:7,1981BOB382-388,7,https://kinetics.nist.gov/solution/Detail?id=1981BOB382-388:7,empty,500,,2026-06-24T16:31:17.900493+00:00,data/new_solution/boundary_probe/boundary_20260624_161614/boundary_detail_1981BOB382-388_7_20260624T163116_9459cf4ac592.html,missing_record
http_error_mislabeled_empty,1981BRA/NET2705-2710:10,1981BRA/NET2705-2710,10,https://kinetics.nist.gov/solution/Detail?id=1981BRA/NET2705-2710:10,empty,500,,2026-06-24T16:16:31.295435+00:00,data/new_solution/boundary_probe/boundary_20260624_161614/boundary_detail_1981BRA_NET2705-2710_10_20260624T161629_b22a2555e30c.html,missing_record
http_error_mislabeled_empty,1981BRU/INF320-326:2,1981BRU/INF320-326,2,https://kinetics.nist.gov/solution/Detail?id=1981BRU/INF320-326:2,empty,500,,2026-06-24T16:53:03.550618+00:00,data/new_solution/boundary_probe/boundary_20260624_161614/boundary_detail_1981BRU_INF320-326_2_20260624T165301_ec1cbf812b46.html,missing_record
http_error_mislabeled_empty,1981CHA/NAT478-480:6,1981CHA/NAT478-480,6,https://kinetics.nist.gov/solution/Detail?id=1981CHA/NAT478-480:6,empty,500,,2026-06-24T16:41:58.002132+00:00,data/new_solution/boundary_probe/boundary_20260624_161614/boundary_detail_1981CHA_NAT478-480_6_20260624T164156_403bd4a73689.html,missing_record
http_error_mislabeled_empty,1981CHA/VIO3449-3456:12,1981CHA/VIO3449-3456,12,https://kinetics.nist.gov/solution/Detail?id=1981CHA/VIO3449-3456:12,empty,500,,2026-06-24T16:57:17.515304+00:00,data/new_solution/boundary_probe/boundary_20260624_161614/boundary_detail_1981CHA_VIO3449-3456_12_20260624T165715_c36cf9707827.html,missing_record
http_error_mislabeled_empty,1981CHE/BUT7796-7797:2,1981CHE/BUT7796-7797,2,https://kinetics.nist.gov/solution/Detail?id=1981CHE/BUT7796-7797:2,empty,500,,2026-06-25T07:17:13.331659+00:00,data/new_solution/boundary_probe/boundary_20260625_071124/boundary_detail_1981CHE_BUT7796-7797_2_20260625T071711_90c5ec330318.html,missing_record
http_error_mislabeled_empty,1981HAR/WIL1550-1556:2,1981HAR/WIL1550-1556,2,https://kinetics.nist.gov/solution/Detail?id=1981HAR/WIL1550-1556:2,empty,500,,2026-06-24T16:21:50.420290+00:00,data/new_solution/boundary_probe/boundary_20260624_161614/boundary_detail_1981HAR_WIL1550-1556_2_20260624T162148_eedd18cb955f.html,missing_record
http_error_mislabeled_empty,1981INB/LIN7323-7328:4,1981INB/LIN7323-7328,4,https://kinetics.nist.gov/solution/Detail?id=1981INB/LIN7323-7328:4,empty,500,,2026-06-24T16:16:16.870947+00:00,data/new_solution/boundary_probe/boundary_20260624_161614/boundary_detail_1981INB_LIN7323-7328_4_20260624T161614_5a76bfee032a.html,missing_record
http_error_mislabeled_empty,1981KHA/WAL3319-3325:5,1981KHA/WAL3319-3325,5,https://kinetics.nist.gov/solution/Detail?id=1981KHA/WAL3319-3325:5,empty,500,,2026-06-24T16:56:34.419671+00:00,data/new_solution/boundary_probe/boundary_20260624_161614/boundary_detail_1981KHA_WAL3319-3325_5_20260624T165632_38e4b2c1b9bf.html,missing_record
http_error_mislabeled_empty,1981KLA/SEH1707-1718:10,1981KLA/SEH1707-1718,10,https://kinetics.nist.gov/solution/Detail?id=1981KLA/SEH1707-1718:10,empty,500,,2026-06-24T16:17:05.288112+00:00,data/new_solution/boundary_probe/boundary_20260624_161614/boundary_detail_1981KLA_SEH1707-1718_10_20260624T161703_52a41bf317b1.html,missing_record
http_error_mislabeled_empty,1981KUM/NET2830-2832:4,1981KUM/NET2830-2832,4,https://kinetics.nist.gov/solution/Detail?id=1981KUM/NET2830-2832:4,empty,500,,2026-06-25T07:19:36.177757+00:00,data/new_solution/boundary_probe/boundary_20260625_071124/boundary_detail_1981KUM_NET2830-2832_4_20260625T071934_d90e8a0e4e6c.html,missing_record
http_error_mislabeled_empty,1981PAS/BAN261-267:2,1981PAS/BAN261-267,2,https://kinetics.nist.gov/solution/Detail?id=1981PAS/BAN261-267:2,empty,500,,2026-06-25T07:13:44.909877+00:00,data/new_solution/boundary_probe/boundary_20260625_071124/boundary_detail_1981PAS_BAN261-267_2_20260625T071343_e7bf3b56b8a6.html,missing_record
http_error_mislabeled_empty,1981PRI39-41:4,1981PRI39-41,4,https://kinetics.nist.gov/solution/Detail?id=1981PRI39-41:4,empty,500,,2026-06-24T16:55:22.442578+00:00,data/new_solution/boundary_probe/boundary_20260624_161614/boundary_detail_1981PRI39-41_4_20260624T165520_ab63056b567c.html,missing_record
http_error_mislabeled_empty,1981PRU/LAN281-292:2,1981PRU/LAN281-292,2,https://kinetics.nist.gov/solution/Detail?id=1981PRU/LAN281-292:2,empty,500,,2026-06-24T16:46:12.664280+00:00,data/new_solution/boundary_probe/boundary_20260624_161614/boundary_detail_1981PRU_LAN281-292_2_20260624T164610_18bc7296e458.html,missing_record
http_error_mislabeled_empty,1981SAP184-187:2,1981SAP184-187,2,https://kinetics.nist.gov/solution/Detail?id=1981SAP184-187:2,empty,500,,2026-06-24T16:57:56.043912+00:00,data/new_solution/boundary_probe/boundary_20260624_161614/boundary_detail_1981SAP184-187_2_20260624T165754_6eae3677771e.html,missing_record
http_error_mislabeled_empty,1981SCH1p:2,1981SCH1p,2,https://kinetics.nist.gov/solution/Detail?id=1981SCH1p:2,empty,500,,2026-06-24T16:36:47.310289+00:00,data/new_solution/boundary_probe/boundary_20260624_161614/boundary_detail_1981SCH1p_2_20260624T163645_4a2a9d2c7364.html,missing_record
http_error_mislabeled_empty,1981SEK/IMA81-89:6,1981SEK/IMA81-89,6,https://kinetics.nist.gov/solution/Detail?id=1981SEK/IMA81-89:6,empty,500,,2026-06-24T16:53:32.263502+00:00,data/new_solution/boundary_probe/boundary_20260624_161614/boundary_detail_1981SEK_IMA81-89_6_20260624T165330_f92246e06761.html,missing_record
http_error_mislabeled_empty,1981SER/JAM1091-1098:24,1981SER/JAM1091-1098,24,https://kinetics.nist.gov/solution/Detail?id=1981SER/JAM1091-1098:24,empty,500,,2026-06-25T07:12:14.530867+00:00,data/new_solution/boundary_probe/boundary_20260625_071124/boundary_detail_1981SER_JAM1091-1098_24_20260625T071212_62592545272f.html,missing_record
http_error_mislabeled_empty,1981TIR/BYT682-684:16,1981TIR/BYT682-684,16,https://kinetics.nist.gov/solution/Detail?id=1981TIR/BYT682-684:16,empty,500,,2026-06-24T17:03:05.908648+00:00,data/new_solution/boundary_probe/boundary_20260624_161614/boundary_detail_1981TIR_BYT682-684_16_20260624T170304_5b0e721860fa.html,missing_record
http_error_mislabeled_empty,1981VEK/MIR974-981:2,1981VEK/MIR974-981,2,https://kinetics.nist.gov/solution/Detail?id=1981VEK/MIR974-981:2,empty,500,,2026-06-24T16:51:09.108750+00:00,data/new_solution/boundary_probe/boundary_20260624_161614/boundary_detail_1981VEK_MIR974-981_2_20260624T165107_55cd1bb3837e.html,missing_record
http_error_mislabeled_empty,1981WAS/PIC1069-1073:12,1981WAS/PIC1069-1073,12,https://kinetics.nist.gov/solution/Detail?id=1981WAS/PIC1069-1073:12,empty,500,,2026-06-24T16:45:34.219680+00:00,data/new_solution/boundary_probe/boundary_20260624_161614/boundary_detail_1981WAS_PIC1069-1073_12_20260624T164532_cc7448880c5d.html,missing_record
http_error_mislabeled_empty,1982ABU/MOO575-581:5,1982ABU/MOO575-581,5,https://kinetics.nist.gov/solution/Detail?id=1982ABU/MOO575-581:5,empty,500,,2026-06-24T16:59:17.248702+00:00,data/new_solution/boundary_probe/boundary_20260624_161614/boundary_detail_1982ABU_MOO575-581_5_20260624T165915_b085393f14da.html,missing_record
http_error_mislabeled_empty,1982BIE/GEB796-798:2,1982BIE/GEB796-798,2,https://kinetics.nist.gov/solution/Detail?id=1982BIE/GEB796-798:2,empty,500,,2026-06-24T16:35:50.368180+00:00,data/new_solution/boundary_probe/boundary_20260624_161614/boundary_detail_1982BIE_GEB796-798_2_20260624T163548_ec348bfe818d.html,missing_record
http_error_mislabeled_empty,1982BRA/NET3405-3410:10,1982BRA/NET3405-3410,10,https://kinetics.nist.gov/solution/Detail?id=1982BRA/NET3405-3410:10,empty,500,,2026-06-25T07:11:26.941310+00:00,data/new_solution/boundary_probe/boundary_20260625_071124/boundary_detail_1982BRA_NET3405-3410_10_20260625T071124_46feffe5f54e.html,missing_record
http_error_mislabeled_empty,1982BUT/HAL174-178:10,1982BUT/HAL174-178,10,https://kinetics.nist.gov/solution/Detail?id=1982BUT/HAL174-178:10,empty,500,,2026-06-24T16:18:18.694821+00:00,data/new_solution/boundary_probe/boundary_20260624_161614/boundary_detail_1982BUT_HAL174-178_10_20260624T161816_e33bbc1a9f13.html,missing_record
http_error_mislabeled_empty,1982COH/NUT943-950:13,1982COH/NUT943-950,13,https://kinetics.nist.gov/solution/Detail?id=1982COH/NUT943-950:13,empty,500,,2026-06-24T16:54:05.846077+00:00,data/new_solution/boundary_probe/boundary_20260624_161614/boundary_detail_1982COH_NUT943-950_13_20260624T165404_d30831bdf4de.html,missing_record
http_error_mislabeled_empty,1982CRE/KEL3618-3627:6,1982CRE/KEL3618-3627,6,https://kinetics.nist.gov/solution/Detail?id=1982CRE/KEL3618-3627:6,empty,500,,2026-06-24T16:38:51.250498+00:00,data/new_solution/boundary_probe/boundary_20260624_161614/boundary_detail_1982CRE_KEL3618-3627_6_20260624T163849_554dc1187d60.html,missing_record
http_error_mislabeled_empty,1982DZI/GLO347-354:3,1982DZI/GLO347-354,3,https://kinetics.nist.gov/solution/Detail?id=1982DZI/GLO347-354:3,empty,500,,2026-06-24T17:02:18.141227+00:00,data/new_solution/boundary_probe/boundary_20260624_161614/boundary_detail_1982DZI_GLO347-354_3_20260624T170216_8983127eedb1.html,missing_record
http_error_mislabeled_empty,1982FOR/BAH255-259:2,1982FOR/BAH255-259,2,https://kinetics.nist.gov/solution/Detail?id=1982FOR/BAH255-259:2,empty,500,,2026-06-24T16:17:25.123978+00:00,data/new_solution/boundary_probe/boundary_20260624_161614/boundary_detail_1982FOR_BAH255-259_2_20260624T161723_0bdc7bce5c20.html,missing_record
http_error_mislabeled_empty,1982HEI/NAU560-563:2,1982HEI/NAU560-563,2,https://kinetics.nist.gov/solution/Detail?id=1982HEI/NAU560-563:2,empty,500,,2026-06-24T16:26:55.612492+00:00,data/new_solution/boundary_probe/boundary_20260624_161614/boundary_detail_1982HEI_NAU560-563_2_20260624T162653_b24497f54753.html,missing_record
http_error_mislabeled_empty,1982INO/MAT2959-2964:17,1982INO/MAT2959-2964,17,https://kinetics.nist.gov/solution/Detail?id=1982INO/MAT2959-2964:17,empty,500,,2026-06-25T07:13:25.994990+00:00,data/new_solution/boundary_probe/boundary_20260625_071124/boundary_detail_1982INO_MAT2959-2964_17_20260625T071324_37684fc9d660.html,missing_record
http_error_mislabeled_empty,1982JEF/KOH133-136:29,1982JEF/KOH133-136,29,https://kinetics.nist.gov/solution/Detail?id=1982JEF/KOH133-136:29,empty,500,,2026-06-24T16:41:00.430074+00:00,data/new_solution/boundary_probe/boundary_20260624_161614/boundary_detail_1982JEF_KOH133-136_29_20260624T164058_1fe70b2cdb12.html,missing_record
http_error_mislabeled_empty,1982KOL/LIN599-605:2,1982KOL/LIN599-605,2,https://kinetics.nist.gov/solution/Detail?id=1982KOL/LIN599-605:2,empty,500,,2026-06-24T16:43:39.474967+00:00,data/new_solution/boundary_probe/boundary_20260624_161614/boundary_detail_1982KOL_LIN599-605_2_20260624T164337_a6af21ea738f.html,missing_record
http_error_mislabeled_empty,1982KOU/MAR571-572:3,1982KOU/MAR571-572,3,https://kinetics.nist.gov/solution/Detail?id=1982KOU/MAR571-572:3,empty,500,,2026-06-24T16:22:28.514448+00:00,data/new_solution/boundary_probe/boundary_20260624_161614/boundary_detail_1982KOU_MAR571-572_3_20260624T162226_8364923e7c86.html,missing_record
http_error_mislabeled_empty,1982LAU/LOD158-162:3,1982LAU/LOD158-162,3,https://kinetics.nist.gov/solution/Detail?id=1982LAU/LOD158-162:3,empty,500,,2026-06-24T16:59:21.967217+00:00,data/new_solution/boundary_probe/boundary_20260624_161614/boundary_detail_1982LAU_LOD158-162_3_20260624T165920_ae1bb1cc241c.html,missing_record
http_error_mislabeled_empty,1982LEV/NET4532-4537:5,1982LEV/NET4532-4537,5,https://kinetics.nist.gov/solution/Detail?id=1982LEV/NET4532-4537:5,empty,500,,2026-06-24T16:24:37.076797+00:00,data/new_solution/boundary_probe/boundary_20260624_161614/boundary_detail_1982LEV_NET4532-4537_5_20260624T162435_3cdfcebfdb11.html,missing_record
http_error_mislabeled_empty,1982LOU/LEP617-628:11,1982LOU/LEP617-628,11,https://kinetics.nist.gov/solution/Detail?id=1982LOU/LEP617-628:11,empty,500,,2026-06-24T16:48:12.774833+00:00,data/new_solution/boundary_probe/boundary_20260624_161614/boundary_detail_1982LOU_LEP617-628_11_20260624T164811_4d979c5221ec.html,missing_record
http_error_mislabeled_empty,1982MEH/BRE299-309:2,1982MEH/BRE299-309,2,https://kinetics.nist.gov/solution/Detail?id=1982MEH/BRE299-309:2,empty,500,,2026-06-24T16:47:48.660766+00:00,data/new_solution/boundary_probe/boundary_20260624_161614/boundary_detail_1982MEH_BRE299-309_2_20260624T164746_c45c9e909ba6.html,missing_record
http_error_mislabeled_empty,1982MOR/PAT1833-1837:4,1982MOR/PAT1833-1837,4,https://kinetics.nist.gov/solution/Detail?id=1982MOR/PAT1833-1837:4,empty,500,,2026-06-25T07:12:38.288392+00:00,data/new_solution/boundary_probe/boundary_20260625_071124/boundary_detail_1982MOR_PAT1833-1837_4_20260625T071236_e28c66a6b7e9.html,missing_record
http_error_mislabeled_empty,1982MOR/PATL183-L185:4,1982MOR/PATL183-L185,4,https://kinetics.nist.gov/solution/Detail?id=1982MOR/PATL183-L185:4,empty,500,,2026-06-25T07:16:59.152272+00:00,data/new_solution/boundary_probe/boundary_20260625_071124/boundary_detail_1982MOR_PATL183-L185_4_20260625T071657_19af15b40c4c.html,missing_record
http_error_mislabeled_empty,1982PAP/HOF2087-2089:8,1982PAP/HOF2087-2089,8,https://kinetics.nist.gov/solution/Detail?id=1982PAP/HOF2087-2089:8,empty,500,,2026-06-24T16:32:48.899897+00:00,data/new_solution/boundary_probe/boundary_20260624_161614/boundary_detail_1982PAP_HOF2087-2089_8_20260624T163247_4efd0db137c1.html,missing_record
http_error_mislabeled_empty,1982RAM/RAM109-115:15,1982RAM/RAM109-115,15,https://kinetics.nist.gov/solution/Detail?id=1982RAM/RAM109-115:15,empty,500,,2026-06-24T16:39:34.369381+00:00,data/new_solution/boundary_probe/boundary_20260624_161614/boundary_detail_1982RAM_RAM109-115_15_20260624T163932_3865d31ae362.html,missing_record
http_error_mislabeled_empty,1982ROD/BAT473-477:4,1982ROD/BAT473-477,4,https://kinetics.nist.gov/solution/Detail?id=1982ROD/BAT473-477:4,empty,500,,2026-06-24T16:21:55.129174+00:00,data/new_solution/boundary_probe/boundary_20260624_161614/boundary_detail_1982ROD_BAT473-477_4_20260624T162153_e5168f2f9123.html,missing_record
http_error_mislabeled_empty,1982SCH/DRE4909-4913:2,1982SCH/DRE4909-4913,2,https://kinetics.nist.gov/solution/Detail?id=1982SCH/DRE4909-4913:2,empty,500,,2026-06-24T16:30:58.497928+00:00,data/new_solution/boundary_probe/boundary_20260624_161614/boundary_detail_1982SCH_DRE4909-4913_2_20260624T163056_ad63283c723d.html,missing_record
http_error_mislabeled_empty,1982SHI/FED832-834:3,1982SHI/FED832-834,3,https://kinetics.nist.gov/solution/Detail?id=1982SHI/FED832-834:3,empty,500,,2026-06-24T16:28:59.324629+00:00,data/new_solution/boundary_probe/boundary_20260624_161614/boundary_detail_1982SHI_FED832-834_3_20260624T162857_e25a2df2fc5a.html,missing_record
http_error_mislabeled_empty,1982SIN/KOR137-146:4,1982SIN/KOR137-146,4,https://kinetics.nist.gov/solution/Detail?id=1982SIN/KOR137-146:4,empty,500,,2026-06-24T16:18:28.522209+00:00,data/new_solution/boundary_probe/boundary_20260624_161614/boundary_detail_1982SIN_KOR137-146_4_20260624T161826_31f70fc9f027.html,missing_record
http_error_mislabeled_empty,1982SOL/SOL1077-1082:2,1982SOL/SOL1077-1082,2,https://kinetics.nist.gov/solution/Detail?id=1982SOL/SOL1077-1082:2,empty,500,,2026-06-24T16:26:02.990261+00:00,data/new_solution/boundary_probe/boundary_20260624_161614/boundary_detail_1982SOL_SOL1077-1082_2_20260624T162601_ce3241fa124c.html,missing_record
http_error_mislabeled_empty,1982SOM/OHA62-68:8,1982SOM/OHA62-68,8,https://kinetics.nist.gov/solution/Detail?id=1982SOM/OHA62-68:8,empty,500,,2026-06-24T17:04:08.168877+00:00,data/new_solution/boundary_probe/boundary_20260624_161614/boundary_detail_1982SOM_OHA62-68_8_20260624T170406_fa5cb72a9c7b.html,missing_record
http_error_mislabeled_empty,1982VEL/ASM1147-1152:3,1982VEL/ASM1147-1152,3,https://kinetics.nist.gov/solution/Detail?id=1982VEL/ASM1147-1152:3,empty,500,,2026-06-24T16:44:27.126286+00:00,data/new_solution/boundary_probe/boundary_20260624_161614/boundary_detail_1982VEL_ASM1147-1152_3_20260624T164425_e03ebd4e9c8a.html,missing_record
http_error_mislabeled_empty,1982WU/BAC4417-4422:2,1982WU/BAC4417-4422,2,https://kinetics.nist.gov/solution/Detail?id=1982WU/BAC4417-4422:2,empty,500,,2026-06-24T17:04:03.266800+00:00,data/new_solution/boundary_probe/boundary_20260624_161614/boundary_detail_1982WU_BAC4417-4422_2_20260624T170401_1a5fd9957ac5.html,missing_record
http_error_mislabeled_empty,1983AHM/WU1806-1810:3,1983AHM/WU1806-1810,3,https://kinetics.nist.gov/solution/Detail?id=1983AHM/WU1806-1810:3,empty,500,,2026-06-24T16:53:27.344062+00:00,data/new_solution/boundary_probe/boundary_20260624_161614/boundary_detail_1983AHM_WU1806-1810_3_20260624T165325_5de0792b0b69.html,missing_record
http_error_mislabeled_empty,1983AND78-82:4,1983AND78-82,4,https://kinetics.nist.gov/solution/Detail?id=1983AND78-82:4,empty,500,,2026-06-24T16:57:51.328180+00:00,data/new_solution/boundary_probe/boundary_20260624_161614/boundary_detail_1983AND78-82_4_20260624T165749_041bc52c4c3c.html,missing_record
http_error_mislabeled_empty,1983BAH/ASM1661-1668:12,1983BAH/ASM1661-1668,12,https://kinetics.nist.gov/solution/Detail?id=1983BAH/ASM1661-1668:12,empty,500,,2026-06-24T16:37:58.924172+00:00,data/new_solution/boundary_probe/boundary_20260624_161614/boundary_detail_1983BAH_ASM1661-1668_12_20260624T163757_09360dd19081.html,missing_record
http_error_mislabeled_empty,1983BIS/CUN1053-1060B:2,1983BIS/CUN1053-1060B,2,https://kinetics.nist.gov/solution/Detail?id=1983BIS/CUN1053-1060B:2,empty,500,,2026-06-24T16:32:39.361044+00:00,data/new_solution/boundary_probe/boundary_20260624_161614/boundary_detail_1983BIS_CUN1053-1060B_2_20260624T163237_bba4a59c711a.html,missing_record
http_error_mislabeled_empty,1983BLA/SWA241-247B:4,1983BLA/SWA241-247B,4,https://kinetics.nist.gov/solution/Detail?id=1983BLA/SWA241-247B:4,empty,500,,2026-06-24T16:32:20.124642+00:00,data/new_solution/boundary_probe/boundary_20260624_161614/boundary_detail_1983BLA_SWA241-247B_4_20260624T163218_93b0990c7b9d.html,missing_record
http_error_mislabeled_empty,1983BRE/MEH117-127:3,1983BRE/MEH117-127,3,https://kinetics.nist.gov/solution/Detail?id=1983BRE/MEH117-127:3,empty,500,,2026-06-24T16:41:24.511721+00:00,data/new_solution/boundary_probe/boundary_20260624_161614/boundary_detail_1983BRE_MEH117-127_3_20260624T164122_7c4051c4d4f7.html,missing_record
http_error_mislabeled_empty,1983DAM/MAR2005-2011:2,1983DAM/MAR2005-2011,2,https://kinetics.nist.gov/solution/Detail?id=1983DAM/MAR2005-2011:2,empty,500,,2026-06-24T16:39:19.842602+00:00,data/new_solution/boundary_probe/boundary_20260624_161614/boundary_detail_1983DAM_MAR2005-2011_2_20260624T163918_8cfbe6c9aa68.html,missing_record
http_error_mislabeled_empty,1983DIX/WEL444-448:3,1983DIX/WEL444-448,3,https://kinetics.nist.gov/solution/Detail?id=1983DIX/WEL444-448:3,empty,500,,2026-06-24T16:38:32.200393+00:00,data/new_solution/boundary_probe/boundary_20260624_161614/boundary_detail_1983DIX_WEL444-448_3_20260624T163830_7b2c44b24238.html,missing_record
http_error_mislabeled_empty,1983FOR/PAC171-177:9,1983FOR/PAC171-177,9,https://kinetics.nist.gov/solution/Detail?id=1983FOR/PAC171-177:9,empty,500,,2026-06-24T16:54:53.770490+00:00,data/new_solution/boundary_probe/boundary_20260624_161614/boundary_detail_1983FOR_PAC171-177_9_20260624T165451_3bc7b283c8e6.html,missing_record
http_error_mislabeled_empty,1983GOL/CZA7276-7280:5,1983GOL/CZA7276-7280,5,https://kinetics.nist.gov/solution/Detail?id=1983GOL/CZA7276-7280:5,empty,500,,2026-06-25T07:17:51.321989+00:00,data/new_solution/boundary_probe/boundary_20260625_071124/boundary_detail_1983GOL_CZA7276-7280_5_20260625T071749_79e01824338b.html,missing_record
http_error_mislabeled_empty,1983KOB/HIR2239-2243:2,1983KOB/HIR2239-2243,2,https://kinetics.nist.gov/solution/Detail?id=1983KOB/HIR2239-2243:2,empty,500,,2026-06-25T07:13:21.195305+00:00,data/new_solution/boundary_probe/boundary_20260625_071124/boundary_detail_1983KOB_HIR2239-2243_2_20260625T071319_792b3d765d91.html,missing_record
http_error_mislabeled_empty,1983KRA/KAG233-236:8,1983KRA/KAG233-236,8,https://kinetics.nist.gov/solution/Detail?id=1983KRA/KAG233-236:8,empty,500,,2026-06-24T16:45:24.797983+00:00,data/new_solution/boundary_probe/boundary_20260624_161614/boundary_detail_1983KRA_KAG233-236_8_20260624T164523_76d63e8cc0a8.html,missing_record
http_error_mislabeled_empty,1983KRA/STE1493-1512:4,1983KRA/STE1493-1512,4,https://kinetics.nist.gov/solution/Detail?id=1983KRA/STE1493-1512:4,empty,500,,2026-06-24T16:37:39.843114+00:00,data/new_solution/boundary_probe/boundary_20260624_161614/boundary_detail_1983KRA_STE1493-1512_4_20260624T163738_d69c4f575870.html,missing_record
http_error_mislabeled_empty,1983KUM/ROT7064-7074:12,1983KUM/ROT7064-7074,12,https://kinetics.nist.gov/solution/Detail?id=1983KUM/ROT7064-7074:12,empty,500,,2026-06-25T07:15:10.101930+00:00,data/new_solution/boundary_probe/boundary_20260625_071124/boundary_detail_1983KUM_ROT7064-7074_12_20260625T071508_053af79c5b8c.html,missing_record
http_error_mislabeled_empty,1983MUR/SER432-433:3,1983MUR/SER432-433,3,https://kinetics.nist.gov/solution/Detail?id=1983MUR/SER432-433:3,empty,500,,2026-06-24T16:50:59.454765+00:00,data/new_solution/boundary_probe/boundary_20260624_161614/boundary_detail_1983MUR_SER432-433_3_20260624T165057_20a4140e6f35.html,missing_record
http_error_mislabeled_empty,1983OGI/FOO3423-3430:10,1983OGI/FOO3423-3430,10,https://kinetics.nist.gov/solution/Detail?id=1983OGI/FOO3423-3430:10,empty,500,,2026-06-24T16:18:48.051101+00:00,data/new_solution/boundary_probe/boundary_20260624_161614/boundary_detail_1983OGI_FOO3423-3430_10_20260624T161846_8b76a6214a38.html,missing_record
http_error_mislabeled_empty,1983PIK/KUC135-137:4,1983PIK/KUC135-137,4,https://kinetics.nist.gov/solution/Detail?id=1983PIK/KUC135-137:4,empty,500,,2026-06-24T16:57:32.185299+00:00,data/new_solution/boundary_probe/boundary_20260624_161614/boundary_detail_1983PIK_KUC135-137_4_20260624T165730_0556ee471325.html,missing_record
http_error_mislabeled_empty,1983RES/CHI281-291:3,1983RES/CHI281-291,3,https://kinetics.nist.gov/solution/Detail?id=1983RES/CHI281-291:3,empty,500,,2026-06-24T16:48:31.846473+00:00,data/new_solution/boundary_probe/boundary_20260624_161614/boundary_detail_1983RES_CHI281-291_3_20260624T164830_28c50c31ccb7.html,missing_record
http_error_mislabeled_empty,1983ROS/HOF2866-2873:2,1983ROS/HOF2866-2873,2,https://kinetics.nist.gov/solution/Detail?id=1983ROS/HOF2866-2873:2,empty,500,,2026-06-24T16:55:12.870204+00:00,data/new_solution/boundary_probe/boundary_20260624_161614/boundary_detail_1983ROS_HOF2866-2873_2_20260624T165511_72f0a86c4d58.html,missing_record
http_error_mislabeled_empty,1983SHA/ISA3897-3902:4,1983SHA/ISA3897-3902,4,https://kinetics.nist.gov/solution/Detail?id=1983SHA/ISA3897-3902:4,empty,500,,2026-06-24T16:22:57.114658+00:00,data/new_solution/boundary_probe/boundary_20260624_161614/boundary_detail_1983SHA_ISA3897-3902_4_20260624T162255_293a8a4774d1.html,missing_record
http_error_mislabeled_empty,1983SIM/HUN449-460B:4,1983SIM/HUN449-460B,4,https://kinetics.nist.gov/solution/Detail?id=1983SIM/HUN449-460B:4,empty,500,,2026-06-24T16:54:10.572095+00:00,data/new_solution/boundary_probe/boundary_20260624_161614/boundary_detail_1983SIM_HUN449-460B_4_20260624T165408_6f858cba455f.html,missing_record
http_error_mislabeled_empty,1983TAN/CHA265-273:6,1983TAN/CHA265-273,6,https://kinetics.nist.gov/solution/Detail?id=1983TAN/CHA265-273:6,empty,500,,2026-06-24T16:27:38.449617+00:00,data/new_solution/boundary_probe/boundary_20260624_161614/boundary_detail_1983TAN_CHA265-273_6_20260624T162736_3d0dde1537cf.html,missing_record
http_error_mislabeled_empty,1983WIL/SCH679-681:5,1983WIL/SCH679-681,5,https://kinetics.nist.gov/solution/Detail?id=1983WIL/SCH679-681:5,empty,500,,2026-06-24T16:21:12.104229+00:00,data/new_solution/boundary_probe/boundary_20260624_161614/boundary_detail_1983WIL_SCH679-681_5_20260624T162110_bd87ddb9a0f0.html,missing_record
http_error_mislabeled_empty,1983WIL1-22B:7,1983WIL1-22B,7,https://kinetics.nist.gov/solution/Detail?id=1983WIL1-22B:7,empty,500,,2026-06-24T16:52:54.120891+00:00,data/new_solution/boundary_probe/boundary_20260624_161614/boundary_detail_1983WIL1-22B_7_20260624T165252_02c9e855c2c8.html,missing_record
http_error_mislabeled_empty,1983WUL/GET271-278B:5,1983WUL/GET271-278B,5,https://kinetics.nist.gov/solution/Detail?id=1983WUL/GET271-278B:5,empty,500,,2026-06-24T16:36:28.428183+00:00,data/new_solution/boundary_probe/boundary_20260624_161614/boundary_detail_1983WUL_GET271-278B_5_20260624T163626_bc97ecedd3a5.html,missing_record
http_error_mislabeled_empty,1984AND/PAC49-52:2,1984AND/PAC49-52,2,https://kinetics.nist.gov/solution/Detail?id=1984AND/PAC49-52:2,empty,500,,2026-06-24T16:58:58.203168+00:00,data/new_solution/boundary_probe/boundary_20260624_161614/boundary_detail_1984AND_PAC49-52_2_20260624T165856_e4ee673ff564.html,missing_record
http_error_mislabeled_empty,1984BAR/HAM1595-1600:2,1984BAR/HAM1595-1600,2,https://kinetics.nist.gov/solution/Detail?id=1984BAR/HAM1595-1600:2,empty,500,,2026-06-24T16:38:17.830145+00:00,data/new_solution/boundary_probe/boundary_20260624_161614/boundary_detail_1984BAR_HAM1595-1600_2_20260624T163816_de7a237359a4.html,missing_record
http_error_mislabeled_empty,1984BIE/ARU1-15B:12,1984BIE/ARU1-15B,12,https://kinetics.nist.gov/solution/Detail?id=1984BIE/ARU1-15B:12,empty,500,,2026-06-24T16:41:05.143150+00:00,data/new_solution/boundary_probe/boundary_20260624_161614/boundary_detail_1984BIE_ARU1-15B_12_20260624T164103_8bec97e4a84d.html,missing_record
http_error_mislabeled_empty,1984BOB1377-1389:5,1984BOB1377-1389,5,https://kinetics.nist.gov/solution/Detail?id=1984BOB1377-1389:5,empty,500,,2026-06-25T07:19:12.423083+00:00,data/new_solution/boundary_probe/boundary_20260625_071124/boundary_detail_1984BOB1377-1389_5_20260625T071910_95e6468b02bc.html,missing_record
http_error_mislabeled_empty,1984BRA/NET2857-2862:9,1984BRA/NET2857-2862,9,https://kinetics.nist.gov/solution/Detail?id=1984BRA/NET2857-2862:9,empty,500,,2026-06-24T16:57:46.517399+00:00,data/new_solution/boundary_probe/boundary_20260624_161614/boundary_detail_1984BRA_NET2857-2862_9_20260624T165744_731115373245.html,missing_record
http_error_mislabeled_empty,1984BUX/WAL207-210:2,1984BUX/WAL207-210,2,https://kinetics.nist.gov/solution/Detail?id=1984BUX/WAL207-210:2,empty,500,,2026-06-25T07:17:08.625812+00:00,data/new_solution/boundary_probe/boundary_20260625_071124/boundary_detail_1984BUX_WAL207-210_2_20260625T071706_0152d22fadc0.html,missing_record
http_error_mislabeled_empty,1984CAS/TOU119-132:10,1984CAS/TOU119-132,10,https://kinetics.nist.gov/solution/Detail?id=1984CAS/TOU119-132:10,empty,500,,2026-06-25T07:12:52.826736+00:00,data/new_solution/boundary_probe/boundary_20260625_071124/boundary_detail_1984CAS_TOU119-132_10_20260625T071250_25174a420ee5.html,missing_record
http_error_mislabeled_empty,1984CHE/ATH5143-5145:2,1984CHE/ATH5143-5145,2,https://kinetics.nist.gov/solution/Detail?id=1984CHE/ATH5143-5145:2,empty,500,,2026-06-24T16:37:15.868423+00:00,data/new_solution/boundary_probe/boundary_20260624_161614/boundary_detail_1984CHE_ATH5143-5145_2_20260624T163714_f1acd10a3d2f.html,missing_record
http_error_mislabeled_empty,1984DAR/MOG269-274:3,1984DAR/MOG269-274,3,https://kinetics.nist.gov/solution/Detail?id=1984DAR/MOG269-274:3,empty,500,,2026-06-24T16:45:05.705821+00:00,data/new_solution/boundary_probe/boundary_20260624_161614/boundary_detail_1984DAR_MOG269-274_3_20260624T164503_f3746caca231.html,missing_record
http_error_mislabeled_empty,1984ELA/RAM47-52:9,1984ELA/RAM47-52,9,https://kinetics.nist.gov/solution/Detail?id=1984ELA/RAM47-52:9,empty,500,,2026-06-24T16:33:41.575111+00:00,data/new_solution/boundary_probe/boundary_20260624_161614/boundary_detail_1984ELA_RAM47-52_9_20260624T163339_b355f641e895.html,missing_record
http_error_mislabeled_empty,1984FOR197-209:5,1984FOR197-209,5,https://kinetics.nist.gov/solution/Detail?id=1984FOR197-209:5,empty,500,,2026-06-24T16:42:36.824852+00:00,data/new_solution/boundary_probe/boundary_20260624_161614/boundary_detail_1984FOR197-209_5_20260624T164235_c65b83bea023.html,missing_record
http_error_mislabeled_empty,1984GOR/HAM581-584:11,1984GOR/HAM581-584,11,https://kinetics.nist.gov/solution/Detail?id=1984GOR/HAM581-584:11,empty,500,,2026-06-24T16:56:48.859313+00:00,data/new_solution/boundary_probe/boundary_20260624_161614/boundary_detail_1984GOR_HAM581-584_11_20260624T165647_295fe171f91f.html,missing_record
http_error_mislabeled_empty,1984MCA1579-1592:2,1984MCA1579-1592,2,https://kinetics.nist.gov/solution/Detail?id=1984MCA1579-1592:2,empty,500,,2026-06-24T16:29:37.487457+00:00,data/new_solution/boundary_probe/boundary_20260624_161614/boundary_detail_1984MCA1579-1592_2_20260624T162935_69f2f06aa75d.html,missing_record
http_error_mislabeled_empty,1984MUR/ESP636-639:2,1984MUR/ESP636-639,2,https://kinetics.nist.gov/solution/Detail?id=1984MUR/ESP636-639:2,empty,500,,2026-06-24T16:55:41.489493+00:00,data/new_solution/boundary_probe/boundary_20260624_161614/boundary_detail_1984MUR_ESP636-639_2_20260624T165539_55e8f1eaad89.html,missing_record
http_error_mislabeled_empty,1984NAG/MEY3663-3665:3,1984NAG/MEY3663-3665,3,https://kinetics.nist.gov/solution/Detail?id=1984NAG/MEY3663-3665:3,empty,500,,2026-06-24T16:58:53.404831+00:00,data/new_solution/boundary_probe/boundary_20260624_161614/boundary_detail_1984NAG_MEY3663-3665_3_20260624T165851_4fdf92ff5e0c.html,missing_record
http_error_mislabeled_empty,1984NIK/SAI4177-4182:3,1984NIK/SAI4177-4182,3,https://kinetics.nist.gov/solution/Detail?id=1984NIK/SAI4177-4182:3,empty,500,,2026-06-24T16:52:20.726376+00:00,data/new_solution/boundary_probe/boundary_20260624_161614/boundary_detail_1984NIK_SAI4177-4182_3_20260624T165219_d9ad8fb50396.html,missing_record
http_error_mislabeled_empty,1984OHN/KAT1528-1533:3,1984OHN/KAT1528-1533,3,https://kinetics.nist.gov/solution/Detail?id=1984OHN/KAT1528-1533:3,empty,500,,2026-06-25T07:16:02.204467+00:00,data/new_solution/boundary_probe/boundary_20260625_071124/boundary_detail_1984OHN_KAT1528-1533_3_20260625T071600_69f9e552a13d.html,missing_record
http_error_mislabeled_empty,1984PAC/WIL1415-1419:3,1984PAC/WIL1415-1419,3,https://kinetics.nist.gov/solution/Detail?id=1984PAC/WIL1415-1419:3,empty,500,,2026-06-24T16:25:15.258754+00:00,data/new_solution/boundary_probe/boundary_20260624_161614/boundary_detail_1984PAC_WIL1415-1419_3_20260624T162513_8a83e937426f.html,missing_record
http_error_mislabeled_empty,1984RES/SEA293-299:2,1984RES/SEA293-299,2,https://kinetics.nist.gov/solution/Detail?id=1984RES/SEA293-299:2,empty,500,,2026-06-25T07:14:27.750314+00:00,data/new_solution/boundary_probe/boundary_20260625_071124/boundary_detail_1984RES_SEA293-299_2_20260625T071425_e9550bada31b.html,missing_record
http_error_mislabeled_empty,1984RTI/ELT134-142:8,1984RTI/ELT134-142,8,https://kinetics.nist.gov/solution/Detail?id=1984RTI/ELT134-142:8,empty,500,,2026-06-24T16:58:43.967026+00:00,data/new_solution/boundary_probe/boundary_20260624_161614/boundary_detail_1984RTI_ELT134-142_8_20260624T165842_ca6874a7d1d8.html,missing_record
http_error_mislabeled_empty,1984SAS/RAB6389-6396:4,1984SAS/RAB6389-6396,4,https://kinetics.nist.gov/solution/Detail?id=1984SAS/RAB6389-6396:4,empty,500,,2026-06-24T16:45:48.562288+00:00,data/new_solution/boundary_probe/boundary_20260624_161614/boundary_detail_1984SAS_RAB6389-6396_4_20260624T164546_28da86afb86a.html,missing_record
http_error_mislabeled_empty,1984SHI/KOB4414-4418:3,1984SHI/KOB4414-4418,3,https://kinetics.nist.gov/solution/Detail?id=1984SHI/KOB4414-4418:3,empty,500,,2026-06-24T16:35:35.913097+00:00,data/new_solution/boundary_probe/boundary_20260624_161614/boundary_detail_1984SHI_KOB4414-4418_3_20260624T163534_e081ca6a5b65.html,missing_record
http_error_mislabeled_empty,1984SOL/SOL2091-2095:2,1984SOL/SOL2091-2095,2,https://kinetics.nist.gov/solution/Detail?id=1984SOL/SOL2091-2095:2,empty,500,,2026-06-24T17:01:44.719222+00:00,data/new_solution/boundary_probe/boundary_20260624_161614/boundary_detail_1984SOL_SOL2091-2095_2_20260624T170143_8b9e84c90f1a.html,missing_record
http_error_mislabeled_empty,1984TAN/GOL117-125:8,1984TAN/GOL117-125,8,https://kinetics.nist.gov/solution/Detail?id=1984TAN/GOL117-125:8,empty,500,,2026-06-24T16:21:26.713361+00:00,data/new_solution/boundary_probe/boundary_20260624_161614/boundary_detail_1984TAN_GOL117-125_8_20260624T162125_060dc823f605.html,missing_record
http_error_mislabeled_empty,1984TAN/SAK3403-3407:3,1984TAN/SAK3403-3407,3,https://kinetics.nist.gov/solution/Detail?id=1984TAN/SAK3403-3407:3,empty,500,,2026-06-24T16:40:41.207551+00:00,data/new_solution/boundary_probe/boundary_20260624_161614/boundary_detail_1984TAN_SAK3403-3407_3_20260624T164039_7ffa7368a262.html,missing_record
http_error_mislabeled_empty,1984THO/SUT772-775:9,1984THO/SUT772-775,9,https://kinetics.nist.gov/solution/Detail?id=1984THO/SUT772-775:9,empty,500,,2026-06-24T16:47:29.576815+00:00,data/new_solution/boundary_probe/boundary_20260624_161614/boundary_detail_1984THO_SUT772-775_9_20260624T164727_431a70c359fc.html,missing_record
http_error_mislabeled_empty,1984WAG/STR5296-5300:3,1984WAG/STR5296-5300,3,https://kinetics.nist.gov/solution/Detail?id=1984WAG/STR5296-5300:3,empty,500,,2026-06-24T16:21:21.993245+00:00,data/new_solution/boundary_probe/boundary_20260624_161614/boundary_detail_1984WAG_STR5296-5300_3_20260624T162119_a22329e1a21c.html,missing_record
http_error_mislabeled_empty,1985ALF/SCH3359-3363:33,1985ALF/SCH3359-3363,33,https://kinetics.nist.gov/solution/Detail?id=1985ALF/SCH3359-3363:33,empty,500,,2026-06-24T17:01:35.283900+00:00,data/new_solution/boundary_probe/boundary_20260624_161614/boundary_detail_1985ALF_SCH3359-3363_33_20260624T170133_224e451561d0.html,missing_record
http_error_mislabeled_empty,1985BAR/LAP2213-2215:6,1985BAR/LAP2213-2215,6,https://kinetics.nist.gov/solution/Detail?id=1985BAR/LAP2213-2215:6,empty,500,,2026-06-24T16:30:39.185804+00:00,data/new_solution/boundary_probe/boundary_20260624_161614/boundary_detail_1985BAR_LAP2213-2215_6_20260624T163037_15a4175fed92.html,missing_record
http_error_mislabeled_empty,1985BAR/LUM5779-5783:2,1985BAR/LUM5779-5783,2,https://kinetics.nist.gov/solution/Detail?id=1985BAR/LUM5779-5783:2,empty,500,,2026-06-24T16:26:36.276937+00:00,data/new_solution/boundary_probe/boundary_20260624_161614/boundary_detail_1985BAR_LUM5779-5783_2_20260624T162634_6d1aec8c51fb.html,missing_record
http_error_mislabeled_empty,1985BRA/NET28-32:5,1985BRA/NET28-32,5,https://kinetics.nist.gov/solution/Detail?id=1985BRA/NET28-32:5,empty,500,,2026-06-24T16:50:07.172097+00:00,data/new_solution/boundary_probe/boundary_20260624_161614/boundary_detail_1985BRA_NET28-32_5_20260624T165005_e07bcb6bb26c.html,missing_record
http_error_mislabeled_empty,1985BRA/NET289-297:15,1985BRA/NET289-297,15,https://kinetics.nist.gov/solution/Detail?id=1985BRA/NET289-297:15,empty,500,,2026-06-24T16:54:48.757424+00:00,data/new_solution/boundary_probe/boundary_20260624_161614/boundary_detail_1985BRA_NET289-297_15_20260624T165447_d3e9b27625bc.html,missing_record
http_error_mislabeled_empty,1985BUT/HOE1-13:16,1985BUT/HOE1-13,16,https://kinetics.nist.gov/solution/Detail?id=1985BUT/HOE1-13:16,empty,500,,2026-06-24T16:16:41.039008+00:00,data/new_solution/boundary_probe/boundary_20260624_161614/boundary_detail_1985BUT_HOE1-13_16_20260624T161639_9685c8a6f224.html,missing_record
http_error_mislabeled_empty,1985CAS/TAN4616-4620:3,1985CAS/TAN4616-4620,3,https://kinetics.nist.gov/solution/Detail?id=1985CAS/TAN4616-4620:3,empty,500,,2026-06-24T16:49:24.161405+00:00,data/new_solution/boundary_probe/boundary_20260624_161614/boundary_detail_1985CAS_TAN4616-4620_3_20260624T164922_86da8f963437.html,missing_record
http_error_mislabeled_empty,1985CRE/GAH2671-2680:3,1985CRE/GAH2671-2680,3,https://kinetics.nist.gov/solution/Detail?id=1985CRE/GAH2671-2680:3,empty,500,,2026-06-24T16:44:51.323775+00:00,data/new_solution/boundary_probe/boundary_20260624_161614/boundary_detail_1985CRE_GAH2671-2680_3_20260624T164449_e7774475c93f.html,missing_record
http_error_mislabeled_empty,1985EMM/BEG189-197:2,1985EMM/BEG189-197,2,https://kinetics.nist.gov/solution/Detail?id=1985EMM/BEG189-197:2,empty,500,,2026-06-24T16:56:10.386930+00:00,data/new_solution/boundary_probe/boundary_20260624_161614/boundary_detail_1985EMM_BEG189-197_2_20260624T165608_d8f7ebea4570.html,missing_record
http_error_mislabeled_empty,1985FIT/GIL517-529:2,1985FIT/GIL517-529,2,https://kinetics.nist.gov/solution/Detail?id=1985FIT/GIL517-529:2,empty,500,,2026-06-24T17:06:21.582933+00:00,data/new_solution/boundary_probe/boundary_20260624_161614/boundary_detail_1985FIT_GIL517-529_2_20260624T170619_c93a3eddca38.html,missing_record
http_error_mislabeled_empty,1985HOR/ABE2751-2755:10,1985HOR/ABE2751-2755,10,https://kinetics.nist.gov/solution/Detail?id=1985HOR/ABE2751-2755:10,empty,500,,2026-06-24T16:54:29.644391+00:00,data/new_solution/boundary_probe/boundary_20260624_161614/boundary_detail_1985HOR_ABE2751-2755_10_20260624T165427_5cb3d0dc9aab.html,missing_record
http_error_mislabeled_empty,1985KLA/WOL243-245:13,1985KLA/WOL243-245,13,https://kinetics.nist.gov/solution/Detail?id=1985KLA/WOL243-245:13,empty,500,,2026-06-24T16:26:41.067971+00:00,data/new_solution/boundary_probe/boundary_20260624_161614/boundary_detail_1985KLA_WOL243-245_13_20260624T162639_632cb219492a.html,missing_record
http_error_mislabeled_empty,1985KOE/SOL383-391:9,1985KOE/SOL383-391,9,https://kinetics.nist.gov/solution/Detail?id=1985KOE/SOL383-391:9,empty,500,,2026-06-25T07:13:35.461161+00:00,data/new_solution/boundary_probe/boundary_20260625_071124/boundary_detail_1985KOE_SOL383-391_9_20260625T071333_85b1337cccca.html,missing_record
http_error_mislabeled_empty,1985KUC/KAR81-85:2,1985KUC/KAR81-85,2,https://kinetics.nist.gov/solution/Detail?id=1985KUC/KAR81-85:2,empty,500,,2026-06-25T07:18:38.703247+00:00,data/new_solution/boundary_probe/boundary_20260625_071124/boundary_detail_1985KUC_KAR81-85_2_20260625T071837_3bf91a1d71ab.html,missing_record
http_error_mislabeled_empty,1985LAW/SAN1095-1096:2,1985LAW/SAN1095-1096,2,https://kinetics.nist.gov/solution/Detail?id=1985LAW/SAN1095-1096:2,empty,500,,2026-06-24T16:40:22.234914+00:00,data/new_solution/boundary_probe/boundary_20260624_161614/boundary_detail_1985LAW_SAN1095-1096_2_20260624T164020_593b039d325f.html,missing_record
http_error_mislabeled_empty,1985MOE/GOE647-651:6,1985MOE/GOE647-651,6,https://kinetics.nist.gov/solution/Detail?id=1985MOE/GOE647-651:6,empty,500,,2026-06-24T17:02:03.842169+00:00,data/new_solution/boundary_probe/boundary_20260624_161614/boundary_detail_1985MOE_GOE647-651_6_20260624T170202_bf886aadb8b4.html,missing_record
http_error_mislabeled_empty,1985MUL/VEN183-188:3,1985MUL/VEN183-188,3,https://kinetics.nist.gov/solution/Detail?id=1985MUL/VEN183-188:3,empty,500,,2026-06-24T16:21:16.861219+00:00,data/new_solution/boundary_probe/boundary_20260624_161614/boundary_detail_1985MUL_VEN183-188_3_20260624T162115_c5c10313096e.html,missing_record
http_error_mislabeled_empty,1985PRU/BUT149-156:2,1985PRU/BUT149-156,2,https://kinetics.nist.gov/solution/Detail?id=1985PRU/BUT149-156:2,empty,500,,2026-06-25T07:18:53.016840+00:00,data/new_solution/boundary_probe/boundary_20260625_071124/boundary_detail_1985PRU_BUT149-156_2_20260625T071851_3bcb898c5dbb.html,missing_record
http_error_mislabeled_empty,1985ROT/COH4158-4164:8,1985ROT/COH4158-4164,8,https://kinetics.nist.gov/solution/Detail?id=1985ROT/COH4158-4164:8,empty,500,,2026-06-24T16:24:27.547612+00:00,data/new_solution/boundary_probe/boundary_20260624_161614/boundary_detail_1985ROT_COH4158-4164_8_20260624T162425_bed16120308f.html,missing_record
http_error_mislabeled_empty,1985RUS/BIE3895-3898:5,1985RUS/BIE3895-3898,5,https://kinetics.nist.gov/solution/Detail?id=1985RUS/BIE3895-3898:5,empty,500,,2026-06-24T16:46:32.029661+00:00,data/new_solution/boundary_probe/boundary_20260624_161614/boundary_detail_1985RUS_BIE3895-3898_5_20260624T164630_b053063499e6.html,missing_record
http_error_mislabeled_empty,1985SCH/BRO4352-4357:3,1985SCH/BRO4352-4357,3,https://kinetics.nist.gov/solution/Detail?id=1985SCH/BRO4352-4357:3,empty,500,,2026-06-24T16:56:19.995960+00:00,data/new_solution/boundary_probe/boundary_20260624_161614/boundary_detail_1985SCH_BRO4352-4357_3_20260624T165618_792355c147e4.html,missing_record
http_error_mislabeled_empty,1985SHI/FED117-120:5,1985SHI/FED117-120,5,https://kinetics.nist.gov/solution/Detail?id=1985SHI/FED117-120:5,empty,500,,2026-06-24T16:20:43.625030+00:00,data/new_solution/boundary_probe/boundary_20260624_161614/boundary_detail_1985SHI_FED117-120_5_20260624T162041_6f67cac64a82.html,missing_record
http_error_mislabeled_empty,1985SOL/SOL1101-1112:3,1985SOL/SOL1101-1112,3,https://kinetics.nist.gov/solution/Detail?id=1985SOL/SOL1101-1112:3,empty,500,,2026-06-24T16:19:22.071351+00:00,data/new_solution/boundary_probe/boundary_20260624_161614/boundary_detail_1985SOL_SOL1101-1112_3_20260624T161920_93b2db5085d9.html,missing_record
http_error_mislabeled_empty,1985STA/FED1082-1088:3,1985STA/FED1082-1088,3,https://kinetics.nist.gov/solution/Detail?id=1985STA/FED1082-1088:3,empty,500,,2026-06-24T16:54:39.330284+00:00,data/new_solution/boundary_probe/boundary_20260624_161614/boundary_detail_1985STA_FED1082-1088_3_20260624T165437_d4f16070d335.html,missing_record
http_error_mislabeled_empty,1985THO/VAS36-44:5,1985THO/VAS36-44,5,https://kinetics.nist.gov/solution/Detail?id=1985THO/VAS36-44:5,empty,500,,2026-06-24T16:23:49.567734+00:00,data/new_solution/boundary_probe/boundary_20260624_161614/boundary_detail_1985THO_VAS36-44_5_20260624T162347_879ea786e813.html,missing_record
http_error_mislabeled_empty,1985WAN/WAN14-18:2,1985WAN/WAN14-18,2,https://kinetics.nist.gov/solution/Detail?id=1985WAN/WAN14-18:2,empty,500,,2026-06-24T16:56:44.158851+00:00,data/new_solution/boundary_probe/boundary_20260624_161614/boundary_detail_1985WAN_WAN14-18_2_20260624T165642_88f6bf908b32.html,missing_record
http_error_mislabeled_empty,1985WAR309-320:2,1985WAR309-320,2,https://kinetics.nist.gov/solution/Detail?id=1985WAR309-320:2,empty,500,,2026-06-24T16:24:08.584290+00:00,data/new_solution/boundary_probe/boundary_20260624_161614/boundary_detail_1985WAR309-320_2_20260624T162406_5bd2255bdf04.html,missing_record
http_error_mislabeled_empty,1985XU/XU17-19:6,1985XU/XU17-19,6,https://kinetics.nist.gov/solution/Detail?id=1985XU/XU17-19:6,empty,500,,2026-06-25T07:18:48.318428+00:00,data/new_solution/boundary_probe/boundary_20260625_071124/boundary_detail_1985XU_XU17-19_6_20260625T071846_847f2a33dd6f.html,missing_record
http_error_mislabeled_empty,1986ALD/BON277-284:11,1986ALD/BON277-284,11,https://kinetics.nist.gov/solution/Detail?id=1986ALD/BON277-284:11,empty,500,,2026-06-24T16:41:19.514387+00:00,data/new_solution/boundary_probe/boundary_20260624_161614/boundary_detail_1986ALD_BON277-284_11_20260624T164117_07993b68c323.html,missing_record
http_error_mislabeled_empty,1986ALF/HAR1315-1321:9,1986ALF/HAR1315-1321,9,https://kinetics.nist.gov/solution/Detail?id=1986ALF/HAR1315-1321:9,empty,500,,2026-06-24T16:25:48.726822+00:00,data/new_solution/boundary_probe/boundary_20260624_161614/boundary_detail_1986ALF_HAR1315-1321_9_20260624T162547_5f4c7e77b2d9.html,missing_record
http_error_mislabeled_empty,1986ALS/HUG107-115:2,1986ALS/HUG107-115,2,https://kinetics.nist.gov/solution/Detail?id=1986ALS/HUG107-115:2,empty,500,,2026-06-24T16:24:56.013942+00:00,data/new_solution/boundary_probe/boundary_20260624_161614/boundary_detail_1986ALS_HUG107-115_2_20260624T162454_de5ec70fcfb2.html,missing_record
http_error_mislabeled_empty,1986ALS/HUG151-165:3,1986ALS/HUG151-165,3,https://kinetics.nist.gov/solution/Detail?id=1986ALS/HUG151-165:3,empty,500,,2026-06-24T16:52:15.993075+00:00,data/new_solution/boundary_probe/boundary_20260624_161614/boundary_detail_1986ALS_HUG151-165_3_20260624T165214_d244e29f5d84.html,missing_record
http_error_mislabeled_empty,1986BAK/BUT341-345:7,1986BAK/BUT341-345,7,https://kinetics.nist.gov/solution/Detail?id=1986BAK/BUT341-345:7,empty,500,,2026-06-25T07:11:31.718746+00:00,data/new_solution/boundary_probe/boundary_20260625_071124/boundary_detail_1986BAK_BUT341-345_7_20260625T071129_fdadc3a49af7.html,missing_record
http_error_mislabeled_empty,1986BHA/DAS3987-3993:20,1986BHA/DAS3987-3993,20,https://kinetics.nist.gov/solution/Detail?id=1986BHA/DAS3987-3993:20,empty,500,,2026-06-24T16:30:05.985917+00:00,data/new_solution/boundary_probe/boundary_20260624_161614/boundary_detail_1986BHA_DAS3987-3993_20_20260624T163004_eface2b2563e.html,missing_record
http_error_mislabeled_empty,1986BON/ASM1216-1222:4,1986BON/ASM1216-1222,4,https://kinetics.nist.gov/solution/Detail?id=1986BON/ASM1216-1222:4,empty,500,,2026-06-25T07:15:48.084355+00:00,data/new_solution/boundary_probe/boundary_20260625_071124/boundary_detail_1986BON_ASM1216-1222_4_20260625T071546_0bc23e10b6ad.html,missing_record
http_error_mislabeled_empty,1986BUT/HOE77-81:7,1986BUT/HOE77-81,7,https://kinetics.nist.gov/solution/Detail?id=1986BUT/HOE77-81:7,empty,500,,2026-06-24T16:55:03.294396+00:00,data/new_solution/boundary_probe/boundary_20260624_161614/boundary_detail_1986BUT_HOE77-81_7_20260624T165501_e6d58aa048b5.html,missing_record
http_error_mislabeled_empty,1986DAR/MOG303-308:7,1986DAR/MOG303-308,7,https://kinetics.nist.gov/solution/Detail?id=1986DAR/MOG303-308:7,empty,500,,2026-06-24T16:35:16.937486+00:00,data/new_solution/boundary_probe/boundary_20260624_161614/boundary_detail_1986DAR_MOG303-308_7_20260624T163515_40182705d937.html,missing_record
http_error_mislabeled_empty,1986DAR/WIL199-215:4,1986DAR/WIL199-215,4,https://kinetics.nist.gov/solution/Detail?id=1986DAR/WIL199-215:4,empty,500,,2026-06-24T16:30:10.732152+00:00,data/new_solution/boundary_probe/boundary_20260624_161614/boundary_detail_1986DAR_WIL199-215_4_20260624T163009_8bcea83a3db8.html,missing_record
http_error_mislabeled_empty,1986DEA1627-1635:7,1986DEA1627-1635,7,https://kinetics.nist.gov/solution/Detail?id=1986DEA1627-1635:7,empty,500,,2026-06-24T17:03:25.022475+00:00,data/new_solution/boundary_probe/boundary_20260624_161614/boundary_detail_1986DEA1627-1635_7_20260624T170323_2b5c20b178f5.html,missing_record
http_error_mislabeled_empty,1986EPP/FAI76-78B:5,1986EPP/FAI76-78B,5,https://kinetics.nist.gov/solution/Detail?id=1986EPP/FAI76-78B:5,empty,500,,2026-06-24T16:19:26.884606+00:00,data/new_solution/boundary_probe/boundary_20260624_161614/boundary_detail_1986EPP_FAI76-78B_5_20260624T161925_c3cec55db02e.html,missing_record
http_error_mislabeled_empty,1986FOR/MOR1-6:14,1986FOR/MOR1-6,14,https://kinetics.nist.gov/solution/Detail?id=1986FOR/MOR1-6:14,empty,500,,2026-06-24T16:19:02.605076+00:00,data/new_solution/boundary_probe/boundary_20260624_161614/boundary_detail_1986FOR_MOR1-6_14_20260624T161900_49af438260f5.html,missing_record
http_error_mislabeled_empty,1986GOL/CZA2244-2250:2,1986GOL/CZA2244-2250,2,https://kinetics.nist.gov/solution/Detail?id=1986GOL/CZA2244-2250:2,empty,500,,2026-06-24T16:39:29.512567+00:00,data/new_solution/boundary_probe/boundary_20260624_161614/boundary_detail_1986GOL_CZA2244-2250_2_20260624T163927_a0087da16a7d.html,missing_record
http_error_mislabeled_empty,1986GRI/PLY33-38:2,1986GRI/PLY33-38,2,https://kinetics.nist.gov/solution/Detail?id=1986GRI/PLY33-38:2,empty,500,,2026-06-24T16:25:00.820754+00:00,data/new_solution/boundary_probe/boundary_20260624_161614/boundary_detail_1986GRI_PLY33-38_2_20260624T162459_d5a15fc51a20.html,missing_record
http_error_mislabeled_empty,1986KRU569-575:4,1986KRU569-575,4,https://kinetics.nist.gov/solution/Detail?id=1986KRU569-575:4,empty,500,,2026-06-24T16:50:45.088817+00:00,data/new_solution/boundary_probe/boundary_20260624_161614/boundary_detail_1986KRU569-575_4_20260624T165043_c78bd957dd09.html,missing_record
http_error_mislabeled_empty,1986LEG/SUG209-214:4,1986LEG/SUG209-214,4,https://kinetics.nist.gov/solution/Detail?id=1986LEG/SUG209-214:4,empty,500,,2026-06-25T07:16:16.346072+00:00,data/new_solution/boundary_probe/boundary_20260625_071124/boundary_detail_1986LEG_SUG209-214_4_20260625T071614_024d986df65f.html,missing_record
http_error_mislabeled_empty,1986MAS/BUT339-353:3,1986MAS/BUT339-353,3,https://kinetics.nist.gov/solution/Detail?id=1986MAS/BUT339-353:3,empty,500,,2026-06-24T17:02:08.574666+00:00,data/new_solution/boundary_probe/boundary_20260624_161614/boundary_detail_1986MAS_BUT339-353_3_20260624T170206_d14a3563e9c4.html,missing_record
http_error_mislabeled_empty,1986MIY/FUK57-65:4,1986MIY/FUK57-65,4,https://kinetics.nist.gov/solution/Detail?id=1986MIY/FUK57-65:4,empty,500,,2026-06-24T17:00:33.538494+00:00,data/new_solution/boundary_probe/boundary_20260624_161614/boundary_detail_1986MIY_FUK57-65_4_20260624T170031_2f57a5e5a542.html,missing_record
http_error_mislabeled_empty,1986NET/SIL703-707:2,1986NET/SIL703-707,2,https://kinetics.nist.gov/solution/Detail?id=1986NET/SIL703-707:2,empty,500,,2026-06-24T16:23:06.637517+00:00,data/new_solution/boundary_probe/boundary_20260624_161614/boundary_detail_1986NET_SIL703-707_2_20260624T162304_cfa3ea1c7b3f.html,missing_record
http_error_mislabeled_empty,1986PAS/MAR192-194B:2,1986PAS/MAR192-194B,2,https://kinetics.nist.gov/solution/Detail?id=1986PAS/MAR192-194B:2,empty,500,,2026-06-24T16:34:57.727213+00:00,data/new_solution/boundary_probe/boundary_20260624_161614/boundary_detail_1986PAS_MAR192-194B_2_20260624T163456_e72a3a8feea3.html,missing_record
http_error_mislabeled_empty,1986PIN/MAE4249-4252:3,1986PIN/MAE4249-4252,3,https://kinetics.nist.gov/solution/Detail?id=1986PIN/MAE4249-4252:3,empty,500,,2026-06-24T16:31:55.931693+00:00,data/new_solution/boundary_probe/boundary_20260624_161614/boundary_detail_1986PIN_MAE4249-4252_3_20260624T163153_801df99deb3a.html,missing_record
http_error_mislabeled_empty,1986PRA/HOF2568-2573:2,1986PRA/HOF2568-2573,2,https://kinetics.nist.gov/solution/Detail?id=1986PRA/HOF2568-2573:2,empty,500,,2026-06-25T07:17:03.842858+00:00,data/new_solution/boundary_probe/boundary_20260625_071124/boundary_detail_1986PRA_HOF2568-2573_2_20260625T071702_7044be6c44a8.html,missing_record
http_error_mislabeled_empty,1986RUS/BIE523-525:4,1986RUS/BIE523-525,4,https://kinetics.nist.gov/solution/Detail?id=1986RUS/BIE523-525:4,empty,500,,2026-06-25T07:17:41.776822+00:00,data/new_solution/boundary_probe/boundary_20260625_071124/boundary_detail_1986RUS_BIE523-525_4_20260625T071740_655e1995bf81.html,missing_record
http_error_mislabeled_empty,1986SAB/DEL1738-1742:4,1986SAB/DEL1738-1742,4,https://kinetics.nist.gov/solution/Detail?id=1986SAB/DEL1738-1742:4,empty,500,,2026-06-24T16:52:06.235870+00:00,data/new_solution/boundary_probe/boundary_20260624_161614/boundary_detail_1986SAB_DEL1738-1742_4_20260624T165204_4d11ec3aa2eb.html,missing_record
http_error_mislabeled_empty,1986VEN/MOZ847-850:9,1986VEN/MOZ847-850,9,https://kinetics.nist.gov/solution/Detail?id=1986VEN/MOZ847-850:9,empty,500,,2026-06-24T16:17:54.208691+00:00,data/new_solution/boundary_probe/boundary_20260624_161614/boundary_detail_1986VEN_MOZ847-850_9_20260624T161752_c2682ae7c4b6.html,missing_record
http_error_mislabeled_empty,1986WAG/KAR861-867:2,1986WAG/KAR861-867,2,https://kinetics.nist.gov/solution/Detail?id=1986WAG/KAR861-867:2,empty,500,,2026-06-24T16:47:15.335025+00:00,data/new_solution/boundary_probe/boundary_20260624_161614/boundary_detail_1986WAG_KAR861-867_2_20260624T164713_1f30d00472c6.html,missing_record
http_error_mislabeled_empty,1986WEI/LEV649-658:25,1986WEI/LEV649-658,25,https://kinetics.nist.gov/solution/Detail?id=1986WEI/LEV649-658:25,empty,500,,2026-06-25T07:13:11.758736+00:00,data/new_solution/boundary_probe/boundary_20260625_071124/boundary_detail_1986WEI_LEV649-658_25_20260625T071310_c7ded386531f.html,missing_record
http_error_mislabeled_empty,1986ZHA/MA1065-1069:6,1986ZHA/MA1065-1069,6,https://kinetics.nist.gov/solution/Detail?id=1986ZHA/MA1065-1069:6,empty,500,,2026-06-24T16:28:30.927492+00:00,data/new_solution/boundary_probe/boundary_20260624_161614/boundary_detail_1986ZHA_MA1065-1069_6_20260624T162829_5bed11ef9ce7.html,missing_record
http_error_mislabeled_empty,1987ALF/HAR2120-2122:4,1987ALF/HAR2120-2122,4,https://kinetics.nist.gov/solution/Detail?id=1987ALF/HAR2120-2122:4,empty,500,,2026-06-24T16:29:08.838179+00:00,data/new_solution/boundary_probe/boundary_20260624_161614/boundary_detail_1987ALF_HAR2120-2122_4_20260624T162907_72c2ab86d639.html,missing_record
http_error_mislabeled_empty,1987ALF405-406:5,1987ALF405-406,5,https://kinetics.nist.gov/solution/Detail?id=1987ALF405-406:5,empty,500,,2026-06-25T07:19:03.038546+00:00,data/new_solution/boundary_probe/boundary_20260625_071124/boundary_detail_1987ALF405-406_5_20260625T071900_adfc10a36794.html,missing_record
http_error_mislabeled_empty,1987BAR/LAW4843-4855:2,1987BAR/LAW4843-4855,2,https://kinetics.nist.gov/solution/Detail?id=1987BAR/LAW4843-4855:2,empty,500,,2026-06-24T16:33:03.234868+00:00,data/new_solution/boundary_probe/boundary_20260624_161614/boundary_detail_1987BAR_LAW4843-4855_2_20260624T163301_9a8f342f22dc.html,missing_record
http_error_mislabeled_empty,1987BEN1805-1813:5,1987BEN1805-1813,5,https://kinetics.nist.gov/solution/Detail?id=1987BEN1805-1813:5,empty,500,,2026-06-24T16:39:53.561884+00:00,data/new_solution/boundary_probe/boundary_20260624_161614/boundary_detail_1987BEN1805-1813_5_20260624T163951_8f32e3648ab7.html,missing_record
http_error_mislabeled_empty,1987BIE/THO7761-7764:3,1987BIE/THO7761-7764,3,https://kinetics.nist.gov/solution/Detail?id=1987BIE/THO7761-7764:3,empty,500,,2026-06-24T16:37:54.175054+00:00,data/new_solution/boundary_probe/boundary_20260624_161614/boundary_detail_1987BIE_THO7761-7764_3_20260624T163752_402a7a0efab7.html,missing_record
http_error_mislabeled_empty,1987BJE/NAV59-62:2,1987BJE/NAV59-62,2,https://kinetics.nist.gov/solution/Detail?id=1987BJE/NAV59-62:2,empty,500,,2026-06-24T16:36:42.606734+00:00,data/new_solution/boundary_probe/boundary_20260624_161614/boundary_detail_1987BJE_NAV59-62_2_20260624T163640_61364da04cd0.html,missing_record
http_error_mislabeled_empty,1987BUT/HOE144-149:3,1987BUT/HOE144-149,3,https://kinetics.nist.gov/solution/Detail?id=1987BUT/HOE144-149:3,empty,500,,2026-06-24T16:30:49.005477+00:00,data/new_solution/boundary_probe/boundary_20260624_161614/boundary_detail_1987BUT_HOE144-149_3_20260624T163046_96a303ce1b31.html,missing_record
http_error_mislabeled_empty,1987BUT/HOE53-59:5,1987BUT/HOE53-59,5,https://kinetics.nist.gov/solution/Detail?id=1987BUT/HOE53-59:5,empty,500,,2026-06-24T16:51:13.922798+00:00,data/new_solution/boundary_probe/boundary_20260624_161614/boundary_detail_1987BUT_HOE53-59_5_20260624T165112_951ddadf045b.html,missing_record
http_error_mislabeled_empty,1987CHA/JAM81-99:3,1987CHA/JAM81-99,3,https://kinetics.nist.gov/solution/Detail?id=1987CHA/JAM81-99:3,empty,500,,2026-06-24T16:40:46.108846+00:00,data/new_solution/boundary_probe/boundary_20260624_161614/boundary_detail_1987CHA_JAM81-99_3_20260624T164044_1e03042b950d.html,missing_record
http_error_mislabeled_empty,1987CLE/NAG294-296:3,1987CLE/NAG294-296,3,https://kinetics.nist.gov/solution/Detail?id=1987CLE/NAG294-296:3,empty,500,,2026-06-24T16:42:26.978502+00:00,data/new_solution/boundary_probe/boundary_20260624_161614/boundary_detail_1987CLE_NAG294-296_3_20260624T164225_67c4915651da.html,missing_record
http_error_mislabeled_empty,1987CUD/JOS206-215:2,1987CUD/JOS206-215,2,https://kinetics.nist.gov/solution/Detail?id=1987CUD/JOS206-215:2,empty,500,,2026-06-24T16:18:38.277815+00:00,data/new_solution/boundary_probe/boundary_20260624_161614/boundary_detail_1987CUD_JOS206-215_2_20260624T161836_2d939cb87b28.html,missing_record
http_error_mislabeled_empty,1987DAS/SCH319-323:2,1987DAS/SCH319-323,2,https://kinetics.nist.gov/solution/Detail?id=1987DAS/SCH319-323:2,empty,500,,2026-06-25T07:18:00.823043+00:00,data/new_solution/boundary_probe/boundary_20260625_071124/boundary_detail_1987DAS_SCH319-323_2_20260625T071759_be7a8e57cec5.html,missing_record
http_error_mislabeled_empty,1987EGO/DON740-742:3,1987EGO/DON740-742,3,https://kinetics.nist.gov/solution/Detail?id=1987EGO/DON740-742:3,empty,500,,2026-06-24T17:02:56.284046+00:00,data/new_solution/boundary_probe/boundary_20260624_161614/boundary_detail_1987EGO_DON740-742_3_20260624T170254_d6e10172ee1d.html,missing_record
http_error_mislabeled_empty,1987ERB/BOR393-412:19,1987ERB/BOR393-412,19,https://kinetics.nist.gov/solution/Detail?id=1987ERB/BOR393-412:19,empty,500,,2026-06-24T16:58:34.239272+00:00,data/new_solution/boundary_probe/boundary_20260624_161614/boundary_detail_1987ERB_BOR393-412_19_20260624T165832_72c5c4484469.html,missing_record
http_error_mislabeled_empty,1987GOG/SHI1148-1151:12,1987GOG/SHI1148-1151,12,https://kinetics.nist.gov/solution/Detail?id=1987GOG/SHI1148-1151:12,empty,500,,2026-06-24T16:25:10.469175+00:00,data/new_solution/boundary_probe/boundary_20260624_161614/boundary_detail_1987GOG_SHI1148-1151_12_20260624T162508_0789a9a63972.html,missing_record
http_error_mislabeled_empty,1987GSP/PRE23-37:14,1987GSP/PRE23-37,14,https://kinetics.nist.gov/solution/Detail?id=1987GSP/PRE23-37:14,empty,500,,2026-06-24T17:06:16.577173+00:00,data/new_solution/boundary_probe/boundary_20260624_161614/boundary_detail_1987GSP_PRE23-37_14_20260624T170614_2a263631e0c1.html,missing_record
http_error_mislabeled_empty,1987GSP/PRE247-253:5,1987GSP/PRE247-253,5,https://kinetics.nist.gov/solution/Detail?id=1987GSP/PRE247-253:5,empty,500,,2026-06-24T17:04:51.018081+00:00,data/new_solution/boundary_probe/boundary_20260624_161614/boundary_detail_1987GSP_PRE247-253_5_20260624T170449_b8b6ed2e5c87.html,missing_record
http_error_mislabeled_empty,1987HAA/MIL317-321:4,1987HAA/MIL317-321,4,https://kinetics.nist.gov/solution/Detail?id=1987HAA/MIL317-321:4,empty,500,,2026-06-24T17:01:49.531645+00:00,data/new_solution/boundary_probe/boundary_20260624_161614/boundary_detail_1987HAA_MIL317-321_4_20260624T170147_c70945688167.html,missing_record
http_error_mislabeled_empty,1987JEN/FOO325-330:2,1987JEN/FOO325-330,2,https://kinetics.nist.gov/solution/Detail?id=1987JEN/FOO325-330:2,empty,500,,2026-06-24T16:47:53.579531+00:00,data/new_solution/boundary_probe/boundary_20260624_161614/boundary_detail_1987JEN_FOO325-330_2_20260624T164751_124397b10418.html,missing_record
http_error_mislabeled_empty,1987LAP/OSV3089-3094:5,1987LAP/OSV3089-3094,5,https://kinetics.nist.gov/solution/Detail?id=1987LAP/OSV3089-3094:5,empty,500,,2026-06-24T16:46:41.649730+00:00,data/new_solution/boundary_probe/boundary_20260624_161614/boundary_detail_1987LAP_OSV3089-3094_5_20260624T164639_cc1ac529132d.html,missing_record
http_error_mislabeled_empty,1987LAW/SAN1425-1429:7,1987LAW/SAN1425-1429,7,https://kinetics.nist.gov/solution/Detail?id=1987LAW/SAN1425-1429:7,empty,500,,2026-06-24T16:17:59.113232+00:00,data/new_solution/boundary_probe/boundary_20260624_161614/boundary_detail_1987LAW_SAN1425-1429_7_20260624T161757_866343f374c2.html,missing_record
http_error_mislabeled_empty,1987MAT/BRI379-384:3,1987MAT/BRI379-384,3,https://kinetics.nist.gov/solution/Detail?id=1987MAT/BRI379-384:3,empty,500,,2026-06-24T16:32:53.619800+00:00,data/new_solution/boundary_probe/boundary_20260624_161614/boundary_detail_1987MAT_BRI379-384_3_20260624T163251_9aace7099a1b.html,missing_record
http_error_mislabeled_empty,1987MIL/SCH1590-1596:7,1987MIL/SCH1590-1596,7,https://kinetics.nist.gov/solution/Detail?id=1987MIL/SCH1590-1596:7,empty,500,,2026-06-24T16:58:39.049054+00:00,data/new_solution/boundary_probe/boundary_20260624_161614/boundary_detail_1987MIL_SCH1590-1596_7_20260624T165837_bea07883c97d.html,missing_record
http_error_mislabeled_empty,1987MON/NOR104-109:2,1987MON/NOR104-109,2,https://kinetics.nist.gov/solution/Detail?id=1987MON/NOR104-109:2,empty,500,,2026-06-24T16:18:13.872452+00:00,data/new_solution/boundary_probe/boundary_20260624_161614/boundary_detail_1987MON_NOR104-109_2_20260624T161811_e46ba4fbb79e.html,missing_record
http_error_mislabeled_empty,1987MYI/DEE194-202:3,1987MYI/DEE194-202,3,https://kinetics.nist.gov/solution/Detail?id=1987MYI/DEE194-202:3,empty,500,,2026-06-24T16:38:22.561130+00:00,data/new_solution/boundary_probe/boundary_20260624_161614/boundary_detail_1987MYI_DEE194-202_3_20260624T163820_cd6f99bd3af5.html,missing_record
http_error_mislabeled_empty,1987NAH/DAW373-383:2,1987NAH/DAW373-383,2,https://kinetics.nist.gov/solution/Detail?id=1987NAH/DAW373-383:2,empty,500,,2026-06-24T16:55:55.826904+00:00,data/new_solution/boundary_probe/boundary_20260624_161614/boundary_detail_1987NAH_DAW373-383_2_20260624T165554_a7de4e018e2a.html,missing_record
http_error_mislabeled_empty,1987ONE/DAV577-587:7,1987ONE/DAV577-587,7,https://kinetics.nist.gov/solution/Detail?id=1987ONE/DAV577-587:7,empty,500,,2026-06-24T16:22:47.598676+00:00,data/new_solution/boundary_probe/boundary_20260624_161614/boundary_detail_1987ONE_DAV577-587_7_20260624T162245_42893665f39e.html,missing_record
http_error_mislabeled_empty,1987SAI/BHA375-379:2,1987SAI/BHA375-379,2,https://kinetics.nist.gov/solution/Detail?id=1987SAI/BHA375-379:2,empty,500,,2026-06-24T16:47:20.042403+00:00,data/new_solution/boundary_probe/boundary_20260624_161614/boundary_detail_1987SAI_BHA375-379_2_20260624T164718_41acde3c8177.html,missing_record
http_error_mislabeled_empty,1987SCH/DEE441-453:2,1987SCH/DEE441-453,2,https://kinetics.nist.gov/solution/Detail?id=1987SCH/DEE441-453:2,empty,500,,2026-06-24T16:41:43.647460+00:00,data/new_solution/boundary_probe/boundary_20260624_161614/boundary_detail_1987SCH_DEE441-453_2_20260624T164141_7fc8662904c9.html,missing_record
http_error_mislabeled_empty,1987VEN/PER217-220:4,1987VEN/PER217-220,4,https://kinetics.nist.gov/solution/Detail?id=1987VEN/PER217-220:4,empty,500,,2026-06-24T16:19:12.423897+00:00,data/new_solution/boundary_probe/boundary_20260624_161614/boundary_detail_1987VEN_PER217-220_4_20260624T161910_93dc3a5baef2.html,missing_record
http_error_mislabeled_empty,1987VIE/STE7441-7448:8,1987VIE/STE7441-7448,8,https://kinetics.nist.gov/solution/Detail?id=1987VIE/STE7441-7448:8,empty,500,,2026-06-24T16:29:56.538992+00:00,data/new_solution/boundary_probe/boundary_20260624_161614/boundary_detail_1987VIE_STE7441-7448_8_20260624T162954_0666f1709709.html,missing_record
http_error_mislabeled_empty,1988AUB/CAZ2013-2014:2,1988AUB/CAZ2013-2014,2,https://kinetics.nist.gov/solution/Detail?id=1988AUB/CAZ2013-2014:2,empty,500,,2026-06-24T16:27:14.586598+00:00,data/new_solution/boundary_probe/boundary_20260624_161614/boundary_detail_1988AUB_CAZ2013-2014_2_20260624T162712_14aa893bcd9c.html,missing_record
http_error_mislabeled_empty,1988BAZ/PAT177-180:3,1988BAZ/PAT177-180,3,https://kinetics.nist.gov/solution/Detail?id=1988BAZ/PAT177-180:3,empty,500,,2026-06-24T16:16:21.659405+00:00,data/new_solution/boundary_probe/boundary_20260624_161614/boundary_detail_1988BAZ_PAT177-180_3_20260624T161619_a3f8db324e10.html,missing_record
http_error_mislabeled_empty,1988BIG/CRA19-28:3,1988BIG/CRA19-28,3,https://kinetics.nist.gov/solution/Detail?id=1988BIG/CRA19-28:3,empty,500,,2026-06-24T16:32:00.773532+00:00,data/new_solution/boundary_probe/boundary_20260624_161614/boundary_detail_1988BIG_CRA19-28_3_20260624T163158_8f2364120003.html,missing_record
http_error_mislabeled_empty,1988BOR/MCG427-434:3,1988BOR/MCG427-434,3,https://kinetics.nist.gov/solution/Detail?id=1988BOR/MCG427-434:3,empty,500,,2026-06-24T16:43:15.105803+00:00,data/new_solution/boundary_probe/boundary_20260624_161614/boundary_detail_1988BOR_MCG427-434_3_20260624T164313_bec84d4911b4.html,missing_record
http_error_mislabeled_empty,1988CAR/ARR215-218:2,1988CAR/ARR215-218,2,https://kinetics.nist.gov/solution/Detail?id=1988CAR/ARR215-218:2,empty,500,,2026-06-24T16:51:28.259679+00:00,data/new_solution/boundary_probe/boundary_20260624_161614/boundary_detail_1988CAR_ARR215-218_2_20260624T165126_5f52b9a0be7e.html,missing_record
http_error_mislabeled_empty,1988CEN/HU1-8:17,1988CEN/HU1-8,17,https://kinetics.nist.gov/solution/Detail?id=1988CEN/HU1-8:17,empty,500,,2026-06-24T16:55:27.248843+00:00,data/new_solution/boundary_probe/boundary_20260624_161614/boundary_detail_1988CEN_HU1-8_17_20260624T165525_aab6e378ceae.html,missing_record
http_error_mislabeled_empty,1988CHA/MCL647-656:7,1988CHA/MCL647-656,7,https://kinetics.nist.gov/solution/Detail?id=1988CHA/MCL647-656:7,empty,500,,2026-06-24T16:29:51.812371+00:00,data/new_solution/boundary_probe/boundary_20260624_161614/boundary_detail_1988CHA_MCL647-656_7_20260624T162950_152ef347bdb4.html,missing_record
http_error_mislabeled_empty,1988COH/MEY4157-4160:3,1988COH/MEY4157-4160,3,https://kinetics.nist.gov/solution/Detail?id=1988COH/MEY4157-4160:3,empty,500,,2026-06-24T16:47:05.684075+00:00,data/new_solution/boundary_probe/boundary_20260624_161614/boundary_detail_1988COH_MEY4157-4160_3_20260624T164703_632ffb503dc5.html,missing_record
http_error_mislabeled_empty,1988DAN/VEN319-324:5,1988DAN/VEN319-324,5,https://kinetics.nist.gov/solution/Detail?id=1988DAN/VEN319-324:5,empty,500,,2026-06-24T17:02:41.943062+00:00,data/new_solution/boundary_probe/boundary_20260624_161614/boundary_detail_1988DAN_VEN319-324_5_20260624T170240_8d67efc60d4a.html,missing_record
http_error_mislabeled_empty,1988DAR/SIR1151-1157:53,1988DAR/SIR1151-1157,53,https://kinetics.nist.gov/solution/Detail?id=1988DAR/SIR1151-1157:53,empty,500,,2026-06-24T16:43:44.187226+00:00,data/new_solution/boundary_probe/boundary_20260624_161614/boundary_detail_1988DAR_SIR1151-1157_53_20260624T164342_56200962fe7c.html,missing_record
http_error_mislabeled_empty,1988DAV/HAR287-297:7,1988DAV/HAR287-297,7,https://kinetics.nist.gov/solution/Detail?id=1988DAV/HAR287-297:7,empty,500,,2026-06-24T16:52:25.593262+00:00,data/new_solution/boundary_probe/boundary_20260624_161614/boundary_detail_1988DAV_HAR287-297_7_20260624T165223_4c3bb70582cf.html,missing_record
http_error_mislabeled_empty,1988GOR/HAM8053-8059:5,1988GOR/HAM8053-8059,5,https://kinetics.nist.gov/solution/Detail?id=1988GOR/HAM8053-8059:5,empty,500,,2026-06-25T07:14:03.996190+00:00,data/new_solution/boundary_probe/boundary_20260625_071124/boundary_detail_1988GOR_HAM8053-8059_5_20260625T071402_49df2c0acef5.html,missing_record
http_error_mislabeled_empty,1988JAG/STE2188-2192:13,1988JAG/STE2188-2192,13,https://kinetics.nist.gov/solution/Detail?id=1988JAG/STE2188-2192:13,empty,500,,2026-06-25T07:16:06.895642+00:00,data/new_solution/boundary_probe/boundary_20260625_071124/boundary_detail_1988JAG_STE2188-2192_13_20260625T071605_f7fdb8038f97.html,missing_record
http_error_mislabeled_empty,1988KRI/DYU236-237:2,1988KRI/DYU236-237,2,https://kinetics.nist.gov/solution/Detail?id=1988KRI/DYU236-237:2,empty,500,,2026-06-24T17:03:53.739104+00:00,data/new_solution/boundary_probe/boundary_20260624_161614/boundary_detail_1988KRI_DYU236-237_2_20260624T170351_01843307498e.html,missing_record
http_error_mislabeled_empty,1988KRI/KON1555-1559:4,1988KRI/KON1555-1559,4,https://kinetics.nist.gov/solution/Detail?id=1988KRI/KON1555-1559:4,empty,500,,2026-06-24T16:40:07.936198+00:00,data/new_solution/boundary_probe/boundary_20260624_161614/boundary_detail_1988KRI_KON1555-1559_4_20260624T164006_dc72ad803eac.html,missing_record
http_error_mislabeled_empty,1988LAD/WAR1487-1495:2,1988LAD/WAR1487-1495,2,https://kinetics.nist.gov/solution/Detail?id=1988LAD/WAR1487-1495:2,empty,500,,2026-06-24T16:59:50.736266+00:00,data/new_solution/boundary_probe/boundary_20260624_161614/boundary_detail_1988LAD_WAR1487-1495_2_20260624T165948_357d38ecdfbe.html,missing_record
http_error_mislabeled_empty,1988LAL/MAH599-603:4,1988LAL/MAH599-603,4,https://kinetics.nist.gov/solution/Detail?id=1988LAL/MAH599-603:4,empty,500,,2026-06-24T16:38:27.481159+00:00,data/new_solution/boundary_probe/boundary_20260624_161614/boundary_detail_1988LAL_MAH599-603_4_20260624T163825_fe5b1c71ee36.html,missing_record
http_error_mislabeled_empty,1988LEB1138-1144:4,1988LEB1138-1144,4,https://kinetics.nist.gov/solution/Detail?id=1988LEB1138-1144:4,empty,500,,2026-06-24T16:22:04.786517+00:00,data/new_solution/boundary_probe/boundary_20260624_161614/boundary_detail_1988LEB1138-1144_4_20260624T162202_dfead8e46fd9.html,missing_record
http_error_mislabeled_empty,1988MAS/TIL1031-1036:4,1988MAS/TIL1031-1036,4,https://kinetics.nist.gov/solution/Detail?id=1988MAS/TIL1031-1036:4,empty,500,,2026-06-24T16:24:41.791542+00:00,data/new_solution/boundary_probe/boundary_20260624_161614/boundary_detail_1988MAS_TIL1031-1036_4_20260624T162440_3bd9e6328c34.html,missing_record
http_error_mislabeled_empty,1988MEY/SCH2933-2949:21,1988MEY/SCH2933-2949,21,https://kinetics.nist.gov/solution/Detail?id=1988MEY/SCH2933-2949:21,empty,500,,2026-06-24T16:28:45.132531+00:00,data/new_solution/boundary_probe/boundary_20260624_161614/boundary_detail_1988MEY_SCH2933-2949_21_20260624T162843_3d01aa9fe65e.html,missing_record
http_error_mislabeled_empty,1988MUK/LAN2855-2873:7,1988MUK/LAN2855-2873,7,https://kinetics.nist.gov/solution/Detail?id=1988MUK/LAN2855-2873:7,empty,500,,2026-06-25T07:18:19.754083+00:00,data/new_solution/boundary_probe/boundary_20260625_071124/boundary_detail_1988MUK_LAN2855-2873_7_20260625T071817_bf98f0f9f939.html,missing_record
http_error_mislabeled_empty,1988RAC/JAR971-977:2,1988RAC/JAR971-977,2,https://kinetics.nist.gov/solution/Detail?id=1988RAC/JAR971-977:2,empty,500,,2026-06-24T16:34:48.146929+00:00,data/new_solution/boundary_probe/boundary_20260624_161614/boundary_detail_1988RAC_JAR971-977_2_20260624T163446_a1ff41cf07b3.html,missing_record
http_error_mislabeled_empty,1988RON/VAN3453-3458:25,1988RON/VAN3453-3458,25,https://kinetics.nist.gov/solution/Detail?id=1988RON/VAN3453-3458:25,empty,500,,2026-06-24T17:06:02.257340+00:00,data/new_solution/boundary_probe/boundary_20260624_161614/boundary_detail_1988RON_VAN3453-3458_25_20260624T170600_2207e23739a0.html,missing_record
http_error_mislabeled_empty,1988SCH/VON149-156:2,1988SCH/VON149-156,2,https://kinetics.nist.gov/solution/Detail?id=1988SCH/VON149-156:2,empty,500,,2026-06-24T16:37:35.129421+00:00,data/new_solution/boundary_probe/boundary_20260624_161614/boundary_detail_1988SCH_VON149-156_2_20260624T163733_a0200fe0285d.html,missing_record
http_error_mislabeled_empty,1988VIS/SPO787-802:3,1988VIS/SPO787-802,3,https://kinetics.nist.gov/solution/Detail?id=1988VIS/SPO787-802:3,empty,500,,2026-06-24T16:25:05.628638+00:00,data/new_solution/boundary_probe/boundary_20260624_161614/boundary_detail_1988VIS_SPO787-802_3_20260624T162503_67a38472adb1.html,missing_record
http_error_mislabeled_empty,1989AND/LAN190-197:4,1989AND/LAN190-197,4,https://kinetics.nist.gov/solution/Detail?id=1989AND/LAN190-197:4,empty,500,,2026-06-24T16:39:10.259771+00:00,data/new_solution/boundary_probe/boundary_20260624_161614/boundary_detail_1989AND_LAN190-197_4_20260624T163908_1c3fbb0f9497.html,missing_record
http_error_mislabeled_empty,1989ARC/RIV219-237:9,1989ARC/RIV219-237,9,https://kinetics.nist.gov/solution/Detail?id=1989ARC/RIV219-237:9,empty,500,,2026-06-25T07:14:18.177296+00:00,data/new_solution/boundary_probe/boundary_20260625_071124/boundary_detail_1989ARC_RIV219-237_9_20260625T071416_da17010e2f3b.html,missing_record
http_error_mislabeled_empty,1989BAK/ESP4319-4322:19,1989BAK/ESP4319-4322,19,https://kinetics.nist.gov/solution/Detail?id=1989BAK/ESP4319-4322:19,empty,500,,2026-06-25T07:14:22.938996+00:00,data/new_solution/boundary_probe/boundary_20260625_071124/boundary_detail_1989BAK_ESP4319-4322_19_20260625T071421_29ba6724dc2a.html,missing_record
http_error_mislabeled_empty,1989BOB/HOL6381-6387:5,1989BOB/HOL6381-6387,5,https://kinetics.nist.gov/solution/Detail?id=1989BOB/HOL6381-6387:5,empty,500,,2026-06-24T16:59:41.052813+00:00,data/new_solution/boundary_probe/boundary_20260624_161614/boundary_detail_1989BOB_HOL6381-6387_5_20260624T165939_9bc65043b2b0.html,missing_record
http_error_mislabeled_empty,1989BOR/MON534-540:29,1989BOR/MON534-540,29,https://kinetics.nist.gov/solution/Detail?id=1989BOR/MON534-540:29,empty,500,,2026-06-24T16:38:41.758251+00:00,data/new_solution/boundary_probe/boundary_20260624_161614/boundary_detail_1989BOR_MON534-540_29_20260624T163839_3da7598db5af.html,missing_record
http_error_mislabeled_empty,1989CHR/SEH141-144:2,1989CHR/SEH141-144,2,https://kinetics.nist.gov/solution/Detail?id=1989CHR/SEH141-144:2,empty,500,,2026-06-24T16:34:10.035122+00:00,data/new_solution/boundary_probe/boundary_20260624_161614/boundary_detail_1989CHR_SEH141-144_2_20260624T163408_91587eab97ad.html,missing_record
http_error_mislabeled_empty,1989COM/NAZ63-84:2,1989COM/NAZ63-84,2,https://kinetics.nist.gov/solution/Detail?id=1989COM/NAZ63-84:2,empty,500,,2026-06-25T07:18:14.948794+00:00,data/new_solution/boundary_probe/boundary_20260625_071124/boundary_detail_1989COM_NAZ63-84_2_20260625T071813_5a31af3de5d1.html,missing_record
http_error_mislabeled_empty,1989DEF/MUR4847-4853:28,1989DEF/MUR4847-4853,28,https://kinetics.nist.gov/solution/Detail?id=1989DEF/MUR4847-4853:28,empty,500,,2026-06-24T17:03:29.743845+00:00,data/new_solution/boundary_probe/boundary_20260624_161614/boundary_detail_1989DEF_MUR4847-4853_28_20260624T170328_8c7949b7cde0.html,missing_record
http_error_mislabeled_empty,1989DIM/KAI532-538:16,1989DIM/KAI532-538,16,https://kinetics.nist.gov/solution/Detail?id=1989DIM/KAI532-538:16,empty,500,,2026-06-24T16:26:07.704222+00:00,data/new_solution/boundary_probe/boundary_20260624_161614/boundary_detail_1989DIM_KAI532-538_16_20260624T162606_f163620209d6.html,missing_record
http_error_mislabeled_empty,1989EK/GIE391-396:7,1989EK/GIE391-396,7,https://kinetics.nist.gov/solution/Detail?id=1989EK/GIE391-396:7,empty,500,,2026-06-24T16:50:11.886125+00:00,data/new_solution/boundary_probe/boundary_20260624_161614/boundary_detail_1989EK_GIE391-396_7_20260624T165010_ee38954bff18.html,missing_record
http_error_mislabeled_empty,1989ELL/MCC69-74:10,1989ELL/MCC69-74,10,https://kinetics.nist.gov/solution/Detail?id=1989ELL/MCC69-74:10,empty,500,,2026-06-24T16:39:00.718890+00:00,data/new_solution/boundary_probe/boundary_20260624_161614/boundary_detail_1989ELL_MCC69-74_10_20260624T163859_48dcbf62ef72.html,missing_record
http_error_mislabeled_empty,1989FAR/PEC379-382:4,1989FAR/PEC379-382,4,https://kinetics.nist.gov/solution/Detail?id=1989FAR/PEC379-382:4,empty,500,,2026-06-24T16:36:56.763526+00:00,data/new_solution/boundary_probe/boundary_20260624_161614/boundary_detail_1989FAR_PEC379-382_4_20260624T163655_cb6da805603f.html,missing_record
http_error_mislabeled_empty,1989GLU/PET87-90:3,1989GLU/PET87-90,3,https://kinetics.nist.gov/solution/Detail?id=1989GLU/PET87-90:3,empty,500,,2026-06-25T07:19:40.876992+00:00,data/new_solution/boundary_probe/boundary_20260625_071124/boundary_detail_1989GLU_PET87-90_3_20260625T071939_42d6111579d4.html,missing_record
http_error_mislabeled_empty,1989HEE/PAR557-562:9,1989HEE/PAR557-562,9,https://kinetics.nist.gov/solution/Detail?id=1989HEE/PAR557-562:9,empty,500,,2026-06-24T16:35:40.629033+00:00,data/new_solution/boundary_probe/boundary_20260624_161614/boundary_detail_1989HEE_PAR557-562_9_20260624T163538_b376a6da2197.html,missing_record
http_error_mislabeled_empty,1989IVA/AUR1935-1941:2,1989IVA/AUR1935-1941,2,https://kinetics.nist.gov/solution/Detail?id=1989IVA/AUR1935-1941:2,empty,500,,2026-06-24T16:59:07.783197+00:00,data/new_solution/boundary_probe/boundary_20260624_161614/boundary_detail_1989IVA_AUR1935-1941_2_20260624T165906_7c436e49106f.html,missing_record
http_error_mislabeled_empty,1989KHM/PLY1494-1497:5,1989KHM/PLY1494-1497,5,https://kinetics.nist.gov/solution/Detail?id=1989KHM/PLY1494-1497:5,empty,500,,2026-06-24T16:54:24.918431+00:00,data/new_solution/boundary_probe/boundary_20260624_161614/boundary_detail_1989KHM_PLY1494-1497_5_20260624T165423_568c25fb36f3.html,missing_record
http_error_mislabeled_empty,1989KIS/GUH721-727:5,1989KIS/GUH721-727,5,https://kinetics.nist.gov/solution/Detail?id=1989KIS/GUH721-727:5,empty,500,,2026-06-24T16:53:41.880429+00:00,data/new_solution/boundary_probe/boundary_20260624_161614/boundary_detail_1989KIS_GUH721-727_5_20260624T165340_fb00bf3cf60f.html,missing_record
http_error_mislabeled_empty,1989KUS/OGI970-972:5,1989KUS/OGI970-972,5,https://kinetics.nist.gov/solution/Detail?id=1989KUS/OGI970-972:5,empty,500,,2026-06-24T16:50:16.589448+00:00,data/new_solution/boundary_probe/boundary_20260624_161614/boundary_detail_1989KUS_OGI970-972_5_20260624T165014_fc7085ce77aa.html,missing_record
http_error_mislabeled_empty,1989MAI/KUZ1191-1196:10,1989MAI/KUZ1191-1196,10,https://kinetics.nist.gov/solution/Detail?id=1989MAI/KUZ1191-1196:10,empty,500,,2026-06-24T16:50:50.017110+00:00,data/new_solution/boundary_probe/boundary_20260624_161614/boundary_detail_1989MAI_KUZ1191-1196_10_20260624T165048_cb1af3dd1197.html,missing_record
http_error_mislabeled_empty,1989MOH/MOO211-217:5,1989MOH/MOO211-217,5,https://kinetics.nist.gov/solution/Detail?id=1989MOH/MOO211-217:5,empty,500,,2026-06-24T16:23:54.259740+00:00,data/new_solution/boundary_probe/boundary_20260624_161614/boundary_detail_1989MOH_MOO211-217_5_20260624T162352_cbd9ae24e1ee.html,missing_record
http_error_mislabeled_empty,1989MOS/HEN6791-6795:5,1989MOS/HEN6791-6795,5,https://kinetics.nist.gov/solution/Detail?id=1989MOS/HEN6791-6795:5,empty,500,,2026-06-24T17:01:30.487806+00:00,data/new_solution/boundary_probe/boundary_20260624_161614/boundary_detail_1989MOS_HEN6791-6795_5_20260624T170128_aaf16de8037c.html,missing_record
http_error_mislabeled_empty,1989NAH/NET6181-6187:4,1989NAH/NET6181-6187,4,https://kinetics.nist.gov/solution/Detail?id=1989NAH/NET6181-6187:4,empty,500,,2026-06-25T07:17:27.480840+00:00,data/new_solution/boundary_probe/boundary_20260625_071124/boundary_detail_1989NAH_NET6181-6187_4_20260625T071725_b0f8da2c9fd6.html,missing_record
http_error_mislabeled_empty,1989PAS/PIE425-432B:9,1989PAS/PIE425-432B,9,https://kinetics.nist.gov/solution/Detail?id=1989PAS/PIE425-432B:9,empty,500,,2026-06-25T07:15:33.791658+00:00,data/new_solution/boundary_probe/boundary_20260625_071124/boundary_detail_1989PAS_PIE425-432B_9_20260625T071532_6adf52f01a2f.html,missing_record
http_error_mislabeled_empty,1989SEK/GAR901-911:3,1989SEK/GAR901-911,3,https://kinetics.nist.gov/solution/Detail?id=1989SEK/GAR901-911:3,empty,500,,2026-06-24T16:31:46.248846+00:00,data/new_solution/boundary_probe/boundary_20260624_161614/boundary_detail_1989SEK_GAR901-911_3_20260624T163144_65b52897a087.html,missing_record
http_error_mislabeled_empty,1989SHE/LIN555-562:6,1989SHE/LIN555-562,6,https://kinetics.nist.gov/solution/Detail?id=1989SHE/LIN555-562:6,empty,500,,2026-06-25T07:15:43.382519+00:00,data/new_solution/boundary_probe/boundary_20260625_071124/boundary_detail_1989SHE_LIN555-562_6_20260625T071541_ab84472cf209.html,missing_record
http_error_mislabeled_empty,1989SHI/INO730-733:3,1989SHI/INO730-733,3,https://kinetics.nist.gov/solution/Detail?id=1989SHI/INO730-733:3,empty,500,,2026-06-24T16:39:48.858235+00:00,data/new_solution/boundary_probe/boundary_20260624_161614/boundary_detail_1989SHI_INO730-733_3_20260624T163946_730c8f98dab7.html,missing_record
http_error_mislabeled_empty,1989SHU/KAM199-207:2,1989SHU/KAM199-207,2,https://kinetics.nist.gov/solution/Detail?id=1989SHU/KAM199-207:2,empty,500,,2026-06-24T16:53:22.533047+00:00,data/new_solution/boundary_probe/boundary_20260624_161614/boundary_detail_1989SHU_KAM199-207_2_20260624T165320_890444eb1257.html,missing_record
http_error_mislabeled_empty,1989SIM/BAK581-584:13,1989SIM/BAK581-584,13,https://kinetics.nist.gov/solution/Detail?id=1989SIM/BAK581-584:13,empty,500,,2026-06-24T16:22:37.969662+00:00,data/new_solution/boundary_probe/boundary_20260624_161614/boundary_detail_1989SIM_BAK581-584_13_20260624T162236_ffa123bd7a5a.html,missing_record
http_error_mislabeled_empty,1989STE/MCC4967-4973:5,1989STE/MCC4967-4973,5,https://kinetics.nist.gov/solution/Detail?id=1989STE/MCC4967-4973:5,empty,500,,2026-06-25T07:14:37.161019+00:00,data/new_solution/boundary_probe/boundary_20260625_071124/boundary_detail_1989STE_MCC4967-4973_5_20260625T071435_8ca44727f2e0.html,missing_record
http_error_mislabeled_empty,1989SUR/MEZ3360-3363:2,1989SUR/MEZ3360-3363,2,https://kinetics.nist.gov/solution/Detail?id=1989SUR/MEZ3360-3363:2,empty,500,,2026-06-24T16:17:15.091150+00:00,data/new_solution/boundary_probe/boundary_20260624_161614/boundary_detail_1989SUR_MEZ3360-3363_2_20260624T161713_ba7229ea69fd.html,missing_record
http_error_mislabeled_empty,1989TAT/SKL1597-1601:3,1989TAT/SKL1597-1601,3,https://kinetics.nist.gov/solution/Detail?id=1989TAT/SKL1597-1601:3,empty,500,,2026-06-24T17:05:48.026181+00:00,data/new_solution/boundary_probe/boundary_20260624_161614/boundary_detail_1989TAT_SKL1597-1601_3_20260624T170546_bc9d51739424.html,missing_record
http_error_mislabeled_empty,1989THO/SRI443-447:14,1989THO/SRI443-447,14,https://kinetics.nist.gov/solution/Detail?id=1989THO/SRI443-447:14,empty,500,,2026-06-24T16:58:29.472476+00:00,data/new_solution/boundary_probe/boundary_20260624_161614/boundary_detail_1989THO_SRI443-447_14_20260624T165827_92a0b7a4ce23.html,missing_record
http_error_mislabeled_empty,1990BAK/ESP1646-1647:4,1990BAK/ESP1646-1647,4,https://kinetics.nist.gov/solution/Detail?id=1990BAK/ESP1646-1647:4,empty,500,,2026-06-24T16:21:59.923592+00:00,data/new_solution/boundary_probe/boundary_20260624_161614/boundary_detail_1990BAK_ESP1646-1647_4_20260624T162158_bc442cde2bc4.html,missing_record
http_error_mislabeled_empty,1990BIE108-113:3,1990BIE108-113,3,https://kinetics.nist.gov/solution/Detail?id=1990BIE108-113:3,empty,500,,2026-06-24T16:48:50.879719+00:00,data/new_solution/boundary_probe/boundary_20260624_161614/boundary_detail_1990BIE108-113_3_20260624T164849_3554bb4b17be.html,missing_record
http_error_mislabeled_empty,1990BUX/SAL245-250B:6,1990BUX/SAL245-250B,6,https://kinetics.nist.gov/solution/Detail?id=1990BUX/SAL245-250B:6,empty,500,,2026-06-24T16:34:53.010879+00:00,data/new_solution/boundary_probe/boundary_20260624_161614/boundary_detail_1990BUX_SAL245-250B_6_20260624T163451_62283095aad8.html,missing_record
http_error_mislabeled_empty,1990CHA/LI5497-5504:19,1990CHA/LI5497-5504,19,https://kinetics.nist.gov/solution/Detail?id=1990CHA/LI5497-5504:19,empty,500,,2026-06-24T16:21:36.294488+00:00,data/new_solution/boundary_probe/boundary_20260624_161614/boundary_detail_1990CHA_LI5497-5504_19_20260624T162134_8a96a42569cd.html,missing_record
http_error_mislabeled_empty,1990CHA442-444:16,1990CHA442-444,16,https://kinetics.nist.gov/solution/Detail?id=1990CHA442-444:16,empty,500,,2026-06-24T16:34:43.444808+00:00,data/new_solution/boundary_probe/boundary_20260624_161614/boundary_detail_1990CHA442-444_16_20260624T163441_df48ff18f5f4.html,missing_record
http_error_mislabeled_empty,1990DEE/SCH8186-8192:8,1990DEE/SCH8186-8192,8,https://kinetics.nist.gov/solution/Detail?id=1990DEE/SCH8186-8192:8,empty,500,,2026-06-25T07:15:24.293221+00:00,data/new_solution/boundary_probe/boundary_20260625_071124/boundary_detail_1990DEE_SCH8186-8192_8_20260625T071522_1de8f804dfed.html,missing_record
http_error_mislabeled_empty,1990EGO/KRA6-10:10,1990EGO/KRA6-10,10,https://kinetics.nist.gov/solution/Detail?id=1990EGO/KRA6-10:10,empty,500,,2026-06-24T16:42:51.244503+00:00,data/new_solution/boundary_probe/boundary_20260624_161614/boundary_detail_1990EGO_KRA6-10_10_20260624T164249_5c9178632a83.html,missing_record
http_error_mislabeled_empty,1990GEB/GEB161-163:2,1990GEB/GEB161-163,2,https://kinetics.nist.gov/solution/Detail?id=1990GEB/GEB161-163:2,empty,500,,2026-06-25T07:18:34.015724+00:00,data/new_solution/boundary_probe/boundary_20260625_071124/boundary_detail_1990GEB_GEB161-163_2_20260625T071832_fc8e0257543a.html,missing_record
http_error_mislabeled_empty,1990GOG/SHI21-25:10,1990GOG/SHI21-25,10,https://kinetics.nist.gov/solution/Detail?id=1990GOG/SHI21-25:10,empty,500,,2026-06-24T17:02:46.792774+00:00,data/new_solution/boundary_probe/boundary_20260624_161614/boundary_detail_1990GOG_SHI21-25_10_20260624T170244_117403f7785f.html,missing_record
http_error_mislabeled_empty,1990GOL/CZA371-379:2,1990GOL/CZA371-379,2,https://kinetics.nist.gov/solution/Detail?id=1990GOL/CZA371-379:2,empty,500,,2026-06-24T16:48:08.060110+00:00,data/new_solution/boundary_probe/boundary_20260624_161614/boundary_detail_1990GOL_CZA371-379_2_20260624T164806_518c2b39532d.html,missing_record
http_error_mislabeled_empty,1990GOL/CZA6489-6492:9,1990GOL/CZA6489-6492,9,https://kinetics.nist.gov/solution/Detail?id=1990GOL/CZA6489-6492:9,empty,500,,2026-06-24T16:55:36.765210+00:00,data/new_solution/boundary_probe/boundary_20260624_161614/boundary_detail_1990GOL_CZA6489-6492_9_20260624T165535_5938accbab3b.html,missing_record
http_error_mislabeled_empty,1990GYO/BLA165-167:5,1990GYO/BLA165-167,5,https://kinetics.nist.gov/solution/Detail?id=1990GYO/BLA165-167:5,empty,500,,2026-06-24T16:39:39.135368+00:00,data/new_solution/boundary_probe/boundary_20260624_161614/boundary_detail_1990GYO_BLA165-167_5_20260624T163937_38cb0a75c9bc.html,missing_record
http_error_mislabeled_empty,1990HAR/LUE735-740:2,1990HAR/LUE735-740,2,https://kinetics.nist.gov/solution/Detail?id=1990HAR/LUE735-740:2,empty,500,,2026-06-24T16:20:20.002483+00:00,data/new_solution/boundary_probe/boundary_20260624_161614/boundary_detail_1990HAR_LUE735-740_2_20260624T162018_cfbd7ed8b1ed.html,missing_record
http_error_mislabeled_empty,1990JOV/STE3583-3588:9,1990JOV/STE3583-3588,9,https://kinetics.nist.gov/solution/Detail?id=1990JOV/STE3583-3588:9,empty,500,,2026-06-24T16:24:32.365174+00:00,data/new_solution/boundary_probe/boundary_20260624_161614/boundary_detail_1990JOV_STE3583-3588_9_20260624T162430_9f2f46ecbd62.html,missing_record
http_error_mislabeled_empty,1990LAM/SAR3879-3882:4,1990LAM/SAR3879-3882,4,https://kinetics.nist.gov/solution/Detail?id=1990LAM/SAR3879-3882:4,empty,500,,2026-06-24T16:49:14.665259+00:00,data/new_solution/boundary_probe/boundary_20260624_161614/boundary_detail_1990LAM_SAR3879-3882_4_20260624T164912_578c1095054b.html,missing_record
http_error_mislabeled_empty,1990LEE/MIN1630-1634:6,1990LEE/MIN1630-1634,6,https://kinetics.nist.gov/solution/Detail?id=1990LEE/MIN1630-1634:6,empty,500,,2026-06-24T17:01:59.040889+00:00,data/new_solution/boundary_probe/boundary_20260624_161614/boundary_detail_1990LEE_MIN1630-1634_6_20260624T170157_a4879f1424e6.html,missing_record
http_error_mislabeled_empty,1990LOG41-46:2,1990LOG41-46,2,https://kinetics.nist.gov/solution/Detail?id=1990LOG41-46:2,empty,500,,2026-06-25T07:18:29.120444+00:00,data/new_solution/boundary_probe/boundary_20260625_071124/boundary_detail_1990LOG41-46_2_20260625T071827_ca6ab0cad401.html,missing_record
http_error_mislabeled_empty,1990MAR/SCH157-168:2,1990MAR/SCH157-168,2,https://kinetics.nist.gov/solution/Detail?id=1990MAR/SCH157-168:2,empty,500,,2026-06-24T16:23:11.378366+00:00,data/new_solution/boundary_probe/boundary_20260624_161614/boundary_detail_1990MAR_SCH157-168_2_20260624T162309_818c717f35b9.html,missing_record
http_error_mislabeled_empty,1990MAY/KRA169-173:2,1990MAY/KRA169-173,2,https://kinetics.nist.gov/solution/Detail?id=1990MAY/KRA169-173:2,empty,500,,2026-06-24T16:52:44.679596+00:00,data/new_solution/boundary_probe/boundary_20260624_161614/boundary_detail_1990MAY_KRA169-173_2_20260624T165242_10cc33835eb1.html,missing_record
http_error_mislabeled_empty,1990MCE/WAY251-256B:2,1990MCE/WAY251-256B,2,https://kinetics.nist.gov/solution/Detail?id=1990MCE/WAY251-256B:2,empty,500,,2026-06-24T16:25:44.038658+00:00,data/new_solution/boundary_probe/boundary_20260624_161614/boundary_detail_1990MCE_WAY251-256B_2_20260624T162542_41c2e75d3b81.html,missing_record
http_error_mislabeled_empty,1990MEL/BIE725-733:11,1990MEL/BIE725-733,11,https://kinetics.nist.gov/solution/Detail?id=1990MEL/BIE725-733:11,empty,500,,2026-06-24T16:49:57.603252+00:00,data/new_solution/boundary_probe/boundary_20260624_161614/boundary_detail_1990MEL_BIE725-733_11_20260624T164955_424b42708c49.html,missing_record
http_error_mislabeled_empty,1990MIK/NAK689-695:9,1990MIK/NAK689-695,9,https://kinetics.nist.gov/solution/Detail?id=1990MIK/NAK689-695:9,empty,500,,2026-06-24T16:35:31.196115+00:00,data/new_solution/boundary_probe/boundary_20260624_161614/boundary_detail_1990MIK_NAK689-695_9_20260624T163529_3159b9cf5d90.html,missing_record
http_error_mislabeled_empty,1990MIT/MIZ187-191:10,1990MIT/MIZ187-191,10,https://kinetics.nist.gov/solution/Detail?id=1990MIT/MIZ187-191:10,empty,500,,2026-06-24T16:49:38.486563+00:00,data/new_solution/boundary_probe/boundary_20260624_161614/boundary_detail_1990MIT_MIZ187-191_10_20260624T164936_ab9439751b35.html,missing_record
http_error_mislabeled_empty,1990MOH/MOO327-337:6,1990MOH/MOO327-337,6,https://kinetics.nist.gov/solution/Detail?id=1990MOH/MOO327-337:6,empty,500,,2026-06-24T16:17:00.434029+00:00,data/new_solution/boundary_probe/boundary_20260624_161614/boundary_detail_1990MOH_MOO327-337_6_20260624T161658_b2425c4aaaa3.html,missing_record
http_error_mislabeled_empty,1990MUK/SWA1483-1491:4,1990MUK/SWA1483-1491,4,https://kinetics.nist.gov/solution/Detail?id=1990MUK/SWA1483-1491:4,empty,500,,2026-06-24T16:27:57.353452+00:00,data/new_solution/boundary_probe/boundary_20260624_161614/boundary_detail_1990MUK_SWA1483-1491_4_20260624T162755_2dd0cfc00109.html,missing_record
http_error_mislabeled_empty,1990NAI/MOO705-709:8,1990NAI/MOO705-709,8,https://kinetics.nist.gov/solution/Detail?id=1990NAI/MOO705-709:8,empty,500,,2026-06-24T16:28:21.318720+00:00,data/new_solution/boundary_probe/boundary_20260624_161614/boundary_detail_1990NAI_MOO705-709_8_20260624T162819_34e8df3fc523.html,missing_record
http_error_mislabeled_empty,1990PAN/VON1337-1340:2,1990PAN/VON1337-1340,2,https://kinetics.nist.gov/solution/Detail?id=1990PAN/VON1337-1340:2,empty,500,,2026-06-24T16:32:24.854263+00:00,data/new_solution/boundary_probe/boundary_20260624_161614/boundary_detail_1990PAN_VON1337-1340_2_20260624T163223_8d9114c3cbbc.html,missing_record
http_error_mislabeled_empty,1990QUE/GAR153-159:2,1990QUE/GAR153-159,2,https://kinetics.nist.gov/solution/Detail?id=1990QUE/GAR153-159:2,empty,500,,2026-06-24T16:18:57.779048+00:00,data/new_solution/boundary_probe/boundary_20260624_161614/boundary_detail_1990QUE_GAR153-159_2_20260624T161856_ed959756524b.html,missing_record
http_error_mislabeled_empty,1990SAR/ISL1133-1142:3,1990SAR/ISL1133-1142,3,https://kinetics.nist.gov/solution/Detail?id=1990SAR/ISL1133-1142:3,empty,500,,2026-06-24T16:42:02.731002+00:00,data/new_solution/boundary_probe/boundary_20260624_161614/boundary_detail_1990SAR_ISL1133-1142_3_20260624T164201_7cfc2c26c6de.html,missing_record
http_error_mislabeled_empty,1990SCH/SCH403-407:3,1990SCH/SCH403-407,3,https://kinetics.nist.gov/solution/Detail?id=1990SCH/SCH403-407:3,empty,500,,2026-06-24T17:02:27.579035+00:00,data/new_solution/boundary_probe/boundary_20260624_161614/boundary_detail_1990SCH_SCH403-407_3_20260624T170225_0355a4038f46.html,missing_record
http_error_mislabeled_empty,1990SCH/SCH741-744:2,1990SCH/SCH741-744,2,https://kinetics.nist.gov/solution/Detail?id=1990SCH/SCH741-744:2,empty,500,,2026-06-24T16:42:46.430729+00:00,data/new_solution/boundary_probe/boundary_20260624_161614/boundary_detail_1990SCH_SCH741-744_2_20260624T164244_80d94675fe13.html,missing_record
http_error_mislabeled_empty,1990SCU/ROU251-258:14,1990SCU/ROU251-258,14,https://kinetics.nist.gov/solution/Detail?id=1990SCU/ROU251-258:14,empty,500,,2026-06-24T16:45:00.914054+00:00,data/new_solution/boundary_probe/boundary_20260624_161614/boundary_detail_1990SCU_ROU251-258_14_20260624T164459_c6bf49530e03.html,missing_record
http_error_mislabeled_empty,1990SEH/CHR499-500:2,1990SEH/CHR499-500,2,https://kinetics.nist.gov/solution/Detail?id=1990SEH/CHR499-500:2,empty,500,,2026-06-24T17:06:07.106374+00:00,data/new_solution/boundary_probe/boundary_20260624_161614/boundary_detail_1990SEH_CHR499-500_2_20260624T170605_9b94b9d388a6.html,missing_record
http_error_mislabeled_empty,1990SHA/HUI505-512:17,1990SHA/HUI505-512,17,https://kinetics.nist.gov/solution/Detail?id=1990SHA/HUI505-512:17,empty,500,,2026-06-25T07:12:57.589228+00:00,data/new_solution/boundary_probe/boundary_20260625_071124/boundary_detail_1990SHA_HUI505-512_17_20260625T071255_60f666648328.html,missing_record
http_error_mislabeled_empty,1990SUM/KAT1293-1298:4,1990SUM/KAT1293-1298,4,https://kinetics.nist.gov/solution/Detail?id=1990SUM/KAT1293-1298:4,empty,500,,2026-06-24T16:31:08.279093+00:00,data/new_solution/boundary_probe/boundary_20260624_161614/boundary_detail_1990SUM_KAT1293-1298_4_20260624T163106_32d11816d787.html,missing_record
http_error_mislabeled_empty,1990SUZ/MIZ2783-2787:6,1990SUZ/MIZ2783-2787,6,https://kinetics.nist.gov/solution/Detail?id=1990SUZ/MIZ2783-2787:6,empty,500,,2026-06-24T16:18:08.836492+00:00,data/new_solution/boundary_probe/boundary_20260624_161614/boundary_detail_1990SUZ_MIZ2783-2787_6_20260624T161806_eeca037cd195.html,missing_record
http_error_mislabeled_empty,1990TOK/NOS321-325:10,1990TOK/NOS321-325,10,https://kinetics.nist.gov/solution/Detail?id=1990TOK/NOS321-325:10,empty,500,,2026-06-24T16:42:17.421096+00:00,data/new_solution/boundary_probe/boundary_20260624_161614/boundary_detail_1990TOK_NOS321-325_10_20260624T164215_4bbf721ad105.html,missing_record
http_error_mislabeled_empty,1991AKA/CEC10-16:2,1991AKA/CEC10-16,2,https://kinetics.nist.gov/solution/Detail?id=1991AKA/CEC10-16:2,empty,500,,2026-06-24T16:37:30.317279+00:00,data/new_solution/boundary_probe/boundary_20260624_161614/boundary_detail_1991AKA_CEC10-16_2_20260624T163728_f82543491e14.html,missing_record
http_error_mislabeled_empty,1991ARB/DAR11-12:2,1991ARB/DAR11-12,2,https://kinetics.nist.gov/solution/Detail?id=1991ARB/DAR11-12:2,empty,500,,2026-06-24T16:45:58.232488+00:00,data/new_solution/boundary_probe/boundary_20260624_161614/boundary_detail_1991ARB_DAR11-12_2_20260624T164556_30f7e8874836.html,missing_record
http_error_mislabeled_empty,1991CHU/MCA517-522B:2,1991CHU/MCA517-522B,2,https://kinetics.nist.gov/solution/Detail?id=1991CHU/MCA517-522B:2,empty,500,,2026-06-24T17:05:15.250432+00:00,data/new_solution/boundary_probe/boundary_20260624_161614/boundary_detail_1991CHU_MCA517-522B_2_20260624T170514_8d349fec78d4.html,missing_record
http_error_mislabeled_empty,1991CLE/OOL4286-4289:5,1991CLE/OOL4286-4289,5,https://kinetics.nist.gov/solution/Detail?id=1991CLE/OOL4286-4289:5,empty,500,,2026-06-24T16:59:36.368288+00:00,data/new_solution/boundary_probe/boundary_20260624_161614/boundary_detail_1991CLE_OOL4286-4289_5_20260624T165934_3b7164a79567.html,missing_record
http_error_mislabeled_empty,1991DEV/STE6283-6289:3,1991DEV/STE6283-6289,3,https://kinetics.nist.gov/solution/Detail?id=1991DEV/STE6283-6289:3,empty,500,,2026-06-24T16:56:39.406661+00:00,data/new_solution/boundary_probe/boundary_20260624_161614/boundary_detail_1991DEV_STE6283-6289_3_20260624T165637_743905e18408.html,missing_record
http_error_mislabeled_empty,1991ERS/JAN8996-8999:3,1991ERS/JAN8996-8999,3,https://kinetics.nist.gov/solution/Detail?id=1991ERS/JAN8996-8999:3,empty,500,,2026-06-24T16:42:32.096501+00:00,data/new_solution/boundary_probe/boundary_20260624_161614/boundary_detail_1991ERS_JAN8996-8999_3_20260624T164229_d9eb790c04f3.html,missing_record
http_error_mislabeled_empty,1991FIL/CHA937-943:2,1991FIL/CHA937-943,2,https://kinetics.nist.gov/solution/Detail?id=1991FIL/CHA937-943:2,empty,500,,2026-06-24T16:57:22.460175+00:00,data/new_solution/boundary_probe/boundary_20260624_161614/boundary_detail_1991FIL_CHA937-943_2_20260624T165720_086aef530517.html,missing_record
http_error_mislabeled_empty,1991GEB/GEB617-623:2,1991GEB/GEB617-623,2,https://kinetics.nist.gov/solution/Detail?id=1991GEB/GEB617-623:2,empty,500,,2026-06-24T17:04:46.234048+00:00,data/new_solution/boundary_probe/boundary_20260624_161614/boundary_detail_1991GEB_GEB617-623_2_20260624T170444_3d18aa32f91f.html,missing_record
http_error_mislabeled_empty,1991GOE/KOL3993-3999:2,1991GOE/KOL3993-3999,2,https://kinetics.nist.gov/solution/Detail?id=1991GOE/KOL3993-3999:2,empty,500,,2026-06-24T16:20:38.912358+00:00,data/new_solution/boundary_probe/boundary_20260624_161614/boundary_detail_1991GOE_KOL3993-3999_2_20260624T162037_fc89be41fde5.html,missing_record
http_error_mislabeled_empty,1991GOL/CZA205-210:3,1991GOL/CZA205-210,3,https://kinetics.nist.gov/solution/Detail?id=1991GOL/CZA205-210:3,empty,500,,2026-06-24T16:24:13.306828+00:00,data/new_solution/boundary_probe/boundary_20260624_161614/boundary_detail_1991GOL_CZA205-210_3_20260624T162411_d14b2e925057.html,missing_record
http_error_mislabeled_empty,1991HOR/SZO97-104:4,1991HOR/SZO97-104,4,https://kinetics.nist.gov/solution/Detail?id=1991HOR/SZO97-104:4,empty,500,,2026-06-24T17:04:31.842742+00:00,data/new_solution/boundary_probe/boundary_20260624_161614/boundary_detail_1991HOR_SZO97-104_4_20260624T170430_eb4b7e408efa.html,missing_record
http_error_mislabeled_empty,1991HUA/LIA506-511:6,1991HUA/LIA506-511,6,https://kinetics.nist.gov/solution/Detail?id=1991HUA/LIA506-511:6,empty,500,,2026-06-24T16:32:44.068887+00:00,data/new_solution/boundary_probe/boundary_20260624_161614/boundary_detail_1991HUA_LIA506-511_6_20260624T163242_3dbe89a5b5ec.html,missing_record
http_error_mislabeled_empty,1991HUI/CLI477-481:10,1991HUI/CLI477-481,10,https://kinetics.nist.gov/solution/Detail?id=1991HUI/CLI477-481:10,empty,500,,2026-06-25T07:14:13.476732+00:00,data/new_solution/boundary_probe/boundary_20260625_071124/boundary_detail_1991HUI_CLI477-481_10_20260625T071411_9655c602f182.html,missing_record
http_error_mislabeled_empty,1991HUS/ESP4826-4830:25,1991HUS/ESP4826-4830,25,https://kinetics.nist.gov/solution/Detail?id=1991HUS/ESP4826-4830:25,empty,500,,2026-06-24T16:18:43.138580+00:00,data/new_solution/boundary_probe/boundary_20260624_161614/boundary_detail_1991HUS_ESP4826-4830_25_20260624T161841_e14f1867009e.html,missing_record
http_error_mislabeled_empty,1991KAM/CHA705-709:6,1991KAM/CHA705-709,6,https://kinetics.nist.gov/solution/Detail?id=1991KAM/CHA705-709:6,empty,500,,2026-06-24T17:05:19.487699+00:00,data/new_solution/boundary_probe/boundary_20260624_161614/boundary_detail_1991KAM_CHA705-709_6_20260624T170518_06a3c1aa172c.html,missing_record
http_error_mislabeled_empty,1991KLA/SEH3582-3584:4,1991KLA/SEH3582-3584,4,https://kinetics.nist.gov/solution/Detail?id=1991KLA/SEH3582-3584:4,empty,500,,2026-06-24T16:40:55.669536+00:00,data/new_solution/boundary_probe/boundary_20260624_161614/boundary_detail_1991KLA_SEH3582-3584_4_20260624T164053_188cb09e6032.html,missing_record
http_error_mislabeled_empty,1991KUM/RAO531-544:6,1991KUM/RAO531-544,6,https://kinetics.nist.gov/solution/Detail?id=1991KUM/RAO531-544:6,empty,500,,2026-06-24T16:35:59.922975+00:00,data/new_solution/boundary_probe/boundary_20260624_161614/boundary_detail_1991KUM_RAO531-544_6_20260624T163558_0d14f03797a3.html,missing_record
http_error_mislabeled_empty,1991LEE/MIN642-646:4,1991LEE/MIN642-646,4,https://kinetics.nist.gov/solution/Detail?id=1991LEE/MIN642-646:4,empty,500,,2026-06-24T16:33:55.789607+00:00,data/new_solution/boundary_probe/boundary_20260624_161614/boundary_detail_1991LEE_MIN642-646_4_20260624T163354_10837c0bea9d.html,missing_record
http_error_mislabeled_empty,1991MIL/LUN293-298:2,1991MIL/LUN293-298,2,https://kinetics.nist.gov/solution/Detail?id=1991MIL/LUN293-298:2,empty,500,,2026-06-24T16:22:14.295436+00:00,data/new_solution/boundary_probe/boundary_20260624_161614/boundary_detail_1991MIL_LUN293-298_2_20260624T162212_3054046e4a22.html,missing_record
http_error_mislabeled_empty,1991MUK/DAI4188-4192:23,1991MUK/DAI4188-4192,23,https://kinetics.nist.gov/solution/Detail?id=1991MUK/DAI4188-4192:23,empty,500,,2026-06-24T16:56:05.656405+00:00,data/new_solution/boundary_probe/boundary_20260624_161614/boundary_detail_1991MUK_DAI4188-4192_23_20260624T165603_ceb7573c6db9.html,missing_record
http_error_mislabeled_empty,1991NAI/MOO667-675:11,1991NAI/MOO667-675,11,https://kinetics.nist.gov/solution/Detail?id=1991NAI/MOO667-675:11,empty,500,,2026-06-24T16:49:43.367016+00:00,data/new_solution/boundary_probe/boundary_20260624_161614/boundary_detail_1991NAI_MOO667-675_11_20260624T164941_ed149158ef3e.html,missing_record
http_error_mislabeled_empty,1991NEU/FUS453-456:2,1991NEU/FUS453-456,2,https://kinetics.nist.gov/solution/Detail?id=1991NEU/FUS453-456:2,empty,500,,2026-06-24T16:42:07.451716+00:00,data/new_solution/boundary_probe/boundary_20260624_161614/boundary_detail_1991NEU_FUS453-456_2_20260624T164205_cdf95774f5af.html,missing_record
http_error_mislabeled_empty,1991NEU/FUS662-665:4,1991NEU/FUS662-665,4,https://kinetics.nist.gov/solution/Detail?id=1991NEU/FUS662-665:4,empty,500,,2026-06-24T16:24:03.874669+00:00,data/new_solution/boundary_probe/boundary_20260624_161614/boundary_detail_1991NEU_FUS662-665_4_20260624T162402_42d400c07e39.html,missing_record
http_error_mislabeled_empty,1991PEI/FRE884-892:13,1991PEI/FRE884-892,13,https://kinetics.nist.gov/solution/Detail?id=1991PEI/FRE884-892:13,empty,500,,2026-06-24T16:45:10.580997+00:00,data/new_solution/boundary_probe/boundary_20260624_161614/boundary_detail_1991PEI_FRE884-892_13_20260624T164508_0c8b841721db.html,missing_record
http_error_mislabeled_empty,1991PLO/KRA445-447:4,1991PLO/KRA445-447,4,https://kinetics.nist.gov/solution/Detail?id=1991PLO/KRA445-447:4,empty,500,,2026-06-24T16:19:17.262731+00:00,data/new_solution/boundary_probe/boundary_20260624_161614/boundary_detail_1991PLO_KRA445-447_4_20260624T161915_ae36fc1ff041.html,missing_record
http_error_mislabeled_empty,1991ROO/SUL4545-4549:9,1991ROO/SUL4545-4549,9,https://kinetics.nist.gov/solution/Detail?id=1991ROO/SUL4545-4549:9,empty,500,,2026-06-24T16:53:17.823594+00:00,data/new_solution/boundary_probe/boundary_20260624_161614/boundary_detail_1991ROO_SUL4545-4549_9_20260624T165316_cf81cbb082d1.html,missing_record
http_error_mislabeled_empty,1991SEK/GAR977-985:4,1991SEK/GAR977-985,4,https://kinetics.nist.gov/solution/Detail?id=1991SEK/GAR977-985:4,empty,500,,2026-06-25T07:16:21.020751+00:00,data/new_solution/boundary_probe/boundary_20260625_071124/boundary_detail_1991SEK_GAR977-985_4_20260625T071619_8f1bffbfaf3f.html,missing_record
http_error_mislabeled_empty,1991VEN/MUL449-456:9,1991VEN/MUL449-456,9,https://kinetics.nist.gov/solution/Detail?id=1991VEN/MUL449-456:9,empty,500,,2026-06-24T16:35:07.355036+00:00,data/new_solution/boundary_probe/boundary_20260624_161614/boundary_detail_1991VEN_MUL449-456_9_20260624T163505_73208fd15f70.html,missing_record
http_error_mislabeled_empty,1991WEI/SCH791-800:2,1991WEI/SCH791-800,2,https://kinetics.nist.gov/solution/Detail?id=1991WEI/SCH791-800:2,empty,500,,2026-06-24T16:46:51.170419+00:00,data/new_solution/boundary_probe/boundary_20260624_161614/boundary_detail_1991WEI_SCH791-800_2_20260624T164649_51fab1524e10.html,missing_record
http_error_mislabeled_empty,1991YAO/HAA761-773:55,1991YAO/HAA761-773,55,https://kinetics.nist.gov/solution/Detail?id=1991YAO/HAA761-773:55,empty,500,,2026-06-24T16:25:19.970258+00:00,data/new_solution/boundary_probe/boundary_20260624_161614/boundary_detail_1991YAO_HAA761-773_55_20260624T162518_cdbd84838694.html,missing_record
http_error_mislabeled_empty,1992CAN/STE937-944:2,1992CAN/STE937-944,2,https://kinetics.nist.gov/solution/Detail?id=1992CAN/STE937-944:2,empty,500,,2026-06-24T17:03:44.191562+00:00,data/new_solution/boundary_probe/boundary_20260624_161614/boundary_detail_1992CAN_STE937-944_2_20260624T170342_956ed9d8200d.html,missing_record
http_error_mislabeled_empty,1992CHI/WIN17-25:4,1992CHI/WIN17-25,4,https://kinetics.nist.gov/solution/Detail?id=1992CHI/WIN17-25:4,empty,500,,2026-06-24T16:57:41.708527+00:00,data/new_solution/boundary_probe/boundary_20260624_161614/boundary_detail_1992CHI_WIN17-25_4_20260624T165739_c7f75a32277d.html,missing_record
http_error_mislabeled_empty,1992CLE/YAN4477-4487:28,1992CLE/YAN4477-4487,28,https://kinetics.nist.gov/solution/Detail?id=1992CLE/YAN4477-4487:28,empty,500,,2026-06-24T16:52:58.832279+00:00,data/new_solution/boundary_probe/boundary_20260624_161614/boundary_detail_1992CLE_YAN4477-4487_28_20260624T165257_92459bb76183.html,missing_record
http_error_mislabeled_empty,1992DIM457-460:2,1992DIM457-460,2,https://kinetics.nist.gov/solution/Detail?id=1992DIM457-460:2,empty,500,,2026-06-24T16:51:37.684226+00:00,data/new_solution/boundary_probe/boundary_20260624_161614/boundary_detail_1992DIM457-460_2_20260624T165135_1ee8ad252a62.html,missing_record
http_error_mislabeled_empty,1992DUN/BRA227-235:3,1992DUN/BRA227-235,3,https://kinetics.nist.gov/solution/Detail?id=1992DUN/BRA227-235:3,empty,500,,2026-06-24T16:38:08.350235+00:00,data/new_solution/boundary_probe/boundary_20260624_161614/boundary_detail_1992DUN_BRA227-235_3_20260624T163806_bd7aa2bd99f0.html,missing_record
http_error_mislabeled_empty,1992ELA/ABD133-141:2,1992ELA/ABD133-141,2,https://kinetics.nist.gov/solution/Detail?id=1992ELA/ABD133-141:2,empty,500,,2026-06-24T16:51:32.964233+00:00,data/new_solution/boundary_probe/boundary_20260624_161614/boundary_detail_1992ELA_ABD133-141_2_20260624T165131_557205a7f660.html,missing_record
http_error_mislabeled_empty,1992ELL1658-1661:6,1992ELL1658-1661,6,https://kinetics.nist.gov/solution/Detail?id=1992ELL1658-1661:6,empty,500,,2026-06-24T16:22:19.005203+00:00,data/new_solution/boundary_probe/boundary_20260624_161614/boundary_detail_1992ELL1658-1661_6_20260624T162217_35ae04abd871.html,missing_record
http_error_mislabeled_empty,1992FOJ/HEN8203-8206:2,1992FOJ/HEN8203-8206,2,https://kinetics.nist.gov/solution/Detail?id=1992FOJ/HEN8203-8206:2,empty,500,,2026-06-24T16:30:34.482883+00:00,data/new_solution/boundary_probe/boundary_20260624_161614/boundary_detail_1992FOJ_HEN8203-8206_2_20260624T163032_7b6cc6be98ef.html,missing_record
http_error_mislabeled_empty,1992GOL/CZA87-93:5,1992GOL/CZA87-93,5,https://kinetics.nist.gov/solution/Detail?id=1992GOL/CZA87-93:5,empty,500,,2026-06-24T16:43:29.632822+00:00,data/new_solution/boundary_probe/boundary_20260624_161614/boundary_detail_1992GOL_CZA87-93_5_20260624T164327_292bf7d60907.html,missing_record
http_error_mislabeled_empty,1992GUH/MIT497-507:2,1992GUH/MIT497-507,2,https://kinetics.nist.gov/solution/Detail?id=1992GUH/MIT497-507:2,empty,500,,2026-06-24T16:54:01.064765+00:00,data/new_solution/boundary_probe/boundary_20260624_161614/boundary_detail_1992GUH_MIT497-507_2_20260624T165359_e8c47aeed7f4.html,missing_record
http_error_mislabeled_empty,1992GUL/KUM9576-9581:3,1992GUL/KUM9576-9581,3,https://kinetics.nist.gov/solution/Detail?id=1992GUL/KUM9576-9581:3,empty,500,,2026-06-24T17:00:05.069530+00:00,data/new_solution/boundary_probe/boundary_20260624_161614/boundary_detail_1992GUL_KUM9576-9581_3_20260624T170003_e42041285ae0.html,missing_record
http_error_mislabeled_empty,1992GUL/NET4849-4853:5,1992GUL/NET4849-4853,5,https://kinetics.nist.gov/solution/Detail?id=1992GUL/NET4849-4853:5,empty,500,,2026-06-24T17:04:22.374695+00:00,data/new_solution/boundary_probe/boundary_20260624_161614/boundary_detail_1992GUL_NET4849-4853_5_20260624T170420_7335502097be.html,missing_record
http_error_mislabeled_empty,1992GYO/ANT81-84:4,1992GYO/ANT81-84,4,https://kinetics.nist.gov/solution/Detail?id=1992GYO/ANT81-84:4,empty,500,,2026-06-24T16:35:12.173221+00:00,data/new_solution/boundary_probe/boundary_20260624_161614/boundary_detail_1992GYO_ANT81-84_4_20260624T163510_2cab497aada6.html,missing_record
http_error_mislabeled_empty,1992HAA/YAO1005-1013:35,1992HAA/YAO1005-1013,35,https://kinetics.nist.gov/solution/Detail?id=1992HAA/YAO1005-1013:35,empty,500,,2026-06-24T16:32:10.497928+00:00,data/new_solution/boundary_probe/boundary_20260624_161614/boundary_detail_1992HAA_YAO1005-1013_35_20260624T163208_d3a3e79c4823.html,missing_record
http_error_mislabeled_empty,1992JIA/WAN391-396:5,1992JIA/WAN391-396,5,https://kinetics.nist.gov/solution/Detail?id=1992JIA/WAN391-396:5,empty,500,,2026-06-24T16:19:41.235818+00:00,data/new_solution/boundary_probe/boundary_20260624_161614/boundary_detail_1992JIA_WAN391-396_5_20260624T161939_ed8309fd0f01.html,missing_record
http_error_mislabeled_empty,1992KHA/MEI11426-11427:5,1992KHA/MEI11426-11427,5,https://kinetics.nist.gov/solution/Detail?id=1992KHA/MEI11426-11427:5,empty,500,,2026-06-25T07:14:51.243346+00:00,data/new_solution/boundary_probe/boundary_20260625_071124/boundary_detail_1992KHA_MEI11426-11427_5_20260625T071449_31c3d7b6ce59.html,missing_record
http_error_mislabeled_empty,1992KON/VOL1130-1133:2,1992KON/VOL1130-1133,2,https://kinetics.nist.gov/solution/Detail?id=1992KON/VOL1130-1133:2,empty,500,,2026-06-24T16:32:29.648756+00:00,data/new_solution/boundary_probe/boundary_20260624_161614/boundary_detail_1992KON_VOL1130-1133_2_20260624T163227_c8d11175e10b.html,missing_record
http_error_mislabeled_empty,1992KUM/NET3350-3354:21,1992KUM/NET3350-3354,21,https://kinetics.nist.gov/solution/Detail?id=1992KUM/NET3350-3354:21,empty,500,,2026-06-24T16:36:09.418282+00:00,data/new_solution/boundary_probe/boundary_20260624_161614/boundary_detail_1992KUM_NET3350-3354_21_20260624T163607_ffa7eb042327.html,missing_record
http_error_mislabeled_empty,1992LIC/MIC117-122:5,1992LIC/MIC117-122,5,https://kinetics.nist.gov/solution/Detail?id=1992LIC/MIC117-122:5,empty,500,,2026-06-24T16:28:49.851491+00:00,data/new_solution/boundary_probe/boundary_20260624_161614/boundary_detail_1992LIC_MIC117-122_5_20260624T162848_ca224391b10b.html,missing_record
http_error_mislabeled_empty,1992MOH/MUD513-517:12,1992MOH/MUD513-517,12,https://kinetics.nist.gov/solution/Detail?id=1992MOH/MUD513-517:12,empty,500,,2026-06-24T17:00:14.514729+00:00,data/new_solution/boundary_probe/boundary_20260624_161614/boundary_detail_1992MOH_MUD513-517_12_20260624T170012_ac758117b179.html,missing_record
http_error_mislabeled_empty,1992RAM/BHA519-521:3,1992RAM/BHA519-521,3,https://kinetics.nist.gov/solution/Detail?id=1992RAM/BHA519-521:3,empty,500,,2026-06-24T17:06:11.836115+00:00,data/new_solution/boundary_probe/boundary_20260624_161614/boundary_detail_1992RAM_BHA519-521_3_20260624T170610_cfd7836dcc58.html,missing_record
http_error_mislabeled_empty,1992SAS/GER4692-4698:2,1992SAS/GER4692-4698,2,https://kinetics.nist.gov/solution/Detail?id=1992SAS/GER4692-4698:2,empty,500,,2026-06-24T16:37:49.367121+00:00,data/new_solution/boundary_probe/boundary_20260624_161614/boundary_detail_1992SAS_GER4692-4698_2_20260624T163747_9c046141fe5b.html,missing_record
http_error_mislabeled_empty,1992SCH8937-8941:7,1992SCH8937-8941,7,https://kinetics.nist.gov/solution/Detail?id=1992SCH8937-8941:7,empty,500,,2026-06-24T16:41:53.285577+00:00,data/new_solution/boundary_probe/boundary_20260624_161614/boundary_detail_1992SCH8937-8941_7_20260624T164151_1078793d1da1.html,missing_record
http_error_mislabeled_empty,1992SOL/QUI171-175:5,1992SOL/QUI171-175,5,https://kinetics.nist.gov/solution/Detail?id=1992SOL/QUI171-175:5,empty,500,,2026-06-24T16:42:41.643002+00:00,data/new_solution/boundary_probe/boundary_20260624_161614/boundary_detail_1992SOL_QUI171-175_5_20260624T164239_625e9b1bd643.html,missing_record
http_error_mislabeled_empty,1992SUZ/TSU517-525:2,1992SUZ/TSU517-525,2,https://kinetics.nist.gov/solution/Detail?id=1992SUZ/TSU517-525:2,empty,500,,2026-06-24T16:51:47.194639+00:00,data/new_solution/boundary_probe/boundary_20260624_161614/boundary_detail_1992SUZ_TSU517-525_2_20260624T165145_4bf2062bcd5c.html,missing_record
http_error_mislabeled_empty,1992VID/ELZ1548-1552:7,1992VID/ELZ1548-1552,7,https://kinetics.nist.gov/solution/Detail?id=1992VID/ELZ1548-1552:7,empty,500,,2026-06-24T16:51:56.719634+00:00,data/new_solution/boundary_probe/boundary_20260624_161614/boundary_detail_1992VID_ELZ1548-1552_7_20260624T165154_43d5cc57665b.html,missing_record
http_error_mislabeled_empty,1993AKA/YOS827-832:4,1993AKA/YOS827-832,4,https://kinetics.nist.gov/solution/Detail?id=1993AKA/YOS827-832:4,empty,500,,2026-06-25T07:12:23.999723+00:00,data/new_solution/boundary_probe/boundary_20260625_071124/boundary_detail_1993AKA_YOS827-832_4_20260625T071222_825e5d1e9551.html,missing_record
http_error_mislabeled_empty,1993ALF/HUI6835-6838:42,1993ALF/HUI6835-6838,42,https://kinetics.nist.gov/solution/Detail?id=1993ALF/HUI6835-6838:42,empty,500,,2026-06-24T16:41:09.999423+00:00,data/new_solution/boundary_probe/boundary_20260624_161614/boundary_detail_1993ALF_HUI6835-6838_42_20260624T164108_4369f730702d.html,missing_record
http_error_mislabeled_empty,1993ALF/PAD3780-3782:37,1993ALF/PAD3780-3782,37,https://kinetics.nist.gov/solution/Detail?id=1993ALF/PAD3780-3782:37,empty,500,,2026-06-24T16:45:43.794177+00:00,data/new_solution/boundary_probe/boundary_20260624_161614/boundary_detail_1993ALF_PAD3780-3782_37_20260624T164542_67d00d825de4.html,missing_record
http_error_mislabeled_empty,1993AND/KAK1514-1522:4,1993AND/KAK1514-1522,4,https://kinetics.nist.gov/solution/Detail?id=1993AND/KAK1514-1522:4,empty,500,,2026-06-24T16:54:44.037271+00:00,data/new_solution/boundary_probe/boundary_20260624_161614/boundary_detail_1993AND_KAK1514-1522_4_20260624T165442_b6996db4c5e0.html,missing_record
http_error_mislabeled_empty,1993ATH/DIL75-82:10,1993ATH/DIL75-82,10,https://kinetics.nist.gov/solution/Detail?id=1993ATH/DIL75-82:10,empty,500,,2026-06-24T17:05:57.530597+00:00,data/new_solution/boundary_probe/boundary_20260624_161614/boundary_detail_1993ATH_DIL75-82_10_20260624T170555_a265ceb36074.html,missing_record
http_error_mislabeled_empty,1993AVE/POL165-179:2,1993AVE/POL165-179,2,https://kinetics.nist.gov/solution/Detail?id=1993AVE/POL165-179:2,empty,500,,2026-06-24T16:56:29.718405+00:00,data/new_solution/boundary_probe/boundary_20260624_161614/boundary_detail_1993AVE_POL165-179_2_20260624T165627_917e2229dab3.html,missing_record
http_error_mislabeled_empty,1993AWA/STA375-381:2,1993AWA/STA375-381,2,https://kinetics.nist.gov/solution/Detail?id=1993AWA/STA375-381:2,empty,500,,2026-06-24T16:29:22.993794+00:00,data/new_solution/boundary_probe/boundary_20260624_161614/boundary_detail_1993AWA_STA375-381_2_20260624T162921_f5679c6a05ad.html,missing_record
http_error_mislabeled_empty,1993BIE527-530:2,1993BIE527-530,2,https://kinetics.nist.gov/solution/Detail?id=1993BIE527-530:2,empty,500,,2026-06-24T16:17:29.956385+00:00,data/new_solution/boundary_probe/boundary_20260624_161614/boundary_detail_1993BIE527-530_2_20260624T161728_5242894e48bc.html,missing_record
http_error_mislabeled_empty,1993CAP/STO2613-2621:2,1993CAP/STO2613-2621,2,https://kinetics.nist.gov/solution/Detail?id=1993CAP/STO2613-2621:2,empty,500,,2026-06-24T16:37:25.483595+00:00,data/new_solution/boundary_probe/boundary_20260624_161614/boundary_detail_1993CAP_STO2613-2621_2_20260624T163723_883429d9b4b4.html,missing_record
http_error_mislabeled_empty,1993DEL/BAC5451-5456:20,1993DEL/BAC5451-5456,20,https://kinetics.nist.gov/solution/Detail?id=1993DEL/BAC5451-5456:20,empty,500,,2026-06-24T16:29:42.326004+00:00,data/new_solution/boundary_probe/boundary_20260624_161614/boundary_detail_1993DEL_BAC5451-5456_20_20260624T162940_ff5b1336e27a.html,missing_record
http_error_mislabeled_empty,1993GIL/SMI2025-2031:29,1993GIL/SMI2025-2031,29,https://kinetics.nist.gov/solution/Detail?id=1993GIL/SMI2025-2031:29,empty,500,,2026-06-24T17:01:25.762822+00:00,data/new_solution/boundary_probe/boundary_20260624_161614/boundary_detail_1993GIL_SMI2025-2031_29_20260624T170123_a3dae3172a47.html,missing_record
http_error_mislabeled_empty,1993GUH/MOO409-415:9,1993GUH/MOO409-415,9,https://kinetics.nist.gov/solution/Detail?id=1993GUH/MOO409-415:9,empty,500,,2026-06-24T16:52:39.949061+00:00,data/new_solution/boundary_probe/boundary_20260624_161614/boundary_detail_1993GUH_MOO409-415_9_20260624T165238_18ddb405ac3f.html,missing_record
http_error_mislabeled_empty,1993HE/LIU129-150:2,1993HE/LIU129-150,2,https://kinetics.nist.gov/solution/Detail?id=1993HE/LIU129-150:2,empty,500,,2026-06-24T16:28:35.656953+00:00,data/new_solution/boundary_probe/boundary_20260624_161614/boundary_detail_1993HE_LIU129-150_2_20260624T162833_d372f159baa4.html,missing_record
http_error_mislabeled_empty,1993HOR/FEN33-37:3,1993HOR/FEN33-37,3,https://kinetics.nist.gov/solution/Detail?id=1993HOR/FEN33-37:3,empty,500,,2026-06-25T07:11:55.646656+00:00,data/new_solution/boundary_probe/boundary_20260625_071124/boundary_detail_1993HOR_FEN33-37_3_20260625T071153_6bac74a36324.html,missing_record
http_error_mislabeled_empty,1993HOR/NAK277-285:3,1993HOR/NAK277-285,3,https://kinetics.nist.gov/solution/Detail?id=1993HOR/NAK277-285:3,empty,500,,2026-06-24T17:00:57.220316+00:00,data/new_solution/boundary_probe/boundary_20260624_161614/boundary_detail_1993HOR_NAK277-285_3_20260624T170055_1ca1ff000d72.html,missing_record
http_error_mislabeled_empty,1993HUI/PAD195-199:2,1993HUI/PAD195-199,2,https://kinetics.nist.gov/solution/Detail?id=1993HUI/PAD195-199:2,empty,500,,2026-06-24T17:00:09.787883+00:00,data/new_solution/boundary_probe/boundary_20260624_161614/boundary_detail_1993HUI_PAD195-199_2_20260624T170008_0c22123a163c.html,missing_record
http_error_mislabeled_empty,1993KAL/RAM4007-4012:7,1993KAL/RAM4007-4012,7,https://kinetics.nist.gov/solution/Detail?id=1993KAL/RAM4007-4012:7,empty,500,,2026-06-24T16:23:44.732011+00:00,data/new_solution/boundary_probe/boundary_20260624_161614/boundary_detail_1993KAL_RAM4007-4012_7_20260624T162342_e892b67ba2a6.html,missing_record
http_error_mislabeled_empty,1993KIS/DEY141-147:6,1993KIS/DEY141-147,6,https://kinetics.nist.gov/solution/Detail?id=1993KIS/DEY141-147:6,empty,500,,2026-06-24T16:48:36.704048+00:00,data/new_solution/boundary_probe/boundary_20260624_161614/boundary_detail_1993KIS_DEY141-147_6_20260624T164834_455d17808a69.html,missing_record
http_error_mislabeled_empty,1993KYR/MES731-735:2,1993KYR/MES731-735,2,https://kinetics.nist.gov/solution/Detail?id=1993KYR/MES731-735:2,empty,500,,2026-06-24T16:35:26.384884+00:00,data/new_solution/boundary_probe/boundary_20260624_161614/boundary_detail_1993KYR_MES731-735_2_20260624T163524_33442fa38061.html,missing_record
http_error_mislabeled_empty,1993LAM/GOV2797-2801:2,1993LAM/GOV2797-2801,2,https://kinetics.nist.gov/solution/Detail?id=1993LAM/GOV2797-2801:2,empty,500,,2026-06-24T16:20:48.338976+00:00,data/new_solution/boundary_probe/boundary_20260624_161614/boundary_detail_1993LAM_GOV2797-2801_2_20260624T162046_c15f0603aee3.html,missing_record
http_error_mislabeled_empty,1993LAN803-810:6,1993LAN803-810,6,https://kinetics.nist.gov/solution/Detail?id=1993LAN803-810:6,empty,500,,2026-06-24T16:22:09.526623+00:00,data/new_solution/boundary_probe/boundary_20260624_161614/boundary_detail_1993LAN803-810_6_20260624T162207_7b09a6c8596a.html,missing_record
http_error_mislabeled_empty,1993LIN/JON3503-3510:3,1993LIN/JON3503-3510,3,https://kinetics.nist.gov/solution/Detail?id=1993LIN/JON3503-3510:3,empty,500,,2026-06-24T16:54:20.183962+00:00,data/new_solution/boundary_probe/boundary_20260624_161614/boundary_detail_1993LIN_JON3503-3510_3_20260624T165418_516b96751244.html,missing_record
http_error_mislabeled_empty,1993LUI/GUT1247-1252:23,1993LUI/GUT1247-1252,23,https://kinetics.nist.gov/solution/Detail?id=1993LUI/GUT1247-1252:23,empty,500,,2026-06-24T16:37:20.766007+00:00,data/new_solution/boundary_probe/boundary_20260624_161614/boundary_detail_1993LUI_GUT1247-1252_23_20260624T163718_c47f04ba3d32.html,missing_record
http_error_mislabeled_empty,1993MUK/ITO323-326:13,1993MUK/ITO323-326,13,https://kinetics.nist.gov/solution/Detail?id=1993MUK/ITO323-326:13,empty,500,,2026-06-24T17:00:38.218127+00:00,data/new_solution/boundary_probe/boundary_20260624_161614/boundary_detail_1993MUK_ITO323-326_13_20260624T170036_391870266c59.html,missing_record
http_error_mislabeled_empty,1993MUL89-94:5,1993MUL89-94,5,https://kinetics.nist.gov/solution/Detail?id=1993MUL89-94:5,empty,500,,2026-06-24T16:32:58.340330+00:00,data/new_solution/boundary_probe/boundary_20260624_161614/boundary_detail_1993MUL89-94_5_20260624T163256_ed4459903641.html,missing_record
http_error_mislabeled_empty,1993PAD/NET445-455:47,1993PAD/NET445-455,47,https://kinetics.nist.gov/solution/Detail?id=1993PAD/NET445-455:47,empty,500,,2026-06-24T16:20:29.478817+00:00,data/new_solution/boundary_probe/boundary_20260624_161614/boundary_detail_1993PAD_NET445-455_47_20260624T162027_470c14ec93c0.html,missing_record
http_error_mislabeled_empty,1993RIH/KEN8146-8152:2,1993RIH/KEN8146-8152,2,https://kinetics.nist.gov/solution/Detail?id=1993RIH/KEN8146-8152:2,empty,500,,2026-06-24T16:46:27.111279+00:00,data/new_solution/boundary_probe/boundary_20260624_161614/boundary_detail_1993RIH_KEN8146-8152_2_20260624T164625_4ae0aae89e8b.html,missing_record
http_error_mislabeled_empty,1993ROY/MAN2485-2490:6,1993ROY/MAN2485-2490,6,https://kinetics.nist.gov/solution/Detail?id=1993ROY/MAN2485-2490:6,empty,500,,2026-06-24T16:49:33.791135+00:00,data/new_solution/boundary_probe/boundary_20260624_161614/boundary_detail_1993ROY_MAN2485-2490_6_20260624T164932_843d09dee595.html,missing_record
http_error_mislabeled_empty,1993SEL/FOO5425-5426:3,1993SEL/FOO5425-5426,3,https://kinetics.nist.gov/solution/Detail?id=1993SEL/FOO5425-5426:3,empty,500,,2026-06-24T16:21:41.011363+00:00,data/new_solution/boundary_probe/boundary_20260624_161614/boundary_detail_1993SEL_FOO5425-5426_3_20260624T162139_3c43af093ae7.html,missing_record
http_error_mislabeled_empty,1993SEM/PON23-27:3,1993SEM/PON23-27,3,https://kinetics.nist.gov/solution/Detail?id=1993SEM/PON23-27:3,empty,500,,2026-06-24T16:36:52.040184+00:00,data/new_solution/boundary_probe/boundary_20260624_161614/boundary_detail_1993SEM_PON23-27_3_20260624T163650_06143b69bd0d.html,missing_record
http_error_mislabeled_empty,1993SOM/MUL8361-8364:2,1993SOM/MUL8361-8364,2,https://kinetics.nist.gov/solution/Detail?id=1993SOM/MUL8361-8364:2,empty,500,,2026-06-24T16:28:06.988272+00:00,data/new_solution/boundary_probe/boundary_20260624_161614/boundary_detail_1993SOM_MUL8361-8364_2_20260624T162805_f8863a2267fd.html,missing_record
http_error_mislabeled_empty,1993TSU/HAS491-494:5,1993TSU/HAS491-494,5,https://kinetics.nist.gov/solution/Detail?id=1993TSU/HAS491-494:5,empty,500,,2026-06-24T16:35:45.587459+00:00,data/new_solution/boundary_probe/boundary_20260624_161614/boundary_detail_1993TSU_HAS491-494_5_20260624T163543_64710d31b281.html,missing_record
http_error_mislabeled_empty,1993WAN/SCH761-770:3,1993WAN/SCH761-770,3,https://kinetics.nist.gov/solution/Detail?id=1993WAN/SCH761-770:3,empty,500,,2026-06-25T07:15:38.494767+00:00,data/new_solution/boundary_probe/boundary_20260625_071124/boundary_detail_1993WAN_SCH761-770_3_20260625T071536_45c4b2fb0d21.html,missing_record
http_error_mislabeled_empty,1994ANB/SRI141-148:2,1994ANB/SRI141-148,2,https://kinetics.nist.gov/solution/Detail?id=1994ANB/SRI141-148:2,empty,500,,2026-06-24T16:40:26.981895+00:00,data/new_solution/boundary_probe/boundary_20260624_161614/boundary_detail_1994ANB_SRI141-148_2_20260624T164025_3d40c8d180da.html,missing_record
http_error_mislabeled_empty,1994CHE/AVO1083-1093:10,1994CHE/AVO1083-1093,10,https://kinetics.nist.gov/solution/Detail?id=1994CHE/AVO1083-1093:10,empty,500,,2026-06-24T16:26:50.905694+00:00,data/new_solution/boundary_probe/boundary_20260624_161614/boundary_detail_1994CHE_AVO1083-1093_10_20260624T162649_2480fa277a38.html,missing_record
http_error_mislabeled_empty,1994CHR/SEH527-531:5,1994CHR/SEH527-531,5,https://kinetics.nist.gov/solution/Detail?id=1994CHR/SEH527-531:5,empty,500,,2026-06-24T16:23:39.878292+00:00,data/new_solution/boundary_probe/boundary_20260624_161614/boundary_detail_1994CHR_SEH527-531_5_20260624T162338_92eb16559752.html,missing_record
http_error_mislabeled_empty,1994CLE/ZHA809-810:6,1994CLE/ZHA809-810,6,https://kinetics.nist.gov/solution/Detail?id=1994CLE/ZHA809-810:6,empty,500,,2026-06-25T07:17:37.091019+00:00,data/new_solution/boundary_probe/boundary_20260625_071124/boundary_detail_1994CLE_ZHA809-810_6_20260625T071735_b2854710e1ca.html,missing_record
http_error_mislabeled_empty,1994CRA/GHO309-315:2,1994CRA/GHO309-315,2,https://kinetics.nist.gov/solution/Detail?id=1994CRA/GHO309-315:2,empty,500,,2026-06-24T16:27:52.646829+00:00,data/new_solution/boundary_probe/boundary_20260624_161614/boundary_detail_1994CRA_GHO309-315_2_20260624T162750_1747be762b3e.html,missing_record
http_error_mislabeled_empty,1994CZA/HOL11465-11469:9,1994CZA/HOL11465-11469,9,https://kinetics.nist.gov/solution/Detail?id=1994CZA/HOL11465-11469:9,empty,500,,2026-06-24T16:45:20.035188+00:00,data/new_solution/boundary_probe/boundary_20260624_161614/boundary_detail_1994CZA_HOL11465-11469_9_20260624T164518_609a60d5678f.html,missing_record
http_error_mislabeled_empty,1994DAS/PRI5272-5278:3,1994DAS/PRI5272-5278,3,https://kinetics.nist.gov/solution/Detail?id=1994DAS/PRI5272-5278:3,empty,500,,2026-06-24T16:59:26.691008+00:00,data/new_solution/boundary_probe/boundary_20260624_161614/boundary_detail_1994DAS_PRI5272-5278_3_20260624T165924_bf4a120e5643.html,missing_record
http_error_mislabeled_empty,1994DOM/KAT190-192:3,1994DOM/KAT190-192,3,https://kinetics.nist.gov/solution/Detail?id=1994DOM/KAT190-192:3,empty,500,,2026-06-24T16:21:07.373269+00:00,data/new_solution/boundary_probe/boundary_20260624_161614/boundary_detail_1994DOM_KAT190-192_3_20260624T162105_36f9dcb3f178.html,missing_record
http_error_mislabeled_empty,1994ELL/OUE837-841:2,1994ELL/OUE837-841,2,https://kinetics.nist.gov/solution/Detail?id=1994ELL/OUE837-841:2,empty,500,,2026-06-24T17:01:40.002326+00:00,data/new_solution/boundary_probe/boundary_20260624_161614/boundary_detail_1994ELL_OUE837-841_2_20260624T170138_d4259f031a25.html,missing_record
http_error_mislabeled_empty,1994GUL/HUN1391-1396:2,1994GUL/HUN1391-1396,2,https://kinetics.nist.gov/solution/Detail?id=1994GUL/HUN1391-1396:2,empty,500,,2026-06-24T16:39:14.979590+00:00,data/new_solution/boundary_probe/boundary_20260624_161614/boundary_detail_1994GUL_HUN1391-1396_2_20260624T163913_9120249a35be.html,missing_record
http_error_mislabeled_empty,1994HEE/PAR41-45:3,1994HEE/PAR41-45,3,https://kinetics.nist.gov/solution/Detail?id=1994HEE/PAR41-45:3,empty,500,,2026-06-24T16:41:48.486074+00:00,data/new_solution/boundary_probe/boundary_20260624_161614/boundary_detail_1994HEE_PAR41-45_3_20260624T164146_d9cd59439d87.html,missing_record
http_error_mislabeled_empty,1994HOY/BOL491-498B:3,1994HOY/BOL491-498B,3,https://kinetics.nist.gov/solution/Detail?id=1994HOY/BOL491-498B:3,empty,500,,2026-06-25T07:13:02.372871+00:00,data/new_solution/boundary_probe/boundary_20260625_071124/boundary_detail_1994HOY_BOL491-498B_3_20260625T071300_40763f08a5dd.html,missing_record
http_error_mislabeled_empty,1994LIN/CZO207-211:2,1994LIN/CZO207-211,2,https://kinetics.nist.gov/solution/Detail?id=1994LIN/CZO207-211:2,empty,500,,2026-06-25T07:15:00.727043+00:00,data/new_solution/boundary_probe/boundary_20260625_071124/boundary_detail_1994LIN_CZO207-211_2_20260625T071459_53cc00e8ed46.html,missing_record
http_error_mislabeled_empty,1994MAI/MOH703-709:8,1994MAI/MOH703-709,8,https://kinetics.nist.gov/solution/Detail?id=1994MAI/MOH703-709:8,empty,500,,2026-06-24T16:27:00.425686+00:00,data/new_solution/boundary_probe/boundary_20260624_161614/boundary_detail_1994MAI_MOH703-709_8_20260624T162658_e55089bc14a3.html,missing_record
http_error_mislabeled_empty,1994MAI/MOH919-923:9,1994MAI/MOH919-923,9,https://kinetics.nist.gov/solution/Detail?id=1994MAI/MOH919-923:9,empty,500,,2026-06-24T16:55:51.117050+00:00,data/new_solution/boundary_probe/boundary_20260624_161614/boundary_detail_1994MAI_MOH919-923_9_20260624T165549_9abaaed9647e.html,missing_record
http_error_mislabeled_empty,1994MAO/LUB473-478:3,1994MAO/LUB473-478,3,https://kinetics.nist.gov/solution/Detail?id=1994MAO/LUB473-478:3,empty,500,,2026-06-24T16:33:12.764860+00:00,data/new_solution/boundary_probe/boundary_20260624_161614/boundary_detail_1994MAO_LUB473-478_3_20260624T163311_7a9d916b8e06.html,missing_record
http_error_mislabeled_empty,1994MER/ARA597-604:17,1994MER/ARA597-604,17,https://kinetics.nist.gov/solution/Detail?id=1994MER/ARA597-604:17,empty,500,,2026-06-25T07:13:16.452006+00:00,data/new_solution/boundary_probe/boundary_20260625_071124/boundary_detail_1994MER_ARA597-604_17_20260625T071314_a9412ed7ebb0.html,missing_record
http_error_mislabeled_empty,1994MEZ/MAC12594-12599:5,1994MEZ/MAC12594-12599,5,https://kinetics.nist.gov/solution/Detail?id=1994MEZ/MAC12594-12599:5,empty,500,,2026-06-24T16:31:41.530488+00:00,data/new_solution/boundary_probe/boundary_20260624_161614/boundary_detail_1994MEZ_MAC12594-12599_5_20260624T163139_1a4ed9c48ad7.html,missing_record
http_error_mislabeled_empty,1994MIC/FEI284-289:47,1994MIC/FEI284-289,47,https://kinetics.nist.gov/solution/Detail?id=1994MIC/FEI284-289:47,empty,500,,2026-06-24T16:44:08.041608+00:00,data/new_solution/boundary_probe/boundary_20260624_161614/boundary_detail_1994MIC_FEI284-289_47_20260624T164406_31dc77245bc4.html,missing_record
http_error_mislabeled_empty,1994MIS/CHA1414-1422:7,1994MIS/CHA1414-1422,7,https://kinetics.nist.gov/solution/Detail?id=1994MIS/CHA1414-1422:7,empty,500,,2026-06-25T07:12:00.495937+00:00,data/new_solution/boundary_probe/boundary_20260625_071124/boundary_detail_1994MIS_CHA1414-1422_7_20260625T071158_c9f1aedd2912.html,missing_record
http_error_mislabeled_empty,1994NAU/BUE3651-3656:3,1994NAU/BUE3651-3656,3,https://kinetics.nist.gov/solution/Detail?id=1994NAU/BUE3651-3656:3,empty,500,,2026-06-24T16:58:48.688214+00:00,data/new_solution/boundary_probe/boundary_20260624_161614/boundary_detail_1994NAU_BUE3651-3656_3_20260624T165846_65722f6b1af0.html,missing_record
http_error_mislabeled_empty,1994PAR/NAV2467-2474:14,1994PAR/NAV2467-2474,14,https://kinetics.nist.gov/solution/Detail?id=1994PAR/NAV2467-2474:14,empty,500,,2026-06-24T17:03:10.808960+00:00,data/new_solution/boundary_probe/boundary_20260624_161614/boundary_detail_1994PAR_NAV2467-2474_14_20260624T170308_836b0e0e7a1d.html,missing_record
http_error_mislabeled_empty,1994SAB/KIS499-506:8,1994SAB/KIS499-506,8,https://kinetics.nist.gov/solution/Detail?id=1994SAB/KIS499-506:8,empty,500,,2026-06-24T16:52:01.423954+00:00,data/new_solution/boundary_probe/boundary_20260624_161614/boundary_detail_1994SAB_KIS499-506_8_20260624T165159_4aeda8a765aa.html,missing_record
http_error_mislabeled_empty,1994SCA/WHI836-843:3,1994SCA/WHI836-843,3,https://kinetics.nist.gov/solution/Detail?id=1994SCA/WHI836-843:3,empty,500,,2026-06-24T16:24:22.816470+00:00,data/new_solution/boundary_probe/boundary_20260624_161614/boundary_detail_1994SCA_WHI836-843_3_20260624T162421_bd2d375790d4.html,missing_record
http_error_mislabeled_empty,1994SHO/ALF5701-5704:39,1994SHO/ALF5701-5704,39,https://kinetics.nist.gov/solution/Detail?id=1994SHO/ALF5701-5704:39,empty,500,,2026-06-24T16:58:15.160886+00:00,data/new_solution/boundary_probe/boundary_20260624_161614/boundary_detail_1994SHO_ALF5701-5704_39_20260624T165813_93124466f5e0.html,missing_record
http_error_mislabeled_empty,1994TAN/MEC263-268:4,1994TAN/MEC263-268,4,https://kinetics.nist.gov/solution/Detail?id=1994TAN/MEC263-268:4,empty,500,,2026-06-24T17:04:55.732422+00:00,data/new_solution/boundary_probe/boundary_20260624_161614/boundary_detail_1994TAN_MEC263-268_4_20260624T170454_c49ac0051799.html,missing_record
http_error_mislabeled_empty,1994ULA/BOT1443-1461:8,1994ULA/BOT1443-1461,8,https://kinetics.nist.gov/solution/Detail?id=1994ULA/BOT1443-1461:8,empty,500,,2026-06-24T16:31:36.813330+00:00,data/new_solution/boundary_probe/boundary_20260624_161614/boundary_detail_1994ULA_BOT1443-1461_8_20260624T163135_88d7718e9ecc.html,missing_record
http_error_mislabeled_empty,1995BAO/NAV545-548:2,1995BAO/NAV545-548,2,https://kinetics.nist.gov/solution/Detail?id=1995BAO/NAV545-548:2,empty,500,,2026-06-24T16:58:05.579554+00:00,data/new_solution/boundary_probe/boundary_20260624_161614/boundary_detail_1995BAO_NAV545-548_2_20260624T165803_c8cc018515f8.html,missing_record
http_error_mislabeled_empty,1995CAM/HAR695-706:3,1995CAM/HAR695-706,3,https://kinetics.nist.gov/solution/Detail?id=1995CAM/HAR695-706:3,empty,500,,2026-06-24T16:46:22.199236+00:00,data/new_solution/boundary_probe/boundary_20260624_161614/boundary_detail_1995CAM_HAR695-706_3_20260624T164620_f13ea5acc552.html,missing_record
http_error_mislabeled_empty,1995DEY/NAI47-58:13,1995DEY/NAI47-58,13,https://kinetics.nist.gov/solution/Detail?id=1995DEY/NAI47-58:13,empty,500,,2026-06-24T16:56:24.803383+00:00,data/new_solution/boundary_probe/boundary_20260624_161614/boundary_detail_1995DEY_NAI47-58_13_20260624T165623_9cb777f466f7.html,missing_record
http_error_mislabeled_empty,1995MAR/PAD605-612:19,1995MAR/PAD605-612,19,https://kinetics.nist.gov/solution/Detail?id=1995MAR/PAD605-612:19,empty,500,,2026-06-24T17:00:42.960051+00:00,data/new_solution/boundary_probe/boundary_20260624_161614/boundary_detail_1995MAR_PAD605-612_19_20260624T170041_ece01486a063.html,missing_record
http_error_mislabeled_empty,1995MOH/MIT6519-6524:5,1995MOH/MIT6519-6524,5,https://kinetics.nist.gov/solution/Detail?id=1995MOH/MIT6519-6524:5,empty,500,,2026-06-24T16:34:29.243013+00:00,data/new_solution/boundary_probe/boundary_20260624_161614/boundary_detail_1995MOH_MIT6519-6524_5_20260624T163427_10b55812475d.html,missing_record
http_error_mislabeled_empty,1995NES/SCH1037-1044:6,1995NES/SCH1037-1044,6,https://kinetics.nist.gov/solution/Detail?id=1995NES/SCH1037-1044:6,empty,500,,2026-06-24T16:26:21.942057+00:00,data/new_solution/boundary_probe/boundary_20260624_161614/boundary_detail_1995NES_SCH1037-1044_6_20260624T162620_239b86d2d0d6.html,missing_record
http_error_mislabeled_empty,1995PAN/GUH143-156:2,1995PAN/GUH143-156,2,https://kinetics.nist.gov/solution/Detail?id=1995PAN/GUH143-156:2,empty,500,,2026-06-25T07:11:41.215489+00:00,data/new_solution/boundary_probe/boundary_20260625_071124/boundary_detail_1995PAN_GUH143-156_2_20260625T071139_66d791cb39f3.html,missing_record
http_error_mislabeled_empty,1995SCH/SCH121-131:28,1995SCH/SCH121-131,28,https://kinetics.nist.gov/solution/Detail?id=1995SCH/SCH121-131:28,empty,500,,2026-06-24T16:54:34.417255+00:00,data/new_solution/boundary_probe/boundary_20260624_161614/boundary_detail_1995SCH_SCH121-131_28_20260624T165432_53fb02bc234a.html,missing_record
http_error_mislabeled_empty,1995SCH/SCH9122-9129:15,1995SCH/SCH9122-9129,15,https://kinetics.nist.gov/solution/Detail?id=1995SCH/SCH9122-9129:15,empty,500,,2026-06-24T16:34:05.290071+00:00,data/new_solution/boundary_probe/boundary_20260624_161614/boundary_detail_1995SCH_SCH9122-9129_15_20260624T163403_ac11531e97a2.html,missing_record
http_error_mislabeled_empty,1995WAR/ZIA59-65:4,1995WAR/ZIA59-65,4,https://kinetics.nist.gov/solution/Detail?id=1995WAR/ZIA59-65:4,empty,500,,2026-06-24T16:24:51.292963+00:00,data/new_solution/boundary_probe/boundary_20260624_161614/boundary_detail_1995WAR_ZIA59-65_4_20260624T162449_2f9a8e26e9c9.html,missing_record
parse_gap,1971FOO/DEN5162-5167:27,1971FOO/DEN5162-5167,27,https://kinetics.nist.gov/solution/Detail?id=1971FOO/DEN5162-5167:27,downloaded,200,,2026-06-30T15:20:53.423397+00:00,data/nist_solution/archive/tert-buoh_20260610T123033Z/detail_rr_20260612T161506_eac8c44decc6.html,blank_reaction
parse_gap,1972SEL:1,1972SEL,1,https://kinetics.nist.gov/solution/Detail?id=1972SEL:1,downloaded,200,,2026-07-01T07:34:48.993282+00:00,data/nist_solution/archive/h2o_20260604T135443Z/detail_rr_20260701T073445_b6162fa53434.html,missing_record
parse_gap,1974CHE/FUR3682-3688:1,1974CHE/FUR3682-3688,1,https://kinetics.nist.gov/solution/Detail?id=1974CHE/FUR3682-3688:1,downloaded,200,,2026-07-01T07:36:18.538600+00:00,data/nist_solution/archive/squib_bibliography_robin/squib_robin_1974che_fur3682-3688_20260630T120559Z/detail_rr_20260701T073618_cea786b0c5df.html,missing_record
parse_gap,1974CHE/FUR3682-3688:2,1974CHE/FUR3682-3688,2,https://kinetics.nist.gov/solution/Detail?id=1974CHE/FUR3682-3688:2,downloaded,200,,2026-07-01T07:35:41.337576+00:00,data/nist_solution/archive/squib_bibliography_robin/squib_robin_1974che_fur3682-3688_20260630T120559Z/detail_rr_20260701T073540_8f54f0ab3047.html,missing_record
parse_gap,1974CHE/FUR3682-3688:3,1974CHE/FUR3682-3688,3,https://kinetics.nist.gov/solution/Detail?id=1974CHE/FUR3682-3688:3,downloaded,200,,2026-07-01T07:35:33.711048+00:00,data/nist_solution/archive/squib_bibliography_robin/squib_robin_1974che_fur3682-3688_20260630T120559Z/detail_rr_20260701T073528_c1ba1d413bc2.html,missing_record
parse_gap,1974CHE/FUR3682-3688:4,1974CHE/FUR3682-3688,4,https://kinetics.nist.gov/solution/Detail?id=1974CHE/FUR3682-3688:4,downloaded,200,,2026-07-01T07:35:48.223118+00:00,data/nist_solution/archive/squib_bibliography_robin/squib_robin_1974che_fur3682-3688_20260630T120559Z/detail_rr_20260701T073547_d4e2e6cd3688.html,missing_record
parse_gap,1974CHE/FUR3682-3688:5,1974CHE/FUR3682-3688,5,https://kinetics.nist.gov/solution/Detail?id=1974CHE/FUR3682-3688:5,downloaded,200,,2026-07-01T07:35:53.891701+00:00,data/nist_solution/archive/squib_bibliography_robin/squib_robin_1974che_fur3682-3688_20260630T120559Z/detail_rr_20260701T073553_2b093c299d23.html,missing_record
parse_gap,1974CHE/FUR3682-3688:6,1974CHE/FUR3682-3688,6,https://kinetics.nist.gov/solution/Detail?id=1974CHE/FUR3682-3688:6,downloaded,200,,2026-07-01T07:36:14.269271+00:00,data/nist_solution/archive/squib_bibliography_robin/squib_robin_1974che_fur3682-3688_20260630T120559Z/detail_rr_20260701T073613_8ed2fbb2a896.html,missing_record
parse_gap,1974CHE/FUR3682-3688:7,1974CHE/FUR3682-3688,7,https://kinetics.nist.gov/solution/Detail?id=1974CHE/FUR3682-3688:7,downloaded,200,,2026-07-01T07:36:00.294042+00:00,data/nist_solution/archive/squib_bibliography_robin/squib_robin_1974che_fur3682-3688_20260630T120559Z/detail_rr_20260701T073559_4f7dd7813cba.html,missing_record
parse_gap,1974CHE/FUR3682-3688:8,1974CHE/FUR3682-3688,8,https://kinetics.nist.gov/solution/Detail?id=1974CHE/FUR3682-3688:8,downloaded,200,,2026-07-01T07:36:05.628702+00:00,data/nist_solution/archive/squib_bibliography_robin/squib_robin_1974che_fur3682-3688_20260630T120559Z/detail_rr_20260701T073605_bb0ff18c094d.html,missing_record
parse_gap,1975SUZ/NAG2158-2163:6,1975SUZ/NAG2158-2163,6,https://kinetics.nist.gov/solution/Detail?id=1975SUZ/NAG2158-2163:6,downloaded,200,,2026-06-24T15:56:52.705127+00:00,data/nist_solution/archive/oh_20260522T072818Z/detail_rr_20260618T142006_1fbae1cf1b35.html,blank_reaction
parse_gap,1976MAD/LIC2320-2326:2,1976MAD/LIC2320-2326,2,https://kinetics.nist.gov/solution/Detail?id=1976MAD/LIC2320-2326:2,downloaded,200,,2026-06-24T15:57:04.659668+00:00,data/nist_solution/archive/e_minus_search_check/detail_rr_20260615T122642_d842ea78283c.html,blank_reaction
parse_gap,1976PIC/RAB1840-1843:1,1976PIC/RAB1840-1843,1,https://kinetics.nist.gov/solution/Detail?id=1976PIC/RAB1840-1843:1,downloaded,200,,2026-06-24T15:56:52.839547+00:00,data/nist_solution/archive/oh_20260522T072818Z/detail_rr_20260619T081549_dd5892f214d0.html,blank_reaction
parse_gap,1979FER/HAR874-879:2,1979FER/HAR874-879,2,https://kinetics.nist.gov/solution/Detail?id=1979FER/HAR874-879:2,downloaded,200,,2026-06-24T15:56:59.270465+00:00,data/nist_solution/archive/hole_1979fer_har874_879_round_robin/detail_rr_20260622T123508_98f6af878425.html,blank_reaction
parse_gap,1979MUL/MEY893-895:1,1979MUL/MEY893-895,1,https://kinetics.nist.gov/solution/Detail?id=1979MUL/MEY893-895:1,downloaded,200,,2026-07-02T09:14:27.291076+00:00,data/nist_solution/archive/bibliography_robin_j._chem._soc._chem._commun._bibliography_20260625T091216Z/detail_rr_20260702T091426_519a1075003b.html,missing_record
parse_gap,1981ERI/LIN2125-2135:1,1981ERI/LIN2125-2135,1,https://kinetics.nist.gov/solution/Detail?id=1981ERI/LIN2125-2135:1,downloaded,200,,2026-07-02T09:14:46.084780+00:00,data/nist_solution/archive/bibliography_robin_j._chem._soc._faraday_trans._bibliography_20260625T085310Z/detail_rr_20260702T091445_4217d667e7be.html,missing_record
parse_gap,1981ERI/LIN2137-2148:1,1981ERI/LIN2137-2148,1,https://kinetics.nist.gov/solution/Detail?id=1981ERI/LIN2137-2148:1,downloaded,200,,2026-07-02T09:14:31.829995+00:00,data/nist_solution/archive/bibliography_robin_j._chem._soc._faraday_trans._bibliography_20260625T085310Z/detail_rr_20260702T091431_3bb24566feb0.html,missing_record
parse_gap,1981HAR/POR833-844:1,1981HAR/POR833-844,1,https://kinetics.nist.gov/solution/Detail?id=1981HAR/POR833-844:1,downloaded,200,,2026-07-02T09:14:39.689023+00:00,data/nist_solution/archive/bibliography_robin_j._chem._soc._faraday_trans._bibliography_20260625T085310Z/detail_rr_20260702T091439_c6645fc54806.html,missing_record
parse_gap,1983FOR/PAC171-177:3,1983FOR/PAC171-177,3,https://kinetics.nist.gov/solution/Detail?id=1983FOR/PAC171-177:3,downloaded,200,,2026-06-30T12:36:50.044610+00:00,data/nist_solution/archive/none_round_robin/detail_rr_20260604T081721_85b6d4986d2d.html,blank_reaction
parse_gap,1985LER/TAK739-746:3,1985LER/TAK739-746,3,https://kinetics.nist.gov/solution/Detail?id=1985LER/TAK739-746:3,downloaded,200,,2026-07-01T07:34:40.234892+00:00,data/nist_solution/archive/h2o_20260604T135443Z/detail_rr_20260701T073436_d635f4a591f9.html,missing_record
parse_gap,1985SUM/FUR3059-3067:1,1985SUM/FUR3059-3067,1,https://kinetics.nist.gov/solution/Detail?id=1985SUM/FUR3059-3067:1,downloaded,200,,2026-07-01T07:50:44.876891+00:00,data/nist_solution/archive/bibliography_robin_j._polym._sci._polym._chem._ed._bibliography_20260625T115713Z/detail_rr_20260701T075030_ac21e6d90332.html,missing_record
parse_gap,1988FAR/WEI293-297:3,1988FAR/WEI293-297,3,https://kinetics.nist.gov/solution/Detail?id=1988FAR/WEI293-297:3,downloaded,200,,2026-06-24T15:56:48.381816+00:00,data/nist_solution/archive/br2_20260522T071854Z/detail_rr_20260522T101628_a618a3b5d2c4.html,blank_reaction
parse_gap,1989ENN/KEL5735-5740:1,1989ENN/KEL5735-5740,1,https://kinetics.nist.gov/solution/Detail?id=1989ENN/KEL5735-5740:1,downloaded,200,,2026-07-01T07:34:26.052520+00:00,data/nist_solution/archive/h2o_20260604T135443Z/detail_rr_20260701T073420_89599c5b479c.html,missing_record
parse_gap,1989WAL/LIL2247-2256:8,1989WAL/LIL2247-2256,8,https://kinetics.nist.gov/solution/Detail?id=1989WAL/LIL2247-2256:8,downloaded,200,,2026-07-01T07:34:10.190169+00:00,data/nist_solution/archive/h2o_20260604T135443Z/detail_rr_20260701T073409_ef588dd8f7ae.html,missing_record
parse_gap,1989WAL/LIL2247-2256:9,1989WAL/LIL2247-2256,9,https://kinetics.nist.gov/solution/Detail?id=1989WAL/LIL2247-2256:9,downloaded,200,,2026-07-01T07:34:15.965486+00:00,data/nist_solution/archive/h2o_20260604T135443Z/detail_rr_20260701T073415_6eac25b45b79.html,missing_record
parse_gap,1990BIG/CRA619-622:3,1990BIG/CRA619-622,3,https://kinetics.nist.gov/solution/Detail?id=1990BIG/CRA619-622:3,downloaded,200,,2026-07-01T07:35:00.496091+00:00,data/nist_solution/archive/h2o_20260604T135443Z/detail_rr_20260701T073459_489afa13a137.html,missing_record
parse_gap,1990BIG/CRA619-622:4,1990BIG/CRA619-622,4,https://kinetics.nist.gov/solution/Detail?id=1990BIG/CRA619-622:4,downloaded,200,,2026-07-01T07:34:32.291276+00:00,data/nist_solution/archive/h2o_20260604T135443Z/detail_rr_20260701T073431_c14a237ffa26.html,missing_record
parse_gap,1990VAN/COH4156-4158:2,1990VAN/COH4156-4158,2,https://kinetics.nist.gov/solution/Detail?id=1990VAN/COH4156-4158:2,downloaded,200,,2026-07-01T07:35:07.012732+00:00,data/nist_solution/archive/h2o_20260604T135443Z/detail_rr_20260701T073506_b6d7989cc872.html,missing_record
parse_gap,1991BOR/GOL234-240B:3,1991BOR/GOL234-240B,3,https://kinetics.nist.gov/solution/Detail?id=1991BOR/GOL234-240B:3,downloaded,200,,2026-06-24T15:56:48.494650+00:00,data/nist_solution/archive/hole_1991bor_gol234_240b_round_robin/detail_rr_20260623T082828_1d085c9c948f.html,blank_reaction
parse_gap,1994DEL/CHR419-428:5,1994DEL/CHR419-428,5,https://kinetics.nist.gov/solution/Detail?id=1994DEL/CHR419-428:5,downloaded,200,,2026-06-30T12:34:51.686516+00:00,data/nist_solution/archive/h2o_20260604T135443Z/detail_rr_20260618T091730_c124b4a64b12.html,blank_reaction
queued,1962JOR/OTT2029-2036:1,1962JOR/OTT2029-2036,1,https://kinetics.nist.gov/solution/Detail?id=1962JOR/OTT2029-2036:1,queued,,,2026-06-25T08:41:28.415921+00:00,,missing_record
queued,1962TAU/DOR4053-4059:2,1962TAU/DOR4053-4059,2,https://kinetics.nist.gov/solution/Detail?id=1962TAU/DOR4053-4059:2,queued,,,2026-06-30T11:38:30.559467+00:00,,missing_record
queued,1962TAU/DOR4053-4059:3,1962TAU/DOR4053-4059,3,https://kinetics.nist.gov/solution/Detail?id=1962TAU/DOR4053-4059:3,queued,,,2026-06-30T11:38:30.562304+00:00,,missing_record
queued,1962TAU/DOR4053-4059:4,1962TAU/DOR4053-4059,4,https://kinetics.nist.gov/solution/Detail?id=1962TAU/DOR4053-4059:4,queued,,,2026-06-30T11:38:30.564838+00:00,,missing_record
queued,1964KEE14-20:2,1964KEE14-20,2,https://kinetics.nist.gov/solution/Detail?id=1964KEE14-20:2,queued,,,2026-06-30T11:38:43.466764+00:00,,missing_record
queued,1964KEE14-20:3,1964KEE14-20,3,https://kinetics.nist.gov/solution/Detail?id=1964KEE14-20:3,queued,,,2026-06-30T11:38:43.470468+00:00,,missing_record
queued,1964KEE14-20:4,1964KEE14-20,4,https://kinetics.nist.gov/solution/Detail?id=1964KEE14-20:4,queued,,,2026-06-30T11:38:43.473567+00:00,,missing_record
queued,1965KRA/TRU2547-2550:1,1965KRA/TRU2547-2550,1,https://kinetics.nist.gov/solution/Detail?id=1965KRA/TRU2547-2550:1,queued,,,2026-06-25T08:40:01.726999+00:00,,missing_record
queued,1965NAV/STE1384-1389:2,1965NAV/STE1384-1389,2,https://kinetics.nist.gov/solution/Detail?id=1965NAV/STE1384-1389:2,queued,,,2026-06-30T11:58:47.372741+00:00,,missing_record
queued,1965NAV/STE1384-1389:3,1965NAV/STE1384-1389,3,https://kinetics.nist.gov/solution/Detail?id=1965NAV/STE1384-1389:3,queued,,,2026-06-30T11:58:47.375124+00:00,,missing_record
queued,1965NAV/STE1384-1389:4,1965NAV/STE1384-1389,4,https://kinetics.nist.gov/solution/Detail?id=1965NAV/STE1384-1389:4,queued,,,2026-06-30T11:58:47.377146+00:00,,missing_record
queued,1965NAV/STE1384-1389:5,1965NAV/STE1384-1389,5,https://kinetics.nist.gov/solution/Detail?id=1965NAV/STE1384-1389:5,queued,,,2026-06-30T11:58:47.379131+00:00,,missing_record
queued,1965NAV/STE1384-1389:6,1965NAV/STE1384-1389,6,https://kinetics.nist.gov/solution/Detail?id=1965NAV/STE1384-1389:6,queued,,,2026-06-30T11:58:47.381177+00:00,,missing_record
queued,1965NAV/STE1384-1389:7,1965NAV/STE1384-1389,7,https://kinetics.nist.gov/solution/Detail?id=1965NAV/STE1384-1389:7,queued,,,2026-06-30T11:58:47.383211+00:00,,missing_record
queued,1965NAV/STE1384-1389:8,1965NAV/STE1384-1389,8,https://kinetics.nist.gov/solution/Detail?id=1965NAV/STE1384-1389:8,queued,,,2026-06-30T11:58:47.385279+00:00,,missing_record
queued,1966GLA/SPI237-249:2,1966GLA/SPI237-249,2,https://kinetics.nist.gov/solution/Detail?id=1966GLA/SPI237-249:2,queued,,,2026-06-30T11:59:06.981581+00:00,,missing_record
queued,1966GLA/SPI237-249:3,1966GLA/SPI237-249,3,https://kinetics.nist.gov/solution/Detail?id=1966GLA/SPI237-249:3,queued,,,2026-06-30T11:59:06.984879+00:00,,missing_record
queued,1966GLA/SPI237-249:4,1966GLA/SPI237-249,4,https://kinetics.nist.gov/solution/Detail?id=1966GLA/SPI237-249:4,queued,,,2026-06-30T11:59:06.988562+00:00,,missing_record
queued,1966GLA/SPI237-249:5,1966GLA/SPI237-249,5,https://kinetics.nist.gov/solution/Detail?id=1966GLA/SPI237-249:5,queued,,,2026-06-30T11:59:06.991851+00:00,,missing_record
queued,1966GLA/SPI237-249:6,1966GLA/SPI237-249,6,https://kinetics.nist.gov/solution/Detail?id=1966GLA/SPI237-249:6,queued,,,2026-06-30T11:59:06.995281+00:00,,missing_record
queued,1966GLA/SPI237-249:7,1966GLA/SPI237-249,7,https://kinetics.nist.gov/solution/Detail?id=1966GLA/SPI237-249:7,queued,,,2026-06-30T11:59:06.998758+00:00,,missing_record
queued,1966GLA/SPI237-249:8,1966GLA/SPI237-249,8,https://kinetics.nist.gov/solution/Detail?id=1966GLA/SPI237-249:8,queued,,,2026-06-30T11:59:07.001862+00:00,,missing_record
queued,1967HEN/FAR374-377:1,1967HEN/FAR374-377,1,https://kinetics.nist.gov/solution/Detail?id=1967HEN/FAR374-377:1,queued,,,2026-06-25T08:56:48.169225+00:00,,missing_record
queued,1967HUL/DAV1163-1170:2,1967HUL/DAV1163-1170,2,https://kinetics.nist.gov/solution/Detail?id=1967HUL/DAV1163-1170:2,queued,,,2026-06-30T11:59:31.094449+00:00,,missing_record
queued,1967HUL/DAV1163-1170:3,1967HUL/DAV1163-1170,3,https://kinetics.nist.gov/solution/Detail?id=1967HUL/DAV1163-1170:3,queued,,,2026-06-30T11:59:31.098496+00:00,,missing_record
queued,1967HUL/DAV1163-1170:4,1967HUL/DAV1163-1170,4,https://kinetics.nist.gov/solution/Detail?id=1967HUL/DAV1163-1170:4,queued,,,2026-06-30T11:59:31.102204+00:00,,missing_record
queued,1967HUL/DAV1163-1170:5,1967HUL/DAV1163-1170,5,https://kinetics.nist.gov/solution/Detail?id=1967HUL/DAV1163-1170:5,queued,,,2026-06-30T11:59:31.106427+00:00,,missing_record
queued,1967HUL/DAV1163-1170:6,1967HUL/DAV1163-1170,6,https://kinetics.nist.gov/solution/Detail?id=1967HUL/DAV1163-1170:6,queued,,,2026-06-30T11:59:31.109709+00:00,,missing_record
queued,1967HUL/DAV1163-1170:7,1967HUL/DAV1163-1170,7,https://kinetics.nist.gov/solution/Detail?id=1967HUL/DAV1163-1170:7,queued,,,2026-06-30T11:59:31.113106+00:00,,missing_record
queued,1967HUL/DAV1163-1170:8,1967HUL/DAV1163-1170,8,https://kinetics.nist.gov/solution/Detail?id=1967HUL/DAV1163-1170:8,queued,,,2026-06-30T11:59:31.116231+00:00,,missing_record
queued,1968BEH/CZA43-51:2,1968BEH/CZA43-51,2,https://kinetics.nist.gov/solution/Detail?id=1968BEH/CZA43-51:2,queued,,,2026-06-30T11:59:50.279385+00:00,,missing_record
queued,1968BEH/CZA43-51:3,1968BEH/CZA43-51,3,https://kinetics.nist.gov/solution/Detail?id=1968BEH/CZA43-51:3,queued,,,2026-06-30T11:59:50.283986+00:00,,missing_record
queued,1968BEH/CZA43-51:4,1968BEH/CZA43-51,4,https://kinetics.nist.gov/solution/Detail?id=1968BEH/CZA43-51:4,queued,,,2026-06-30T11:59:50.288491+00:00,,missing_record
queued,1968BEH/CZA43-51:5,1968BEH/CZA43-51,5,https://kinetics.nist.gov/solution/Detail?id=1968BEH/CZA43-51:5,queued,,,2026-06-30T11:59:50.292297+00:00,,missing_record
queued,1968BEH/CZA43-51:6,1968BEH/CZA43-51,6,https://kinetics.nist.gov/solution/Detail?id=1968BEH/CZA43-51:6,queued,,,2026-06-30T11:59:50.295753+00:00,,missing_record
queued,1968BEH/CZA43-51:7,1968BEH/CZA43-51,7,https://kinetics.nist.gov/solution/Detail?id=1968BEH/CZA43-51:7,queued,,,2026-06-30T11:59:50.299532+00:00,,missing_record
queued,1968BEH/CZA43-51:8,1968BEH/CZA43-51,8,https://kinetics.nist.gov/solution/Detail?id=1968BEH/CZA43-51:8,queued,,,2026-06-30T11:59:50.302632+00:00,,missing_record
queued,1968BUX/DAI441-447:2,1968BUX/DAI441-447,2,https://kinetics.nist.gov/solution/Detail?id=1968BUX/DAI441-447:2,queued,,,2026-06-30T12:00:13.043964+00:00,,missing_record
queued,1968BUX/DAI441-447:3,1968BUX/DAI441-447,3,https://kinetics.nist.gov/solution/Detail?id=1968BUX/DAI441-447:3,queued,,,2026-06-30T12:00:13.047436+00:00,,missing_record
queued,1968BUX/DAI441-447:4,1968BUX/DAI441-447,4,https://kinetics.nist.gov/solution/Detail?id=1968BUX/DAI441-447:4,queued,,,2026-06-30T12:00:13.050824+00:00,,missing_record
queued,1968BUX/DAI441-447:5,1968BUX/DAI441-447,5,https://kinetics.nist.gov/solution/Detail?id=1968BUX/DAI441-447:5,queued,,,2026-06-30T12:00:13.053895+00:00,,missing_record
queued,1968BUX/DAI441-447:6,1968BUX/DAI441-447,6,https://kinetics.nist.gov/solution/Detail?id=1968BUX/DAI441-447:6,queued,,,2026-06-30T12:00:13.056835+00:00,,missing_record
queued,1968BUX/DAI441-447:7,1968BUX/DAI441-447,7,https://kinetics.nist.gov/solution/Detail?id=1968BUX/DAI441-447:7,queued,,,2026-06-30T12:00:13.059656+00:00,,missing_record
queued,1968BUX/DAI441-447:8,1968BUX/DAI441-447,8,https://kinetics.nist.gov/solution/Detail?id=1968BUX/DAI441-447:8,queued,,,2026-06-30T12:00:13.062512+00:00,,missing_record
queued,1969ADS/GOL353-354:1,1969ADS/GOL353-354,1,https://kinetics.nist.gov/solution/Detail?id=1969ADS/GOL353-354:1,queued,,,2026-06-30T12:00:27.326852+00:00,,missing_record
queued,1969ADS/GOL353-354:2,1969ADS/GOL353-354,2,https://kinetics.nist.gov/solution/Detail?id=1969ADS/GOL353-354:2,queued,,,2026-06-30T12:00:27.333572+00:00,,missing_record
queued,1969ADS/GOL353-354:3,1969ADS/GOL353-354,3,https://kinetics.nist.gov/solution/Detail?id=1969ADS/GOL353-354:3,queued,,,2026-06-30T12:00:27.338275+00:00,,missing_record
queued,1969ADS/GOL353-354:4,1969ADS/GOL353-354,4,https://kinetics.nist.gov/solution/Detail?id=1969ADS/GOL353-354:4,queued,,,2026-06-30T12:00:27.342265+00:00,,missing_record
queued,1969ADS/GOL353-354:5,1969ADS/GOL353-354,5,https://kinetics.nist.gov/solution/Detail?id=1969ADS/GOL353-354:5,queued,,,2026-06-30T12:00:27.345777+00:00,,missing_record
queued,1969ADS/GOL353-354:6,1969ADS/GOL353-354,6,https://kinetics.nist.gov/solution/Detail?id=1969ADS/GOL353-354:6,queued,,,2026-06-30T12:00:27.349169+00:00,,missing_record
queued,1969ADS/GOL353-354:7,1969ADS/GOL353-354,7,https://kinetics.nist.gov/solution/Detail?id=1969ADS/GOL353-354:7,queued,,,2026-06-30T12:00:27.353039+00:00,,missing_record
queued,1969ADS/GOL353-354:8,1969ADS/GOL353-354,8,https://kinetics.nist.gov/solution/Detail?id=1969ADS/GOL353-354:8,queued,,,2026-06-30T12:00:27.356086+00:00,,missing_record
queued,1969RAB/NIE3736-3744:1,1969RAB/NIE3736-3744,1,https://kinetics.nist.gov/solution/Detail?id=1969RAB/NIE3736-3744:1,queued,,,2026-06-25T08:41:28.404861+00:00,,missing_record
queued,1969SIM/NET4214-4219:2,1969SIM/NET4214-4219,2,https://kinetics.nist.gov/solution/Detail?id=1969SIM/NET4214-4219:2,queued,,,2026-06-30T12:00:46.272131+00:00,,missing_record
queued,1969SIM/NET4214-4219:3,1969SIM/NET4214-4219,3,https://kinetics.nist.gov/solution/Detail?id=1969SIM/NET4214-4219:3,queued,,,2026-06-30T12:00:46.277217+00:00,,missing_record
queued,1969SIM/NET4214-4219:4,1969SIM/NET4214-4219,4,https://kinetics.nist.gov/solution/Detail?id=1969SIM/NET4214-4219:4,queued,,,2026-06-30T12:00:46.281637+00:00,,missing_record
queued,1969SIM/NET4214-4219:5,1969SIM/NET4214-4219,5,https://kinetics.nist.gov/solution/Detail?id=1969SIM/NET4214-4219:5,queued,,,2026-06-30T12:00:46.285179+00:00,,missing_record
queued,1969SIM/NET4214-4219:6,1969SIM/NET4214-4219,6,https://kinetics.nist.gov/solution/Detail?id=1969SIM/NET4214-4219:6,queued,,,2026-06-30T12:00:46.288686+00:00,,missing_record
queued,1969SIM/NET4214-4219:7,1969SIM/NET4214-4219,7,https://kinetics.nist.gov/solution/Detail?id=1969SIM/NET4214-4219:7,queued,,,2026-06-30T12:00:46.292001+00:00,,missing_record
queued,1969SIM/NET4214-4219:8,1969SIM/NET4214-4219,8,https://kinetics.nist.gov/solution/Detail?id=1969SIM/NET4214-4219:8,queued,,,2026-06-30T12:00:46.295530+00:00,,missing_record
queued,1970AMI/TRE3670-3674:2,1970AMI/TRE3670-3674,2,https://kinetics.nist.gov/solution/Detail?id=1970AMI/TRE3670-3674:2,queued,,,2026-06-30T12:01:07.435015+00:00,,missing_record
queued,1970AMI/TRE3670-3674:3,1970AMI/TRE3670-3674,3,https://kinetics.nist.gov/solution/Detail?id=1970AMI/TRE3670-3674:3,queued,,,2026-06-30T12:01:07.442136+00:00,,missing_record
queued,1970AMI/TRE3670-3674:4,1970AMI/TRE3670-3674,4,https://kinetics.nist.gov/solution/Detail?id=1970AMI/TRE3670-3674:4,queued,,,2026-06-30T12:01:07.446881+00:00,,missing_record
queued,1970AMI/TRE3670-3674:5,1970AMI/TRE3670-3674,5,https://kinetics.nist.gov/solution/Detail?id=1970AMI/TRE3670-3674:5,queued,,,2026-06-30T12:01:07.450745+00:00,,missing_record
queued,1970AMI/TRE3670-3674:6,1970AMI/TRE3670-3674,6,https://kinetics.nist.gov/solution/Detail?id=1970AMI/TRE3670-3674:6,queued,,,2026-06-30T12:01:07.454399+00:00,,missing_record
queued,1970AMI/TRE3670-3674:7,1970AMI/TRE3670-3674,7,https://kinetics.nist.gov/solution/Detail?id=1970AMI/TRE3670-3674:7,queued,,,2026-06-30T12:01:07.458128+00:00,,missing_record
queued,1970ASM/GRU2625-2628:1,1970ASM/GRU2625-2628,1,https://kinetics.nist.gov/solution/Detail?id=1970ASM/GRU2625-2628:1,queued,,,2026-06-25T08:40:01.714527+00:00,,missing_record
queued,1970BEH/CZA3209-3213:1,1970BEH/CZA3209-3213,1,https://kinetics.nist.gov/solution/Detail?id=1970BEH/CZA3209-3213:1,queued,500,"reset retryable HTTP status from boundary probe",2026-06-30T12:01:20.279512+00:00,data/new_solution/boundary_probe/boundary_20260625_140556/boundary_detail_1970BEH_CZA3209-3213_1_20260625T140718_12f2a56fb59d.html,missing_record
queued,1970BEH/CZA3209-3213:2,1970BEH/CZA3209-3213,2,https://kinetics.nist.gov/solution/Detail?id=1970BEH/CZA3209-3213:2,queued,,,2026-06-30T12:01:20.286030+00:00,,missing_record
queued,1970BEH/CZA3209-3213:3,1970BEH/CZA3209-3213,3,https://kinetics.nist.gov/solution/Detail?id=1970BEH/CZA3209-3213:3,queued,,,2026-06-30T12:01:20.291687+00:00,,missing_record
queued,1970BEH/CZA3209-3213:4,1970BEH/CZA3209-3213,4,https://kinetics.nist.gov/solution/Detail?id=1970BEH/CZA3209-3213:4,queued,,,2026-06-30T12:01:20.296536+00:00,,missing_record
queued,1970BEH/CZA3209-3213:5,1970BEH/CZA3209-3213,5,https://kinetics.nist.gov/solution/Detail?id=1970BEH/CZA3209-3213:5,queued,,,2026-06-30T12:01:20.300237+00:00,,missing_record
queued,1970BEH/CZA3209-3213:6,1970BEH/CZA3209-3213,6,https://kinetics.nist.gov/solution/Detail?id=1970BEH/CZA3209-3213:6,queued,,,2026-06-30T12:01:20.304061+00:00,,missing_record
queued,1970BEH/CZA3209-3213:7,1970BEH/CZA3209-3213,7,https://kinetics.nist.gov/solution/Detail?id=1970BEH/CZA3209-3213:7,queued,,,2026-06-30T12:01:20.307369+00:00,,missing_record
queued,1970BEH/CZA3209-3213:8,1970BEH/CZA3209-3213,8,https://kinetics.nist.gov/solution/Detail?id=1970BEH/CZA3209-3213:8,queued,,,2026-06-30T12:01:20.310454+00:00,,missing_record
queued,1970STO/FOJ34-40:2,1970STO/FOJ34-40,2,https://kinetics.nist.gov/solution/Detail?id=1970STO/FOJ34-40:2,queued,,,2026-06-30T12:01:33.034748+00:00,,missing_record
queued,1970STO/FOJ34-40:3,1970STO/FOJ34-40,3,https://kinetics.nist.gov/solution/Detail?id=1970STO/FOJ34-40:3,queued,,,2026-06-30T12:01:33.039621+00:00,,missing_record
queued,1970STO/FOJ34-40:4,1970STO/FOJ34-40,4,https://kinetics.nist.gov/solution/Detail?id=1970STO/FOJ34-40:4,queued,,,2026-06-30T12:01:33.044503+00:00,,missing_record
queued,1970STO/FOJ34-40:5,1970STO/FOJ34-40,5,https://kinetics.nist.gov/solution/Detail?id=1970STO/FOJ34-40:5,queued,,,2026-06-30T12:01:33.048795+00:00,,missing_record
queued,1970STO/FOJ34-40:6,1970STO/FOJ34-40,6,https://kinetics.nist.gov/solution/Detail?id=1970STO/FOJ34-40:6,queued,,,2026-06-30T12:01:33.052481+00:00,,missing_record
queued,1970STO/FOJ34-40:7,1970STO/FOJ34-40,7,https://kinetics.nist.gov/solution/Detail?id=1970STO/FOJ34-40:7,queued,,,2026-06-30T12:01:33.055861+00:00,,missing_record
queued,1970STO/FOJ34-40:8,1970STO/FOJ34-40,8,https://kinetics.nist.gov/solution/Detail?id=1970STO/FOJ34-40:8,queued,,,2026-06-30T12:01:33.059186+00:00,,missing_record
queued,1971BAR/GIL2177-2181:2,1971BAR/GIL2177-2181,2,https://kinetics.nist.gov/solution/Detail?id=1971BAR/GIL2177-2181:2,queued,,,2026-06-30T12:01:49.069878+00:00,,missing_record
queued,1971BAR/GIL2177-2181:3,1971BAR/GIL2177-2181,3,https://kinetics.nist.gov/solution/Detail?id=1971BAR/GIL2177-2181:3,queued,,,2026-06-30T12:01:49.073981+00:00,,missing_record
queued,1971BAR/GIL2177-2181:4,1971BAR/GIL2177-2181,4,https://kinetics.nist.gov/solution/Detail?id=1971BAR/GIL2177-2181:4,queued,,,2026-06-30T12:01:49.076933+00:00,,missing_record
queued,1971BAR/GIL2177-2181:5,1971BAR/GIL2177-2181,5,https://kinetics.nist.gov/solution/Detail?id=1971BAR/GIL2177-2181:5,queued,,,2026-06-30T12:01:49.079866+00:00,,missing_record
queued,1971BAR/GIL2177-2181:6,1971BAR/GIL2177-2181,6,https://kinetics.nist.gov/solution/Detail?id=1971BAR/GIL2177-2181:6,queued,,,2026-06-30T12:01:49.083269+00:00,,missing_record
queued,1971BAR/GIL2177-2181:7,1971BAR/GIL2177-2181,7,https://kinetics.nist.gov/solution/Detail?id=1971BAR/GIL2177-2181:7,queued,,,2026-06-30T12:01:49.086093+00:00,,missing_record
queued,1971BAR/GIL2177-2181:8,1971BAR/GIL2177-2181,8,https://kinetics.nist.gov/solution/Detail?id=1971BAR/GIL2177-2181:8,queued,,,2026-06-30T12:01:49.089093+00:00,,missing_record
queued,1971FAR/ZEH2057-2067:2,1971FAR/ZEH2057-2067,2,https://kinetics.nist.gov/solution/Detail?id=1971FAR/ZEH2057-2067:2,queued,,,2026-06-30T12:02:05.143272+00:00,,missing_record
queued,1971FAR/ZEH2057-2067:3,1971FAR/ZEH2057-2067,3,https://kinetics.nist.gov/solution/Detail?id=1971FAR/ZEH2057-2067:3,queued,,,2026-06-30T12:02:05.148436+00:00,,missing_record
queued,1971FAR/ZEH2057-2067:4,1971FAR/ZEH2057-2067,4,https://kinetics.nist.gov/solution/Detail?id=1971FAR/ZEH2057-2067:4,queued,,,2026-06-30T12:02:05.153339+00:00,,missing_record
queued,1971FAR/ZEH2057-2067:5,1971FAR/ZEH2057-2067,5,https://kinetics.nist.gov/solution/Detail?id=1971FAR/ZEH2057-2067:5,queued,,,2026-06-30T12:02:05.157060+00:00,,missing_record
queued,1971FAR/ZEH2057-2067:6,1971FAR/ZEH2057-2067,6,https://kinetics.nist.gov/solution/Detail?id=1971FAR/ZEH2057-2067:6,queued,,,2026-06-30T12:02:05.160802+00:00,,missing_record
queued,1971FAR/ZEH2057-2067:7,1971FAR/ZEH2057-2067,7,https://kinetics.nist.gov/solution/Detail?id=1971FAR/ZEH2057-2067:7,queued,,,2026-06-30T12:02:05.164058+00:00,,missing_record
queued,1971FAR/ZEH2057-2067:8,1971FAR/ZEH2057-2067,8,https://kinetics.nist.gov/solution/Detail?id=1971FAR/ZEH2057-2067:8,queued,,,2026-06-30T12:02:05.167385+00:00,,missing_record
queued,1971FIN/SNE545-551:1,1971FIN/SNE545-551,1,https://kinetics.nist.gov/solution/Detail?id=1971FIN/SNE545-551:1,queued,,,2026-06-25T08:56:48.158541+00:00,,missing_record
queued,1971PHI/POW236-250:2,1971PHI/POW236-250,2,https://kinetics.nist.gov/solution/Detail?id=1971PHI/POW236-250:2,queued,,,2026-06-30T12:02:23.536256+00:00,,missing_record
queued,1971PHI/POW236-250:3,1971PHI/POW236-250,3,https://kinetics.nist.gov/solution/Detail?id=1971PHI/POW236-250:3,queued,,,2026-06-30T12:02:23.539601+00:00,,missing_record
queued,1971PHI/POW236-250:4,1971PHI/POW236-250,4,https://kinetics.nist.gov/solution/Detail?id=1971PHI/POW236-250:4,queued,,,2026-06-30T12:02:23.542382+00:00,,missing_record
queued,1971PHI/POW236-250:5,1971PHI/POW236-250,5,https://kinetics.nist.gov/solution/Detail?id=1971PHI/POW236-250:5,queued,,,2026-06-30T12:02:23.544498+00:00,,missing_record
queued,1971PHI/POW236-250:6,1971PHI/POW236-250,6,https://kinetics.nist.gov/solution/Detail?id=1971PHI/POW236-250:6,queued,,,2026-06-30T12:02:23.546873+00:00,,missing_record
queued,1971PHI/POW236-250:7,1971PHI/POW236-250,7,https://kinetics.nist.gov/solution/Detail?id=1971PHI/POW236-250:7,queued,,,2026-06-30T12:02:23.549068+00:00,,missing_record
queued,1971PHI/POW236-250:8,1971PHI/POW236-250,8,https://kinetics.nist.gov/solution/Detail?id=1971PHI/POW236-250:8,queued,,,2026-06-30T12:02:23.551273+00:00,,missing_record
queued,1972BEH/FES3945-3950:1,1972BEH/FES3945-3950,1,https://kinetics.nist.gov/solution/Detail?id=1972BEH/FES3945-3950:1,queued,,,2026-06-30T12:02:40.428081+00:00,,missing_record
queued,1972BEH/FES3945-3950:2,1972BEH/FES3945-3950,2,https://kinetics.nist.gov/solution/Detail?id=1972BEH/FES3945-3950:2,queued,,,2026-06-30T12:02:40.433583+00:00,,missing_record
queued,1972BEH/FES3945-3950:3,1972BEH/FES3945-3950,3,https://kinetics.nist.gov/solution/Detail?id=1972BEH/FES3945-3950:3,queued,,,2026-06-30T12:02:40.438283+00:00,,missing_record
queued,1972BEH/FES3945-3950:4,1972BEH/FES3945-3950,4,https://kinetics.nist.gov/solution/Detail?id=1972BEH/FES3945-3950:4,queued,,,2026-06-30T12:02:40.442859+00:00,,missing_record
queued,1972BEH/FES3945-3950:5,1972BEH/FES3945-3950,5,https://kinetics.nist.gov/solution/Detail?id=1972BEH/FES3945-3950:5,queued,,,2026-06-30T12:02:40.446961+00:00,,missing_record
queued,1972BEH/FES3945-3950:6,1972BEH/FES3945-3950,6,https://kinetics.nist.gov/solution/Detail?id=1972BEH/FES3945-3950:6,queued,,,2026-06-30T12:02:40.450747+00:00,,missing_record
queued,1972BEH/FES3945-3950:7,1972BEH/FES3945-3950,7,https://kinetics.nist.gov/solution/Detail?id=1972BEH/FES3945-3950:7,queued,,,2026-06-30T12:02:40.454487+00:00,,missing_record
queued,1972BEH/FES3945-3950:8,1972BEH/FES3945-3950,8,https://kinetics.nist.gov/solution/Detail?id=1972BEH/FES3945-3950:8,queued,,,2026-06-30T12:02:40.457905+00:00,,missing_record
queued,1972BUR/WOL1751-1756:1,1972BUR/WOL1751-1756,1,https://kinetics.nist.gov/solution/Detail?id=1972BUR/WOL1751-1756:1,queued,,,2026-06-25T08:56:28.217482+00:00,,missing_record
queued,1972DAV/DEM3321-3325:2,1972DAV/DEM3321-3325,2,https://kinetics.nist.gov/solution/Detail?id=1972DAV/DEM3321-3325:2,queued,,,2026-06-30T12:02:58.977340+00:00,,missing_record
queued,1972DAV/DEM3321-3325:3,1972DAV/DEM3321-3325,3,https://kinetics.nist.gov/solution/Detail?id=1972DAV/DEM3321-3325:3,queued,,,2026-06-30T12:02:58.982115+00:00,,missing_record
queued,1972DAV/DEM3321-3325:4,1972DAV/DEM3321-3325,4,https://kinetics.nist.gov/solution/Detail?id=1972DAV/DEM3321-3325:4,queued,,,2026-06-30T12:02:58.986081+00:00,,missing_record
queued,1972DAV/DEM3321-3325:5,1972DAV/DEM3321-3325,5,https://kinetics.nist.gov/solution/Detail?id=1972DAV/DEM3321-3325:5,queued,,,2026-06-30T12:02:58.989861+00:00,,missing_record
queued,1972DAV/DEM3321-3325:6,1972DAV/DEM3321-3325,6,https://kinetics.nist.gov/solution/Detail?id=1972DAV/DEM3321-3325:6,queued,,,2026-06-30T12:02:58.993358+00:00,,missing_record
queued,1972DAV/DEM3321-3325:7,1972DAV/DEM3321-3325,7,https://kinetics.nist.gov/solution/Detail?id=1972DAV/DEM3321-3325:7,queued,,,2026-06-30T12:02:58.996456+00:00,,missing_record
queued,1972DAV/DEM3321-3325:8,1972DAV/DEM3321-3325,8,https://kinetics.nist.gov/solution/Detail?id=1972DAV/DEM3321-3325:8,queued,,,2026-06-30T12:02:58.999651+00:00,,missing_record
queued,1972HOW/BEN2374-2377:2,1972HOW/BEN2374-2377,2,https://kinetics.nist.gov/solution/Detail?id=1972HOW/BEN2374-2377:2,queued,,,2026-06-30T12:03:21.625945+00:00,,missing_record
queued,1972HOW/BEN2374-2377:3,1972HOW/BEN2374-2377,3,https://kinetics.nist.gov/solution/Detail?id=1972HOW/BEN2374-2377:3,queued,,,2026-06-30T12:03:21.630875+00:00,,missing_record
queued,1972HOW/BEN2374-2377:4,1972HOW/BEN2374-2377,4,https://kinetics.nist.gov/solution/Detail?id=1972HOW/BEN2374-2377:4,queued,,,2026-06-30T12:03:21.634874+00:00,,missing_record
queued,1972HOW/BEN2374-2377:5,1972HOW/BEN2374-2377,5,https://kinetics.nist.gov/solution/Detail?id=1972HOW/BEN2374-2377:5,queued,,,2026-06-30T12:03:21.638257+00:00,,missing_record
queued,1972HOW/BEN2374-2377:6,1972HOW/BEN2374-2377,6,https://kinetics.nist.gov/solution/Detail?id=1972HOW/BEN2374-2377:6,queued,,,2026-06-30T12:03:21.641786+00:00,,missing_record
queued,1972HOW/BEN2374-2377:7,1972HOW/BEN2374-2377,7,https://kinetics.nist.gov/solution/Detail?id=1972HOW/BEN2374-2377:7,queued,,,2026-06-30T12:03:21.644864+00:00,,missing_record
queued,1972HOW/BEN2374-2377:8,1972HOW/BEN2374-2377,8,https://kinetics.nist.gov/solution/Detail?id=1972HOW/BEN2374-2377:8,queued,,,2026-06-30T12:03:21.648047+00:00,,missing_record
queued,1972LAR/FES9062-9073:2,1972LAR/FES9062-9073,2,https://kinetics.nist.gov/solution/Detail?id=1972LAR/FES9062-9073:2,queued,,,2026-06-30T12:03:37.444369+00:00,,missing_record
queued,1972LAR/FES9062-9073:3,1972LAR/FES9062-9073,3,https://kinetics.nist.gov/solution/Detail?id=1972LAR/FES9062-9073:3,queued,,,2026-06-30T12:03:37.449021+00:00,,missing_record
queued,1972LAR/FES9062-9073:4,1972LAR/FES9062-9073,4,https://kinetics.nist.gov/solution/Detail?id=1972LAR/FES9062-9073:4,queued,,,2026-06-30T12:03:37.453442+00:00,,missing_record
queued,1972LAR/FES9062-9073:5,1972LAR/FES9062-9073,5,https://kinetics.nist.gov/solution/Detail?id=1972LAR/FES9062-9073:5,queued,,,2026-06-30T12:03:37.457552+00:00,,missing_record
queued,1972LAR/FES9062-9073:6,1972LAR/FES9062-9073,6,https://kinetics.nist.gov/solution/Detail?id=1972LAR/FES9062-9073:6,queued,,,2026-06-30T12:03:37.461494+00:00,,missing_record
queued,1972LAR/FES9062-9073:7,1972LAR/FES9062-9073,7,https://kinetics.nist.gov/solution/Detail?id=1972LAR/FES9062-9073:7,queued,,,2026-06-30T12:03:37.464725+00:00,,missing_record
queued,1972LAR/FES9062-9073:8,1972LAR/FES9062-9073,8,https://kinetics.nist.gov/solution/Detail?id=1972LAR/FES9062-9073:8,queued,,,2026-06-30T12:03:37.467875+00:00,,missing_record
queued,1972MAR/HAR9238-9240:2,1972MAR/HAR9238-9240,2,https://kinetics.nist.gov/solution/Detail?id=1972MAR/HAR9238-9240:2,queued,,,2026-06-30T12:03:52.052156+00:00,,missing_record
queued,1972MAR/HAR9238-9240:3,1972MAR/HAR9238-9240,3,https://kinetics.nist.gov/solution/Detail?id=1972MAR/HAR9238-9240:3,queued,,,2026-06-30T12:03:52.055609+00:00,,missing_record
queued,1972MAR/HAR9238-9240:4,1972MAR/HAR9238-9240,4,https://kinetics.nist.gov/solution/Detail?id=1972MAR/HAR9238-9240:4,queued,,,2026-06-30T12:03:52.059172+00:00,,missing_record
queued,1972MAR/HAR9238-9240:5,1972MAR/HAR9238-9240,5,https://kinetics.nist.gov/solution/Detail?id=1972MAR/HAR9238-9240:5,queued,,,2026-06-30T12:03:52.062814+00:00,,missing_record
queued,1972MAR/HAR9238-9240:6,1972MAR/HAR9238-9240,6,https://kinetics.nist.gov/solution/Detail?id=1972MAR/HAR9238-9240:6,queued,,,2026-06-30T12:03:52.066583+00:00,,missing_record
queued,1972MAR/HAR9238-9240:7,1972MAR/HAR9238-9240,7,https://kinetics.nist.gov/solution/Detail?id=1972MAR/HAR9238-9240:7,queued,,,2026-06-30T12:03:52.069812+00:00,,missing_record
queued,1972MAR/HAR9238-9240:8,1972MAR/HAR9238-9240,8,https://kinetics.nist.gov/solution/Detail?id=1972MAR/HAR9238-9240:8,queued,,,2026-06-30T12:03:52.073501+00:00,,missing_record
queued,1972NET2399-2402:1,1972NET2399-2402,1,https://kinetics.nist.gov/solution/Detail?id=1972NET2399-2402:1,queued,,,2026-06-25T08:41:28.378193+00:00,,missing_record
queued,1972OLM/KAR3305-3313:2,1972OLM/KAR3305-3313,2,https://kinetics.nist.gov/solution/Detail?id=1972OLM/KAR3305-3313:2,queued,,,2026-06-30T12:04:04.995355+00:00,,missing_record
queued,1972OLM/KAR3305-3313:3,1972OLM/KAR3305-3313,3,https://kinetics.nist.gov/solution/Detail?id=1972OLM/KAR3305-3313:3,queued,,,2026-06-30T12:04:04.998651+00:00,,missing_record
queued,1972OLM/KAR3305-3313:4,1972OLM/KAR3305-3313,4,https://kinetics.nist.gov/solution/Detail?id=1972OLM/KAR3305-3313:4,queued,,,2026-06-30T12:04:05.000969+00:00,,missing_record
queued,1972OLM/KAR3305-3313:5,1972OLM/KAR3305-3313,5,https://kinetics.nist.gov/solution/Detail?id=1972OLM/KAR3305-3313:5,queued,,,2026-06-30T12:04:05.003385+00:00,,missing_record
queued,1972OLM/KAR3305-3313:6,1972OLM/KAR3305-3313,6,https://kinetics.nist.gov/solution/Detail?id=1972OLM/KAR3305-3313:6,queued,,,2026-06-30T12:04:05.005765+00:00,,missing_record
queued,1972OLM/KAR3305-3313:7,1972OLM/KAR3305-3313,7,https://kinetics.nist.gov/solution/Detail?id=1972OLM/KAR3305-3313:7,queued,,,2026-06-30T12:04:05.007830+00:00,,missing_record
queued,1972OLM/KAR3305-3313:8,1972OLM/KAR3305-3313,8,https://kinetics.nist.gov/solution/Detail?id=1972OLM/KAR3305-3313:8,queued,,,2026-06-30T12:04:05.009956+00:00,,missing_record
queued,1972SEL:3,1972SEL,3,https://kinetics.nist.gov/solution/Detail?id=1972SEL:3,queued,,,2026-06-30T15:20:54.538176+00:00,,missing_record
queued,1973ASM/MOE1218-1221:2,1973ASM/MOE1218-1221,2,https://kinetics.nist.gov/solution/Detail?id=1973ASM/MOE1218-1221:2,queued,,,2026-06-30T12:04:24.070734+00:00,,missing_record
queued,1973ASM/MOE1218-1221:3,1973ASM/MOE1218-1221,3,https://kinetics.nist.gov/solution/Detail?id=1973ASM/MOE1218-1221:3,queued,,,2026-06-30T12:04:24.073647+00:00,,missing_record
queued,1973ASM/MOE1218-1221:4,1973ASM/MOE1218-1221,4,https://kinetics.nist.gov/solution/Detail?id=1973ASM/MOE1218-1221:4,queued,,,2026-06-30T12:04:24.077734+00:00,,missing_record
queued,1973ASM/MOE1218-1221:5,1973ASM/MOE1218-1221,5,https://kinetics.nist.gov/solution/Detail?id=1973ASM/MOE1218-1221:5,queued,,,2026-06-30T12:04:24.080434+00:00,,missing_record
queued,1973ASM/MOE1218-1221:6,1973ASM/MOE1218-1221,6,https://kinetics.nist.gov/solution/Detail?id=1973ASM/MOE1218-1221:6,queued,,,2026-06-30T12:04:24.083629+00:00,,missing_record
queued,1973ASM/MOE1218-1221:7,1973ASM/MOE1218-1221,7,https://kinetics.nist.gov/solution/Detail?id=1973ASM/MOE1218-1221:7,queued,,,2026-06-30T12:04:24.086883+00:00,,missing_record
queued,1973ASM/MOE1218-1221:8,1973ASM/MOE1218-1221,8,https://kinetics.nist.gov/solution/Detail?id=1973ASM/MOE1218-1221:8,queued,,,2026-06-30T12:04:24.089549+00:00,,missing_record
queued,1973BEH/SAM2055-2059:1,1973BEH/SAM2055-2059,1,https://kinetics.nist.gov/solution/Detail?id=1973BEH/SAM2055-2059:1,queued,,,2026-06-30T12:04:42.342357+00:00,,missing_record
queued,1973BEH/SAM2055-2059:2,1973BEH/SAM2055-2059,2,https://kinetics.nist.gov/solution/Detail?id=1973BEH/SAM2055-2059:2,queued,,,2026-06-30T12:04:42.349577+00:00,,missing_record
queued,1973BEH/SAM2055-2059:3,1973BEH/SAM2055-2059,3,https://kinetics.nist.gov/solution/Detail?id=1973BEH/SAM2055-2059:3,queued,,,2026-06-30T12:04:42.357322+00:00,,missing_record
queued,1973BEH/SAM2055-2059:4,1973BEH/SAM2055-2059,4,https://kinetics.nist.gov/solution/Detail?id=1973BEH/SAM2055-2059:4,queued,,,2026-06-30T12:04:42.362288+00:00,,missing_record
queued,1973BEH/SAM2055-2059:5,1973BEH/SAM2055-2059,5,https://kinetics.nist.gov/solution/Detail?id=1973BEH/SAM2055-2059:5,queued,,,2026-06-30T12:04:42.365647+00:00,,missing_record
queued,1973BEH/SAM2055-2059:6,1973BEH/SAM2055-2059,6,https://kinetics.nist.gov/solution/Detail?id=1973BEH/SAM2055-2059:6,queued,,,2026-06-30T12:04:42.369332+00:00,,missing_record
queued,1973BEH/SAM2055-2059:7,1973BEH/SAM2055-2059,7,https://kinetics.nist.gov/solution/Detail?id=1973BEH/SAM2055-2059:7,queued,,,2026-06-30T12:04:42.372840+00:00,,missing_record
queued,1973BEH/SAM2055-2059:8,1973BEH/SAM2055-2059,8,https://kinetics.nist.gov/solution/Detail?id=1973BEH/SAM2055-2059:8,queued,,,2026-06-30T12:04:42.376267+00:00,,missing_record
queued,1973BHA/SCH1356-1365:1,1973BHA/SCH1356-1365,1,https://kinetics.nist.gov/solution/Detail?id=1973BHA/SCH1356-1365:1,queued,,,2026-06-25T08:41:28.366706+00:00,,missing_record
queued,1973BUX/DAI243-254:2,1973BUX/DAI243-254,2,https://kinetics.nist.gov/solution/Detail?id=1973BUX/DAI243-254:2,queued,,,2026-06-30T12:05:01.315574+00:00,,missing_record
queued,1973BUX/DAI243-254:3,1973BUX/DAI243-254,3,https://kinetics.nist.gov/solution/Detail?id=1973BUX/DAI243-254:3,queued,,,2026-06-30T12:05:01.320350+00:00,,missing_record
queued,1973BUX/DAI243-254:4,1973BUX/DAI243-254,4,https://kinetics.nist.gov/solution/Detail?id=1973BUX/DAI243-254:4,queued,,,2026-06-30T12:05:01.323897+00:00,,missing_record
queued,1973BUX/DAI243-254:5,1973BUX/DAI243-254,5,https://kinetics.nist.gov/solution/Detail?id=1973BUX/DAI243-254:5,queued,,,2026-06-30T12:05:01.327108+00:00,,missing_record
queued,1973BUX/DAI243-254:6,1973BUX/DAI243-254,6,https://kinetics.nist.gov/solution/Detail?id=1973BUX/DAI243-254:6,queued,,,2026-06-30T12:05:01.330779+00:00,,missing_record
queued,1973BUX/DAI243-254:7,1973BUX/DAI243-254,7,https://kinetics.nist.gov/solution/Detail?id=1973BUX/DAI243-254:7,queued,,,2026-06-30T12:05:01.334196+00:00,,missing_record
queued,1973BUX/DAI243-254:8,1973BUX/DAI243-254,8,https://kinetics.nist.gov/solution/Detail?id=1973BUX/DAI243-254:8,queued,,,2026-06-30T12:05:01.337886+00:00,,missing_record
queued,1973GRA/GET405-417:2,1973GRA/GET405-417,2,https://kinetics.nist.gov/solution/Detail?id=1973GRA/GET405-417:2,queued,,,2026-06-30T12:05:13.483604+00:00,,missing_record
queued,1973GRA/GET405-417:3,1973GRA/GET405-417,3,https://kinetics.nist.gov/solution/Detail?id=1973GRA/GET405-417:3,queued,,,2026-06-30T12:05:13.489155+00:00,,missing_record
queued,1973GRA/GET405-417:4,1973GRA/GET405-417,4,https://kinetics.nist.gov/solution/Detail?id=1973GRA/GET405-417:4,queued,,,2026-06-30T12:05:13.494078+00:00,,missing_record
queued,1973GRA/GET405-417:5,1973GRA/GET405-417,5,https://kinetics.nist.gov/solution/Detail?id=1973GRA/GET405-417:5,queued,,,2026-06-30T12:05:13.497794+00:00,,missing_record
queued,1973GRA/GET405-417:6,1973GRA/GET405-417,6,https://kinetics.nist.gov/solution/Detail?id=1973GRA/GET405-417:6,queued,,,2026-06-30T12:05:13.501463+00:00,,missing_record
queued,1973GRA/GET405-417:7,1973GRA/GET405-417,7,https://kinetics.nist.gov/solution/Detail?id=1973GRA/GET405-417:7,queued,,,2026-06-30T12:05:13.505018+00:00,,missing_record
queued,1973GRA/GET405-417:8,1973GRA/GET405-417,8,https://kinetics.nist.gov/solution/Detail?id=1973GRA/GET405-417:8,queued,,,2026-06-30T12:05:13.508874+00:00,,missing_record
queued,1973HOW/FUR3738-3745:2,1973HOW/FUR3738-3745,2,https://kinetics.nist.gov/solution/Detail?id=1973HOW/FUR3738-3745:2,queued,,,2026-06-30T12:05:29.389440+00:00,,missing_record
queued,1973HOW/FUR3738-3745:3,1973HOW/FUR3738-3745,3,https://kinetics.nist.gov/solution/Detail?id=1973HOW/FUR3738-3745:3,queued,,,2026-06-30T12:05:29.394358+00:00,,missing_record
queued,1973HOW/FUR3738-3745:4,1973HOW/FUR3738-3745,4,https://kinetics.nist.gov/solution/Detail?id=1973HOW/FUR3738-3745:4,queued,,,2026-06-30T12:05:29.398883+00:00,,missing_record
queued,1973HOW/FUR3738-3745:5,1973HOW/FUR3738-3745,5,https://kinetics.nist.gov/solution/Detail?id=1973HOW/FUR3738-3745:5,queued,,,2026-06-30T12:05:29.402691+00:00,,missing_record
queued,1973HOW/FUR3738-3745:6,1973HOW/FUR3738-3745,6,https://kinetics.nist.gov/solution/Detail?id=1973HOW/FUR3738-3745:6,queued,,,2026-06-30T12:05:29.406308+00:00,,missing_record
queued,1973HOW/FUR3738-3745:7,1973HOW/FUR3738-3745,7,https://kinetics.nist.gov/solution/Detail?id=1973HOW/FUR3738-3745:7,queued,,,2026-06-30T12:05:29.409646+00:00,,missing_record
queued,1973HOW/FUR3738-3745:8,1973HOW/FUR3738-3745,8,https://kinetics.nist.gov/solution/Detail?id=1973HOW/FUR3738-3745:8,queued,,,2026-06-30T12:05:29.412926+00:00,,missing_record
queued,1973LAR/FES1283-1288:2,1973LAR/FES1283-1288,2,https://kinetics.nist.gov/solution/Detail?id=1973LAR/FES1283-1288:2,queued,,,2026-06-30T12:05:47.524241+00:00,,missing_record
queued,1973LAR/FES1283-1288:3,1973LAR/FES1283-1288,3,https://kinetics.nist.gov/solution/Detail?id=1973LAR/FES1283-1288:3,queued,,,2026-06-30T12:05:47.527116+00:00,,missing_record
queued,1973LAR/FES1283-1288:4,1973LAR/FES1283-1288,4,https://kinetics.nist.gov/solution/Detail?id=1973LAR/FES1283-1288:4,queued,,,2026-06-30T12:05:47.530002+00:00,,missing_record
queued,1973LAR/FES1283-1288:5,1973LAR/FES1283-1288,5,https://kinetics.nist.gov/solution/Detail?id=1973LAR/FES1283-1288:5,queued,,,2026-06-30T12:05:47.532468+00:00,,missing_record
queued,1973LAR/FES1283-1288:6,1973LAR/FES1283-1288,6,https://kinetics.nist.gov/solution/Detail?id=1973LAR/FES1283-1288:6,queued,,,2026-06-30T12:05:47.535445+00:00,,missing_record
queued,1973LAR/FES1283-1288:7,1973LAR/FES1283-1288,7,https://kinetics.nist.gov/solution/Detail?id=1973LAR/FES1283-1288:7,queued,,,2026-06-30T12:05:47.537934+00:00,,missing_record
queued,1973LAR/FES1283-1288:8,1973LAR/FES1283-1288,8,https://kinetics.nist.gov/solution/Detail?id=1973LAR/FES1283-1288:8,queued,,,2026-06-30T12:05:47.540296+00:00,,missing_record
queued,1974HAM/CHO3029-3031:2,1974HAM/CHO3029-3031,2,https://kinetics.nist.gov/solution/Detail?id=1974HAM/CHO3029-3031:2,queued,,,2026-06-30T12:06:27.305715+00:00,,missing_record
queued,1974HAM/CHO3029-3031:3,1974HAM/CHO3029-3031,3,https://kinetics.nist.gov/solution/Detail?id=1974HAM/CHO3029-3031:3,queued,,,2026-06-30T12:06:27.311642+00:00,,missing_record
queued,1974HAM/CHO3029-3031:4,1974HAM/CHO3029-3031,4,https://kinetics.nist.gov/solution/Detail?id=1974HAM/CHO3029-3031:4,queued,,,2026-06-30T12:06:27.317286+00:00,,missing_record
queued,1974HAM/CHO3029-3031:5,1974HAM/CHO3029-3031,5,https://kinetics.nist.gov/solution/Detail?id=1974HAM/CHO3029-3031:5,queued,,,2026-06-30T12:06:27.321564+00:00,,missing_record
queued,1974HAM/CHO3029-3031:6,1974HAM/CHO3029-3031,6,https://kinetics.nist.gov/solution/Detail?id=1974HAM/CHO3029-3031:6,queued,,,2026-06-30T12:06:27.325365+00:00,,missing_record
queued,1974HAM/CHO3029-3031:7,1974HAM/CHO3029-3031,7,https://kinetics.nist.gov/solution/Detail?id=1974HAM/CHO3029-3031:7,queued,,,2026-06-30T12:06:27.329256+00:00,,missing_record
queued,1974HAM/CHO3029-3031:8,1974HAM/CHO3029-3031,8,https://kinetics.nist.gov/solution/Detail?id=1974HAM/CHO3029-3031:8,queued,,,2026-06-30T12:06:27.333124+00:00,,missing_record
queued,1974MAT/CUR3348-3351:2,1974MAT/CUR3348-3351,2,https://kinetics.nist.gov/solution/Detail?id=1974MAT/CUR3348-3351:2,queued,,,2026-06-30T12:06:43.456336+00:00,,missing_record
queued,1974MAT/CUR3348-3351:3,1974MAT/CUR3348-3351,3,https://kinetics.nist.gov/solution/Detail?id=1974MAT/CUR3348-3351:3,queued,,,2026-06-30T12:06:43.460116+00:00,,missing_record
queued,1974MAT/CUR3348-3351:4,1974MAT/CUR3348-3351,4,https://kinetics.nist.gov/solution/Detail?id=1974MAT/CUR3348-3351:4,queued,,,2026-06-30T12:06:43.464252+00:00,,missing_record
queued,1974MAT/CUR3348-3351:5,1974MAT/CUR3348-3351,5,https://kinetics.nist.gov/solution/Detail?id=1974MAT/CUR3348-3351:5,queued,,,2026-06-30T12:06:43.467805+00:00,,missing_record
queued,1974MAT/CUR3348-3351:6,1974MAT/CUR3348-3351,6,https://kinetics.nist.gov/solution/Detail?id=1974MAT/CUR3348-3351:6,queued,,,2026-06-30T12:06:43.471300+00:00,,missing_record
queued,1974MAT/CUR3348-3351:7,1974MAT/CUR3348-3351,7,https://kinetics.nist.gov/solution/Detail?id=1974MAT/CUR3348-3351:7,queued,,,2026-06-30T12:06:43.474575+00:00,,missing_record
queued,1974MAT/CUR3348-3351:8,1974MAT/CUR3348-3351,8,https://kinetics.nist.gov/solution/Detail?id=1974MAT/CUR3348-3351:8,queued,,,2026-06-30T12:06:43.477820+00:00,,missing_record
queued,1974MIC/CER285-289:1,1974MIC/CER285-289,1,https://kinetics.nist.gov/solution/Detail?id=1974MIC/CER285-289:1,queued,,,2026-06-25T08:41:28.357655+00:00,,missing_record
queued,1974MOG/MIN512-517:2,1974MOG/MIN512-517,2,https://kinetics.nist.gov/solution/Detail?id=1974MOG/MIN512-517:2,queued,,,2026-06-30T12:06:58.928961+00:00,,missing_record
queued,1974MOG/MIN512-517:3,1974MOG/MIN512-517,3,https://kinetics.nist.gov/solution/Detail?id=1974MOG/MIN512-517:3,queued,,,2026-06-30T12:06:58.931890+00:00,,missing_record
queued,1974MOG/MIN512-517:4,1974MOG/MIN512-517,4,https://kinetics.nist.gov/solution/Detail?id=1974MOG/MIN512-517:4,queued,,,2026-06-30T12:06:58.934555+00:00,,missing_record
queued,1974MOG/MIN512-517:5,1974MOG/MIN512-517,5,https://kinetics.nist.gov/solution/Detail?id=1974MOG/MIN512-517:5,queued,,,2026-06-30T12:06:58.937412+00:00,,missing_record
queued,1974MOG/MIN512-517:6,1974MOG/MIN512-517,6,https://kinetics.nist.gov/solution/Detail?id=1974MOG/MIN512-517:6,queued,,,2026-06-30T12:06:58.939734+00:00,,missing_record
queued,1974MOG/MIN512-517:7,1974MOG/MIN512-517,7,https://kinetics.nist.gov/solution/Detail?id=1974MOG/MIN512-517:7,queued,,,2026-06-30T12:06:58.942116+00:00,,missing_record
queued,1974MOG/MIN512-517:8,1974MOG/MIN512-517,8,https://kinetics.nist.gov/solution/Detail?id=1974MOG/MIN512-517:8,queued,,,2026-06-30T12:06:58.944700+00:00,,missing_record
queued,1974RAZ/BER218-220:1,1974RAZ/BER218-220,1,https://kinetics.nist.gov/solution/Detail?id=1974RAZ/BER218-220:1,queued,500,"reset retryable HTTP status from boundary probe",2026-06-25T15:22:47.446712+00:00,data/new_solution/boundary_probe/boundary_20260625_140556/boundary_detail_1974RAZ_BER218-220_1_20260625T140635_28f00546a537.html,missing_record
queued,1974SIM/LIL291-292:1,1974SIM/LIL291-292,1,https://kinetics.nist.gov/solution/Detail?id=1974SIM/LIL291-292:1,queued,,,2026-06-30T12:07:17.131835+00:00,,missing_record
queued,1974SIM/LIL291-292:2,1974SIM/LIL291-292,2,https://kinetics.nist.gov/solution/Detail?id=1974SIM/LIL291-292:2,queued,,,2026-06-30T12:07:17.136951+00:00,,missing_record
queued,1974SIM/LIL291-292:3,1974SIM/LIL291-292,3,https://kinetics.nist.gov/solution/Detail?id=1974SIM/LIL291-292:3,queued,,,2026-06-30T12:07:17.141260+00:00,,missing_record
queued,1974SIM/LIL291-292:4,1974SIM/LIL291-292,4,https://kinetics.nist.gov/solution/Detail?id=1974SIM/LIL291-292:4,queued,,,2026-06-30T12:07:17.145405+00:00,,missing_record
queued,1974SIM/LIL291-292:5,1974SIM/LIL291-292,5,https://kinetics.nist.gov/solution/Detail?id=1974SIM/LIL291-292:5,queued,,,2026-06-30T12:07:17.149339+00:00,,missing_record
queued,1974SIM/LIL291-292:6,1974SIM/LIL291-292,6,https://kinetics.nist.gov/solution/Detail?id=1974SIM/LIL291-292:6,queued,,,2026-06-30T12:07:17.152860+00:00,,missing_record
queued,1974SIM/LIL291-292:7,1974SIM/LIL291-292,7,https://kinetics.nist.gov/solution/Detail?id=1974SIM/LIL291-292:7,queued,,,2026-06-30T12:07:17.156459+00:00,,missing_record
queued,1974SIM/LIL291-292:8,1974SIM/LIL291-292,8,https://kinetics.nist.gov/solution/Detail?id=1974SIM/LIL291-292:8,queued,,,2026-06-30T12:07:17.160393+00:00,,missing_record
queued,1975CHE/HOW623-627:2,1975CHE/HOW623-627,2,https://kinetics.nist.gov/solution/Detail?id=1975CHE/HOW623-627:2,queued,,,2026-06-30T12:07:33.045389+00:00,,missing_record
queued,1975CHE/HOW623-627:3,1975CHE/HOW623-627,3,https://kinetics.nist.gov/solution/Detail?id=1975CHE/HOW623-627:3,queued,,,2026-06-30T12:07:33.048498+00:00,,missing_record
queued,1975CHE/HOW623-627:4,1975CHE/HOW623-627,4,https://kinetics.nist.gov/solution/Detail?id=1975CHE/HOW623-627:4,queued,,,2026-06-30T12:07:33.051201+00:00,,missing_record
queued,1975CHE/HOW623-627:5,1975CHE/HOW623-627,5,https://kinetics.nist.gov/solution/Detail?id=1975CHE/HOW623-627:5,queued,,,2026-06-30T12:07:33.054509+00:00,,missing_record
queued,1975CHE/HOW623-627:6,1975CHE/HOW623-627,6,https://kinetics.nist.gov/solution/Detail?id=1975CHE/HOW623-627:6,queued,,,2026-06-30T12:07:33.057485+00:00,,missing_record
queued,1975CHE/HOW623-627:7,1975CHE/HOW623-627,7,https://kinetics.nist.gov/solution/Detail?id=1975CHE/HOW623-627:7,queued,,,2026-06-30T12:07:33.060085+00:00,,missing_record
queued,1975CHE/HOW623-627:8,1975CHE/HOW623-627,8,https://kinetics.nist.gov/solution/Detail?id=1975CHE/HOW623-627:8,queued,,,2026-06-30T12:07:33.063253+00:00,,missing_record
queued,1975KUZ/KHU2319-2322:1,1975KUZ/KHU2319-2322,1,https://kinetics.nist.gov/solution/Detail?id=1975KUZ/KHU2319-2322:1,queued,,,2026-06-25T09:11:07.506217+00:00,,missing_record
queued,1975MEY1716-1717:2,1975MEY1716-1717,2,https://kinetics.nist.gov/solution/Detail?id=1975MEY1716-1717:2,queued,,,2026-06-30T12:07:46.847540+00:00,,missing_record
queued,1975MEY1716-1717:3,1975MEY1716-1717,3,https://kinetics.nist.gov/solution/Detail?id=1975MEY1716-1717:3,queued,,,2026-06-30T12:07:46.850448+00:00,,missing_record
queued,1975MEY1716-1717:4,1975MEY1716-1717,4,https://kinetics.nist.gov/solution/Detail?id=1975MEY1716-1717:4,queued,,,2026-06-30T12:07:46.854683+00:00,,missing_record
queued,1975MEY1716-1717:5,1975MEY1716-1717,5,https://kinetics.nist.gov/solution/Detail?id=1975MEY1716-1717:5,queued,,,2026-06-30T12:07:46.857922+00:00,,missing_record
queued,1975MEY1716-1717:6,1975MEY1716-1717,6,https://kinetics.nist.gov/solution/Detail?id=1975MEY1716-1717:6,queued,,,2026-06-30T12:07:46.860474+00:00,,missing_record
queued,1975MEY1716-1717:7,1975MEY1716-1717,7,https://kinetics.nist.gov/solution/Detail?id=1975MEY1716-1717:7,queued,,,2026-06-30T12:07:46.863536+00:00,,missing_record
queued,1975MEY1716-1717:8,1975MEY1716-1717,8,https://kinetics.nist.gov/solution/Detail?id=1975MEY1716-1717:8,queued,,,2026-06-30T12:07:46.867458+00:00,,missing_record
queued,1975PAS/COB866-873:1,1975PAS/COB866-873,1,https://kinetics.nist.gov/solution/Detail?id=1975PAS/COB866-873:1,queued,500,"reset retryable HTTP status from boundary probe",2026-06-30T12:08:02.062060+00:00,data/new_solution/boundary_probe/boundary_20260625_140556/boundary_detail_1975PAS_COB866-873_1_20260625T140621_8f0eade4f446.html,missing_record
queued,1975PAS/COB866-873:2,1975PAS/COB866-873,2,https://kinetics.nist.gov/solution/Detail?id=1975PAS/COB866-873:2,queued,,,2026-06-30T12:08:02.066244+00:00,,missing_record
queued,1975PAS/COB866-873:3,1975PAS/COB866-873,3,https://kinetics.nist.gov/solution/Detail?id=1975PAS/COB866-873:3,queued,,,2026-06-30T12:08:02.069705+00:00,,missing_record
queued,1975PAS/COB866-873:4,1975PAS/COB866-873,4,https://kinetics.nist.gov/solution/Detail?id=1975PAS/COB866-873:4,queued,,,2026-06-30T12:08:02.072559+00:00,,missing_record
queued,1975PAS/COB866-873:5,1975PAS/COB866-873,5,https://kinetics.nist.gov/solution/Detail?id=1975PAS/COB866-873:5,queued,,,2026-06-30T12:08:02.075762+00:00,,missing_record
queued,1975PAS/COB866-873:6,1975PAS/COB866-873,6,https://kinetics.nist.gov/solution/Detail?id=1975PAS/COB866-873:6,queued,,,2026-06-30T12:08:02.078743+00:00,,missing_record
queued,1975PAS/COB866-873:7,1975PAS/COB866-873,7,https://kinetics.nist.gov/solution/Detail?id=1975PAS/COB866-873:7,queued,,,2026-06-30T12:08:02.081418+00:00,,missing_record
queued,1975PAS/COB866-873:8,1975PAS/COB866-873,8,https://kinetics.nist.gov/solution/Detail?id=1975PAS/COB866-873:8,queued,,,2026-06-30T12:08:02.084111+00:00,,missing_record
queued,1975PIK/ERS3025-3034:1,1975PIK/ERS3025-3034,1,https://kinetics.nist.gov/solution/Detail?id=1975PIK/ERS3025-3034:1,queued,,,2026-06-25T08:41:28.354555+00:00,,missing_record
queued,1975RAO/HAY2986-2989:2,1975RAO/HAY2986-2989,2,https://kinetics.nist.gov/solution/Detail?id=1975RAO/HAY2986-2989:2,queued,,,2026-06-30T12:08:19.793800+00:00,,missing_record
queued,1975RAO/HAY2986-2989:3,1975RAO/HAY2986-2989,3,https://kinetics.nist.gov/solution/Detail?id=1975RAO/HAY2986-2989:3,queued,,,2026-06-30T12:08:19.796618+00:00,,missing_record
queued,1975RAO/HAY2986-2989:4,1975RAO/HAY2986-2989,4,https://kinetics.nist.gov/solution/Detail?id=1975RAO/HAY2986-2989:4,queued,,,2026-06-30T12:08:19.800474+00:00,,missing_record
queued,1975RAO/HAY2986-2989:5,1975RAO/HAY2986-2989,5,https://kinetics.nist.gov/solution/Detail?id=1975RAO/HAY2986-2989:5,queued,,,2026-06-30T12:08:19.803367+00:00,,missing_record
queued,1975RAO/HAY2986-2989:6,1975RAO/HAY2986-2989,6,https://kinetics.nist.gov/solution/Detail?id=1975RAO/HAY2986-2989:6,queued,,,2026-06-30T12:08:19.806518+00:00,,missing_record
queued,1975RAO/HAY2986-2989:7,1975RAO/HAY2986-2989,7,https://kinetics.nist.gov/solution/Detail?id=1975RAO/HAY2986-2989:7,queued,,,2026-06-30T12:08:19.810067+00:00,,missing_record
queued,1975RAO/HAY2986-2989:8,1975RAO/HAY2986-2989,8,https://kinetics.nist.gov/solution/Detail?id=1975RAO/HAY2986-2989:8,queued,,,2026-06-30T12:08:19.813382+00:00,,missing_record
queued,1975RAO/HAY865-868:1,1975RAO/HAY865-868,1,https://kinetics.nist.gov/solution/Detail?id=1975RAO/HAY865-868:1,queued,,,2026-06-25T08:41:28.351290+00:00,,missing_record
queued,1975TEA/KLA475-477:2,1975TEA/KLA475-477,2,https://kinetics.nist.gov/solution/Detail?id=1975TEA/KLA475-477:2,queued,,,2026-06-30T12:08:32.708491+00:00,,missing_record
queued,1975TEA/KLA475-477:3,1975TEA/KLA475-477,3,https://kinetics.nist.gov/solution/Detail?id=1975TEA/KLA475-477:3,queued,,,2026-06-30T12:08:32.711300+00:00,,missing_record
queued,1975TEA/KLA475-477:4,1975TEA/KLA475-477,4,https://kinetics.nist.gov/solution/Detail?id=1975TEA/KLA475-477:4,queued,,,2026-06-30T12:08:32.714609+00:00,,missing_record
queued,1975TEA/KLA475-477:5,1975TEA/KLA475-477,5,https://kinetics.nist.gov/solution/Detail?id=1975TEA/KLA475-477:5,queued,,,2026-06-30T12:08:32.717464+00:00,,missing_record
queued,1975TEA/KLA475-477:6,1975TEA/KLA475-477,6,https://kinetics.nist.gov/solution/Detail?id=1975TEA/KLA475-477:6,queued,,,2026-06-30T12:08:32.720275+00:00,,missing_record
queued,1975TEA/KLA475-477:7,1975TEA/KLA475-477,7,https://kinetics.nist.gov/solution/Detail?id=1975TEA/KLA475-477:7,queued,,,2026-06-30T12:08:32.722993+00:00,,missing_record
queued,1975TEA/KLA475-477:8,1975TEA/KLA475-477,8,https://kinetics.nist.gov/solution/Detail?id=1975TEA/KLA475-477:8,queued,,,2026-06-30T12:08:32.725722+00:00,,missing_record
queued,1976BAN/FES1743-1745:2,1976BAN/FES1743-1745,2,https://kinetics.nist.gov/solution/Detail?id=1976BAN/FES1743-1745:2,queued,,,2026-06-30T12:08:51.783684+00:00,,missing_record
queued,1976BAN/FES1743-1745:3,1976BAN/FES1743-1745,3,https://kinetics.nist.gov/solution/Detail?id=1976BAN/FES1743-1745:3,queued,,,2026-06-30T12:08:51.789995+00:00,,missing_record
queued,1976BAN/FES1743-1745:4,1976BAN/FES1743-1745,4,https://kinetics.nist.gov/solution/Detail?id=1976BAN/FES1743-1745:4,queued,,,2026-06-30T12:08:51.793518+00:00,,missing_record
queued,1976BAN/FES1743-1745:5,1976BAN/FES1743-1745,5,https://kinetics.nist.gov/solution/Detail?id=1976BAN/FES1743-1745:5,queued,,,2026-06-30T12:08:51.796659+00:00,,missing_record
queued,1976BAN/FES1743-1745:6,1976BAN/FES1743-1745,6,https://kinetics.nist.gov/solution/Detail?id=1976BAN/FES1743-1745:6,queued,,,2026-06-30T12:08:51.799949+00:00,,missing_record
queued,1976BAN/FES1743-1745:7,1976BAN/FES1743-1745,7,https://kinetics.nist.gov/solution/Detail?id=1976BAN/FES1743-1745:7,queued,,,2026-06-30T12:08:51.803513+00:00,,missing_record
queued,1976BAN/FES1743-1745:8,1976BAN/FES1743-1745,8,https://kinetics.nist.gov/solution/Detail?id=1976BAN/FES1743-1745:8,queued,,,2026-06-30T12:08:51.807060+00:00,,missing_record
queued,1976FRA/GRA294-300:2,1976FRA/GRA294-300,2,https://kinetics.nist.gov/solution/Detail?id=1976FRA/GRA294-300:2,queued,,,2026-06-30T12:09:08.683733+00:00,,missing_record
queued,1976FRA/GRA294-300:3,1976FRA/GRA294-300,3,https://kinetics.nist.gov/solution/Detail?id=1976FRA/GRA294-300:3,queued,,,2026-06-30T12:09:08.687093+00:00,,missing_record
queued,1976FRA/GRA294-300:4,1976FRA/GRA294-300,4,https://kinetics.nist.gov/solution/Detail?id=1976FRA/GRA294-300:4,queued,,,2026-06-30T12:09:08.690132+00:00,,missing_record
queued,1976FRA/GRA294-300:5,1976FRA/GRA294-300,5,https://kinetics.nist.gov/solution/Detail?id=1976FRA/GRA294-300:5,queued,,,2026-06-30T12:09:08.692717+00:00,,missing_record
queued,1976FRA/GRA294-300:6,1976FRA/GRA294-300,6,https://kinetics.nist.gov/solution/Detail?id=1976FRA/GRA294-300:6,queued,,,2026-06-30T12:09:08.695231+00:00,,missing_record
queued,1976FRA/GRA294-300:7,1976FRA/GRA294-300,7,https://kinetics.nist.gov/solution/Detail?id=1976FRA/GRA294-300:7,queued,,,2026-06-30T12:09:08.698008+00:00,,missing_record
queued,1976FRA/GRA294-300:8,1976FRA/GRA294-300,8,https://kinetics.nist.gov/solution/Detail?id=1976FRA/GRA294-300:8,queued,,,2026-06-30T12:09:08.700960+00:00,,missing_record
queued,1976ILA/RAB1558-1562:2,1976ILA/RAB1558-1562,2,https://kinetics.nist.gov/solution/Detail?id=1976ILA/RAB1558-1562:2,queued,,,2026-06-30T12:09:31.090323+00:00,,missing_record
queued,1976ILA/RAB1558-1562:3,1976ILA/RAB1558-1562,3,https://kinetics.nist.gov/solution/Detail?id=1976ILA/RAB1558-1562:3,queued,,,2026-06-30T12:09:31.093569+00:00,,missing_record
queued,1976ILA/RAB1558-1562:4,1976ILA/RAB1558-1562,4,https://kinetics.nist.gov/solution/Detail?id=1976ILA/RAB1558-1562:4,queued,,,2026-06-30T12:09:31.096204+00:00,,missing_record
queued,1976ILA/RAB1558-1562:5,1976ILA/RAB1558-1562,5,https://kinetics.nist.gov/solution/Detail?id=1976ILA/RAB1558-1562:5,queued,,,2026-06-30T12:09:31.099163+00:00,,missing_record
queued,1976ILA/RAB1558-1562:6,1976ILA/RAB1558-1562,6,https://kinetics.nist.gov/solution/Detail?id=1976ILA/RAB1558-1562:6,queued,,,2026-06-30T12:09:31.101752+00:00,,missing_record
queued,1976ILA/RAB1558-1562:7,1976ILA/RAB1558-1562,7,https://kinetics.nist.gov/solution/Detail?id=1976ILA/RAB1558-1562:7,queued,,,2026-06-30T12:09:31.104245+00:00,,missing_record
queued,1976ILA/RAB1558-1562:8,1976ILA/RAB1558-1562,8,https://kinetics.nist.gov/solution/Detail?id=1976ILA/RAB1558-1562:8,queued,,,2026-06-30T12:09:31.107150+00:00,,missing_record
queued,1976MAY/KRO267-275:2,1976MAY/KRO267-275,2,https://kinetics.nist.gov/solution/Detail?id=1976MAY/KRO267-275:2,queued,,,2026-06-30T12:09:50.583437+00:00,,missing_record
queued,1976MAY/KRO267-275:3,1976MAY/KRO267-275,3,https://kinetics.nist.gov/solution/Detail?id=1976MAY/KRO267-275:3,queued,,,2026-06-30T12:09:50.588484+00:00,,missing_record
queued,1976MAY/KRO267-275:4,1976MAY/KRO267-275,4,https://kinetics.nist.gov/solution/Detail?id=1976MAY/KRO267-275:4,queued,,,2026-06-30T12:09:50.593330+00:00,,missing_record
queued,1976MAY/KRO267-275:5,1976MAY/KRO267-275,5,https://kinetics.nist.gov/solution/Detail?id=1976MAY/KRO267-275:5,queued,,,2026-06-30T12:09:50.597342+00:00,,missing_record
queued,1976MAY/KRO267-275:6,1976MAY/KRO267-275,6,https://kinetics.nist.gov/solution/Detail?id=1976MAY/KRO267-275:6,queued,,,2026-06-30T12:09:50.601319+00:00,,missing_record
queued,1976MAY/KRO267-275:7,1976MAY/KRO267-275,7,https://kinetics.nist.gov/solution/Detail?id=1976MAY/KRO267-275:7,queued,,,2026-06-30T12:09:50.604829+00:00,,missing_record
queued,1976MAY/KRO267-275:8,1976MAY/KRO267-275,8,https://kinetics.nist.gov/solution/Detail?id=1976MAY/KRO267-275:8,queued,,,2026-06-30T12:09:50.608372+00:00,,missing_record
queued,1976POS/ADA2231-2239:1,1976POS/ADA2231-2239,1,https://kinetics.nist.gov/solution/Detail?id=1976POS/ADA2231-2239:1,queued,,,2026-06-30T12:10:03.377328+00:00,,missing_record
queued,1976POS/ADA2231-2239:2,1976POS/ADA2231-2239,2,https://kinetics.nist.gov/solution/Detail?id=1976POS/ADA2231-2239:2,queued,,,2026-06-30T12:10:03.384453+00:00,,missing_record
queued,1976POS/ADA2231-2239:3,1976POS/ADA2231-2239,3,https://kinetics.nist.gov/solution/Detail?id=1976POS/ADA2231-2239:3,queued,,,2026-06-30T12:10:03.390159+00:00,,missing_record
queued,1976POS/ADA2231-2239:4,1976POS/ADA2231-2239,4,https://kinetics.nist.gov/solution/Detail?id=1976POS/ADA2231-2239:4,queued,,,2026-06-30T12:10:03.394611+00:00,,missing_record
queued,1976POS/ADA2231-2239:5,1976POS/ADA2231-2239,5,https://kinetics.nist.gov/solution/Detail?id=1976POS/ADA2231-2239:5,queued,,,2026-06-30T12:10:03.398207+00:00,,missing_record
queued,1976POS/ADA2231-2239:6,1976POS/ADA2231-2239,6,https://kinetics.nist.gov/solution/Detail?id=1976POS/ADA2231-2239:6,queued,,,2026-06-30T12:10:03.401836+00:00,,missing_record
queued,1976POS/ADA2231-2239:7,1976POS/ADA2231-2239,7,https://kinetics.nist.gov/solution/Detail?id=1976POS/ADA2231-2239:7,queued,,,2026-06-30T12:10:03.405108+00:00,,missing_record
queued,1976POS/ADA2231-2239:8,1976POS/ADA2231-2239,8,https://kinetics.nist.gov/solution/Detail?id=1976POS/ADA2231-2239:8,queued,,,2026-06-30T12:10:03.408397+00:00,,missing_record
queued,1976SHU/MOR760-766:1,1976SHU/MOR760-766,1,https://kinetics.nist.gov/solution/Detail?id=1976SHU/MOR760-766:1,queued,,,2026-06-30T12:10:23.616632+00:00,,missing_record
queued,1976SHU/MOR760-766:2,1976SHU/MOR760-766,2,https://kinetics.nist.gov/solution/Detail?id=1976SHU/MOR760-766:2,queued,,,2026-06-30T12:10:23.623316+00:00,,missing_record
queued,1976SHU/MOR760-766:3,1976SHU/MOR760-766,3,https://kinetics.nist.gov/solution/Detail?id=1976SHU/MOR760-766:3,queued,,,2026-06-30T12:10:23.628645+00:00,,missing_record
queued,1976SHU/MOR760-766:4,1976SHU/MOR760-766,4,https://kinetics.nist.gov/solution/Detail?id=1976SHU/MOR760-766:4,queued,,,2026-06-30T12:10:23.633115+00:00,,missing_record
queued,1976SHU/MOR760-766:5,1976SHU/MOR760-766,5,https://kinetics.nist.gov/solution/Detail?id=1976SHU/MOR760-766:5,queued,,,2026-06-30T12:10:23.636921+00:00,,missing_record
queued,1976SHU/MOR760-766:6,1976SHU/MOR760-766,6,https://kinetics.nist.gov/solution/Detail?id=1976SHU/MOR760-766:6,queued,,,2026-06-30T12:10:23.640879+00:00,,missing_record
queued,1976SHU/MOR760-766:7,1976SHU/MOR760-766,7,https://kinetics.nist.gov/solution/Detail?id=1976SHU/MOR760-766:7,queued,,,2026-06-30T12:10:23.644553+00:00,,missing_record
queued,1976SHU/MOR760-766:8,1976SHU/MOR760-766,8,https://kinetics.nist.gov/solution/Detail?id=1976SHU/MOR760-766:8,queued,,,2026-06-30T12:10:23.648175+00:00,,missing_record
queued,1977BIE/ALL1048-1050:2,1977BIE/ALL1048-1050,2,https://kinetics.nist.gov/solution/Detail?id=1977BIE/ALL1048-1050:2,queued,,,2026-06-30T12:10:43.040447+00:00,,missing_record
queued,1977BIE/ALL1048-1050:3,1977BIE/ALL1048-1050,3,https://kinetics.nist.gov/solution/Detail?id=1977BIE/ALL1048-1050:3,queued,,,2026-06-30T12:10:43.046032+00:00,,missing_record
queued,1977BIE/ALL1048-1050:4,1977BIE/ALL1048-1050,4,https://kinetics.nist.gov/solution/Detail?id=1977BIE/ALL1048-1050:4,queued,,,2026-06-30T12:10:43.050497+00:00,,missing_record
queued,1977BIE/ALL1048-1050:5,1977BIE/ALL1048-1050,5,https://kinetics.nist.gov/solution/Detail?id=1977BIE/ALL1048-1050:5,queued,,,2026-06-30T12:10:43.054333+00:00,,missing_record
queued,1977BIE/ALL1048-1050:6,1977BIE/ALL1048-1050,6,https://kinetics.nist.gov/solution/Detail?id=1977BIE/ALL1048-1050:6,queued,,,2026-06-30T12:10:43.057955+00:00,,missing_record
queued,1977BIE/ALL1048-1050:7,1977BIE/ALL1048-1050,7,https://kinetics.nist.gov/solution/Detail?id=1977BIE/ALL1048-1050:7,queued,,,2026-06-30T12:10:43.061419+00:00,,missing_record
queued,1977BIE/ALL1048-1050:8,1977BIE/ALL1048-1050,8,https://kinetics.nist.gov/solution/Detail?id=1977BIE/ALL1048-1050:8,queued,,,2026-06-30T12:10:43.065107+00:00,,missing_record
queued,1977CAS/KUK3371-3372:2,1977CAS/KUK3371-3372,2,https://kinetics.nist.gov/solution/Detail?id=1977CAS/KUK3371-3372:2,queued,,,2026-06-30T12:11:01.215681+00:00,,missing_record
queued,1977CAS/KUK3371-3372:3,1977CAS/KUK3371-3372,3,https://kinetics.nist.gov/solution/Detail?id=1977CAS/KUK3371-3372:3,queued,,,2026-06-30T12:11:01.218811+00:00,,missing_record
queued,1977CAS/KUK3371-3372:4,1977CAS/KUK3371-3372,4,https://kinetics.nist.gov/solution/Detail?id=1977CAS/KUK3371-3372:4,queued,,,2026-06-30T12:11:01.222116+00:00,,missing_record
queued,1977CAS/KUK3371-3372:5,1977CAS/KUK3371-3372,5,https://kinetics.nist.gov/solution/Detail?id=1977CAS/KUK3371-3372:5,queued,,,2026-06-30T12:11:01.224895+00:00,,missing_record
queued,1977CAS/KUK3371-3372:6,1977CAS/KUK3371-3372,6,https://kinetics.nist.gov/solution/Detail?id=1977CAS/KUK3371-3372:6,queued,,,2026-06-30T12:11:01.228254+00:00,,missing_record
queued,1977CAS/KUK3371-3372:7,1977CAS/KUK3371-3372,7,https://kinetics.nist.gov/solution/Detail?id=1977CAS/KUK3371-3372:7,queued,,,2026-06-30T12:11:01.230760+00:00,,missing_record
queued,1977CAS/KUK3371-3372:8,1977CAS/KUK3371-3372,8,https://kinetics.nist.gov/solution/Detail?id=1977CAS/KUK3371-3372:8,queued,,,2026-06-30T12:11:01.233623+00:00,,missing_record
queued,1977FRE/MEY127-128:2,1977FRE/MEY127-128,2,https://kinetics.nist.gov/solution/Detail?id=1977FRE/MEY127-128:2,queued,,,2026-06-30T12:11:14.766255+00:00,,missing_record
queued,1977FRE/MEY127-128:3,1977FRE/MEY127-128,3,https://kinetics.nist.gov/solution/Detail?id=1977FRE/MEY127-128:3,queued,,,2026-06-30T12:11:14.771314+00:00,,missing_record
queued,1977FRE/MEY127-128:4,1977FRE/MEY127-128,4,https://kinetics.nist.gov/solution/Detail?id=1977FRE/MEY127-128:4,queued,,,2026-06-30T12:11:14.776321+00:00,,missing_record
queued,1977FRE/MEY127-128:5,1977FRE/MEY127-128,5,https://kinetics.nist.gov/solution/Detail?id=1977FRE/MEY127-128:5,queued,,,2026-06-30T12:11:14.780357+00:00,,missing_record
queued,1977FRE/MEY127-128:6,1977FRE/MEY127-128,6,https://kinetics.nist.gov/solution/Detail?id=1977FRE/MEY127-128:6,queued,,,2026-06-30T12:11:14.784284+00:00,,missing_record
queued,1977FRE/MEY127-128:7,1977FRE/MEY127-128,7,https://kinetics.nist.gov/solution/Detail?id=1977FRE/MEY127-128:7,queued,,,2026-06-30T12:11:14.787659+00:00,,missing_record
queued,1977FRE/MEY127-128:8,1977FRE/MEY127-128,8,https://kinetics.nist.gov/solution/Detail?id=1977FRE/MEY127-128:8,queued,,,2026-06-30T12:11:14.790955+00:00,,missing_record
queued,1977MAR/TAN1944-1948:2,1977MAR/TAN1944-1948,2,https://kinetics.nist.gov/solution/Detail?id=1977MAR/TAN1944-1948:2,queued,,,2026-06-30T12:11:34.227469+00:00,,missing_record
queued,1977MAR/TAN1944-1948:3,1977MAR/TAN1944-1948,3,https://kinetics.nist.gov/solution/Detail?id=1977MAR/TAN1944-1948:3,queued,,,2026-06-30T12:11:34.230343+00:00,,missing_record
queued,1977MAR/TAN1944-1948:4,1977MAR/TAN1944-1948,4,https://kinetics.nist.gov/solution/Detail?id=1977MAR/TAN1944-1948:4,queued,,,2026-06-30T12:11:34.233162+00:00,,missing_record
queued,1977MAR/TAN1944-1948:5,1977MAR/TAN1944-1948,5,https://kinetics.nist.gov/solution/Detail?id=1977MAR/TAN1944-1948:5,queued,,,2026-06-30T12:11:34.235567+00:00,,missing_record
queued,1977MAR/TAN1944-1948:6,1977MAR/TAN1944-1948,6,https://kinetics.nist.gov/solution/Detail?id=1977MAR/TAN1944-1948:6,queued,,,2026-06-30T12:11:34.238314+00:00,,missing_record
queued,1977MAR/TAN1944-1948:7,1977MAR/TAN1944-1948,7,https://kinetics.nist.gov/solution/Detail?id=1977MAR/TAN1944-1948:7,queued,,,2026-06-30T12:11:34.240925+00:00,,missing_record
queued,1977MAR/TAN1944-1948:8,1977MAR/TAN1944-1948,8,https://kinetics.nist.gov/solution/Detail?id=1977MAR/TAN1944-1948:8,queued,,,2026-06-30T12:11:34.243297+00:00,,missing_record
queued,1977PIK/SHI602-606:1,1977PIK/SHI602-606,1,https://kinetics.nist.gov/solution/Detail?id=1977PIK/SHI602-606:1,queued,,,2026-06-25T12:01:36.541389+00:00,,missing_record
queued,1978ASM/BON1820-1826:1,1978ASM/BON1820-1826,1,https://kinetics.nist.gov/solution/Detail?id=1978ASM/BON1820-1826:1,queued,,,2026-06-30T12:11:53.140510+00:00,,missing_record
queued,1978ASM/BON1820-1826:2,1978ASM/BON1820-1826,2,https://kinetics.nist.gov/solution/Detail?id=1978ASM/BON1820-1826:2,queued,,,2026-06-30T12:11:53.144396+00:00,,missing_record
queued,1978ASM/BON1820-1826:3,1978ASM/BON1820-1826,3,https://kinetics.nist.gov/solution/Detail?id=1978ASM/BON1820-1826:3,queued,,,2026-06-30T12:11:53.147622+00:00,,missing_record
queued,1978ASM/BON1820-1826:4,1978ASM/BON1820-1826,4,https://kinetics.nist.gov/solution/Detail?id=1978ASM/BON1820-1826:4,queued,,,2026-06-30T12:11:53.152129+00:00,,missing_record
queued,1978ASM/BON1820-1826:5,1978ASM/BON1820-1826,5,https://kinetics.nist.gov/solution/Detail?id=1978ASM/BON1820-1826:5,queued,,,2026-06-30T12:11:53.155364+00:00,,missing_record
queued,1978ASM/BON1820-1826:6,1978ASM/BON1820-1826,6,https://kinetics.nist.gov/solution/Detail?id=1978ASM/BON1820-1826:6,queued,,,2026-06-30T12:11:53.159416+00:00,,missing_record
queued,1978ASM/BON1820-1826:7,1978ASM/BON1820-1826,7,https://kinetics.nist.gov/solution/Detail?id=1978ASM/BON1820-1826:7,queued,,,2026-06-30T12:11:53.163065+00:00,,missing_record
queued,1978ASM/BON1820-1826:8,1978ASM/BON1820-1826,8,https://kinetics.nist.gov/solution/Detail?id=1978ASM/BON1820-1826:8,queued,,,2026-06-30T12:11:53.166225+00:00,,missing_record
queued,1978BOT/SCH416-420:1,1978BOT/SCH416-420,1,https://kinetics.nist.gov/solution/Detail?id=1978BOT/SCH416-420:1,queued,,,2026-06-25T08:54:01.295236+00:00,,missing_record
queued,1978BRO/HAR2539-2542:1,1978BRO/HAR2539-2542,1,https://kinetics.nist.gov/solution/Detail?id=1978BRO/HAR2539-2542:1,queued,,,2026-06-30T12:12:12.261012+00:00,,missing_record
queued,1978BRO/HAR2539-2542:2,1978BRO/HAR2539-2542,2,https://kinetics.nist.gov/solution/Detail?id=1978BRO/HAR2539-2542:2,queued,,,2026-06-30T12:12:12.266976+00:00,,missing_record
queued,1978BRO/HAR2539-2542:3,1978BRO/HAR2539-2542,3,https://kinetics.nist.gov/solution/Detail?id=1978BRO/HAR2539-2542:3,queued,,,2026-06-30T12:12:12.271425+00:00,,missing_record
queued,1978BRO/HAR2539-2542:4,1978BRO/HAR2539-2542,4,https://kinetics.nist.gov/solution/Detail?id=1978BRO/HAR2539-2542:4,queued,,,2026-06-30T12:12:12.275819+00:00,,missing_record
queued,1978BRO/HAR2539-2542:5,1978BRO/HAR2539-2542,5,https://kinetics.nist.gov/solution/Detail?id=1978BRO/HAR2539-2542:5,queued,,,2026-06-30T12:12:12.280551+00:00,,missing_record
queued,1978BRO/HAR2539-2542:6,1978BRO/HAR2539-2542,6,https://kinetics.nist.gov/solution/Detail?id=1978BRO/HAR2539-2542:6,queued,,,2026-06-30T12:12:12.284631+00:00,,missing_record
queued,1978BRO/HAR2539-2542:7,1978BRO/HAR2539-2542,7,https://kinetics.nist.gov/solution/Detail?id=1978BRO/HAR2539-2542:7,queued,,,2026-06-30T12:12:12.288653+00:00,,missing_record
queued,1978BRO/HAR2539-2542:8,1978BRO/HAR2539-2542,8,https://kinetics.nist.gov/solution/Detail?id=1978BRO/HAR2539-2542:8,queued,,,2026-06-30T12:12:12.292726+00:00,,missing_record
queued,1978JOS/RUS205-229:2,1978JOS/RUS205-229,2,https://kinetics.nist.gov/solution/Detail?id=1978JOS/RUS205-229:2,queued,,,2026-06-30T12:12:34.683599+00:00,,missing_record
queued,1978JOS/RUS205-229:3,1978JOS/RUS205-229,3,https://kinetics.nist.gov/solution/Detail?id=1978JOS/RUS205-229:3,queued,,,2026-06-30T12:12:34.686535+00:00,,missing_record
queued,1978JOS/RUS205-229:4,1978JOS/RUS205-229,4,https://kinetics.nist.gov/solution/Detail?id=1978JOS/RUS205-229:4,queued,,,2026-06-30T12:12:34.689647+00:00,,missing_record
queued,1978JOS/RUS205-229:5,1978JOS/RUS205-229,5,https://kinetics.nist.gov/solution/Detail?id=1978JOS/RUS205-229:5,queued,,,2026-06-30T12:12:34.693120+00:00,,missing_record
queued,1978JOS/RUS205-229:6,1978JOS/RUS205-229,6,https://kinetics.nist.gov/solution/Detail?id=1978JOS/RUS205-229:6,queued,,,2026-06-30T12:12:34.696410+00:00,,missing_record
queued,1978JOS/RUS205-229:7,1978JOS/RUS205-229,7,https://kinetics.nist.gov/solution/Detail?id=1978JOS/RUS205-229:7,queued,,,2026-06-30T12:12:34.699650+00:00,,missing_record
queued,1978JOS/RUS205-229:8,1978JOS/RUS205-229,8,https://kinetics.nist.gov/solution/Detail?id=1978JOS/RUS205-229:8,queued,,,2026-06-30T12:12:34.702908+00:00,,missing_record
queued,1978KAL/KIW2720-2730:1,1978KAL/KIW2720-2730,1,https://kinetics.nist.gov/solution/Detail?id=1978KAL/KIW2720-2730:1,queued,500,"reset retryable HTTP status from boundary probe",2026-06-25T15:22:47.446712+00:00,data/new_solution/boundary_probe/boundary_20260625_152102/boundary_detail_1978KAL_KIW2720-2730_1_20260625T152138_1f04fd9dd3da.html,missing_record
queued,1978MAD/LEV15-22:2,1978MAD/LEV15-22,2,https://kinetics.nist.gov/solution/Detail?id=1978MAD/LEV15-22:2,queued,,,2026-06-30T12:12:52.700846+00:00,,missing_record
queued,1978MAD/LEV15-22:3,1978MAD/LEV15-22,3,https://kinetics.nist.gov/solution/Detail?id=1978MAD/LEV15-22:3,queued,,,2026-06-30T12:12:52.703560+00:00,,missing_record
queued,1978MAD/LEV15-22:4,1978MAD/LEV15-22,4,https://kinetics.nist.gov/solution/Detail?id=1978MAD/LEV15-22:4,queued,,,2026-06-30T12:12:52.706414+00:00,,missing_record
queued,1978MAD/LEV15-22:5,1978MAD/LEV15-22,5,https://kinetics.nist.gov/solution/Detail?id=1978MAD/LEV15-22:5,queued,,,2026-06-30T12:12:52.709763+00:00,,missing_record
queued,1978MAD/LEV15-22:6,1978MAD/LEV15-22,6,https://kinetics.nist.gov/solution/Detail?id=1978MAD/LEV15-22:6,queued,,,2026-06-30T12:12:52.712873+00:00,,missing_record
queued,1978MAD/LEV15-22:7,1978MAD/LEV15-22,7,https://kinetics.nist.gov/solution/Detail?id=1978MAD/LEV15-22:7,queued,,,2026-06-30T12:12:52.716322+00:00,,missing_record
queued,1978MAD/LEV15-22:8,1978MAD/LEV15-22,8,https://kinetics.nist.gov/solution/Detail?id=1978MAD/LEV15-22:8,queued,,,2026-06-30T12:12:52.719060+00:00,,missing_record
queued,1978MER/HER350-354:2,1978MER/HER350-354,2,https://kinetics.nist.gov/solution/Detail?id=1978MER/HER350-354:2,queued,,,2026-06-30T12:13:16.295936+00:00,,missing_record
queued,1978MER/HER350-354:3,1978MER/HER350-354,3,https://kinetics.nist.gov/solution/Detail?id=1978MER/HER350-354:3,queued,,,2026-06-30T12:13:16.300100+00:00,,missing_record
queued,1978MER/HER350-354:4,1978MER/HER350-354,4,https://kinetics.nist.gov/solution/Detail?id=1978MER/HER350-354:4,queued,,,2026-06-30T12:13:16.304672+00:00,,missing_record
queued,1978MER/HER350-354:5,1978MER/HER350-354,5,https://kinetics.nist.gov/solution/Detail?id=1978MER/HER350-354:5,queued,,,2026-06-30T12:13:16.307460+00:00,,missing_record
queued,1978MER/HER350-354:6,1978MER/HER350-354,6,https://kinetics.nist.gov/solution/Detail?id=1978MER/HER350-354:6,queued,,,2026-06-30T12:13:16.310053+00:00,,missing_record
queued,1978MER/HER350-354:7,1978MER/HER350-354,7,https://kinetics.nist.gov/solution/Detail?id=1978MER/HER350-354:7,queued,,,2026-06-30T12:13:16.313473+00:00,,missing_record
queued,1978MER/HER350-354:8,1978MER/HER350-354,8,https://kinetics.nist.gov/solution/Detail?id=1978MER/HER350-354:8,queued,,,2026-06-30T12:13:16.316139+00:00,,missing_record
queued,1978RAB/MAT1-10:2,1978RAB/MAT1-10,2,https://kinetics.nist.gov/solution/Detail?id=1978RAB/MAT1-10:2,queued,,,2026-06-30T12:15:53.823949+00:00,,missing_record
queued,1978RAB/MAT1-10:3,1978RAB/MAT1-10,3,https://kinetics.nist.gov/solution/Detail?id=1978RAB/MAT1-10:3,queued,,,2026-06-30T12:15:53.827386+00:00,,missing_record
queued,1978RAB/MAT1-10:4,1978RAB/MAT1-10,4,https://kinetics.nist.gov/solution/Detail?id=1978RAB/MAT1-10:4,queued,,,2026-06-30T12:15:53.830792+00:00,,missing_record
queued,1978RAB/MAT1-10:5,1978RAB/MAT1-10,5,https://kinetics.nist.gov/solution/Detail?id=1978RAB/MAT1-10:5,queued,,,2026-06-30T12:15:53.833948+00:00,,missing_record
queued,1978RAB/MAT1-10:6,1978RAB/MAT1-10,6,https://kinetics.nist.gov/solution/Detail?id=1978RAB/MAT1-10:6,queued,,,2026-06-30T12:15:53.837038+00:00,,missing_record
queued,1978RAB/MAT1-10:7,1978RAB/MAT1-10,7,https://kinetics.nist.gov/solution/Detail?id=1978RAB/MAT1-10:7,queued,,,2026-06-30T12:15:53.840056+00:00,,missing_record
queued,1978RAB/MAT1-10:8,1978RAB/MAT1-10,8,https://kinetics.nist.gov/solution/Detail?id=1978RAB/MAT1-10:8,queued,,,2026-06-30T12:15:53.842913+00:00,,missing_record
queued,1978SCH/SUL429-434:1,1978SCH/SUL429-434,1,https://kinetics.nist.gov/solution/Detail?id=1978SCH/SUL429-434:1,queued,,,2026-06-30T12:16:12.800189+00:00,,missing_record
queued,1978SCH/SUL429-434:2,1978SCH/SUL429-434,2,https://kinetics.nist.gov/solution/Detail?id=1978SCH/SUL429-434:2,queued,,,2026-06-30T12:16:12.803861+00:00,,missing_record
queued,1978SCH/SUL429-434:3,1978SCH/SUL429-434,3,https://kinetics.nist.gov/solution/Detail?id=1978SCH/SUL429-434:3,queued,,,2026-06-30T12:16:12.806492+00:00,,missing_record
queued,1978SCH/SUL429-434:4,1978SCH/SUL429-434,4,https://kinetics.nist.gov/solution/Detail?id=1978SCH/SUL429-434:4,queued,,,2026-06-30T12:16:12.809793+00:00,,missing_record
queued,1978SCH/SUL429-434:5,1978SCH/SUL429-434,5,https://kinetics.nist.gov/solution/Detail?id=1978SCH/SUL429-434:5,queued,,,2026-06-30T12:16:12.813783+00:00,,missing_record
queued,1978SCH/SUL429-434:6,1978SCH/SUL429-434,6,https://kinetics.nist.gov/solution/Detail?id=1978SCH/SUL429-434:6,queued,,,2026-06-30T12:16:12.817504+00:00,,missing_record
queued,1978SCH/SUL429-434:7,1978SCH/SUL429-434,7,https://kinetics.nist.gov/solution/Detail?id=1978SCH/SUL429-434:7,queued,,,2026-06-30T12:16:12.819890+00:00,,missing_record
queued,1978SCH/SUL429-434:8,1978SCH/SUL429-434,8,https://kinetics.nist.gov/solution/Detail?id=1978SCH/SUL429-434:8,queued,,,2026-06-30T12:16:12.822089+00:00,,missing_record
queued,1978SUB/KAU1341-1344:2,1978SUB/KAU1341-1344,2,https://kinetics.nist.gov/solution/Detail?id=1978SUB/KAU1341-1344:2,queued,,,2026-06-30T12:16:31.760834+00:00,,missing_record
queued,1978SUB/KAU1341-1344:3,1978SUB/KAU1341-1344,3,https://kinetics.nist.gov/solution/Detail?id=1978SUB/KAU1341-1344:3,queued,,,2026-06-30T12:16:31.763700+00:00,,missing_record
queued,1978SUB/KAU1341-1344:4,1978SUB/KAU1341-1344,4,https://kinetics.nist.gov/solution/Detail?id=1978SUB/KAU1341-1344:4,queued,,,2026-06-30T12:16:31.766994+00:00,,missing_record
queued,1978SUB/KAU1341-1344:5,1978SUB/KAU1341-1344,5,https://kinetics.nist.gov/solution/Detail?id=1978SUB/KAU1341-1344:5,queued,,,2026-06-30T12:16:31.769784+00:00,,missing_record
queued,1978SUB/KAU1341-1344:6,1978SUB/KAU1341-1344,6,https://kinetics.nist.gov/solution/Detail?id=1978SUB/KAU1341-1344:6,queued,,,2026-06-30T12:16:31.772789+00:00,,missing_record
queued,1978SUB/KAU1341-1344:7,1978SUB/KAU1341-1344,7,https://kinetics.nist.gov/solution/Detail?id=1978SUB/KAU1341-1344:7,queued,,,2026-06-30T12:16:31.775716+00:00,,missing_record
queued,1978SUB/KAU1341-1344:8,1978SUB/KAU1341-1344,8,https://kinetics.nist.gov/solution/Detail?id=1978SUB/KAU1341-1344:8,queued,,,2026-06-30T12:16:31.778491+00:00,,missing_record
queued,1978SUT/SED1961-1964:2,1978SUT/SED1961-1964,2,https://kinetics.nist.gov/solution/Detail?id=1978SUT/SED1961-1964:2,queued,,,2026-06-30T12:16:52.032302+00:00,,missing_record
queued,1978SUT/SED1961-1964:3,1978SUT/SED1961-1964,3,https://kinetics.nist.gov/solution/Detail?id=1978SUT/SED1961-1964:3,queued,,,2026-06-30T12:16:52.037603+00:00,,missing_record
queued,1978SUT/SED1961-1964:4,1978SUT/SED1961-1964,4,https://kinetics.nist.gov/solution/Detail?id=1978SUT/SED1961-1964:4,queued,,,2026-06-30T12:16:52.042611+00:00,,missing_record
queued,1978SUT/SED1961-1964:5,1978SUT/SED1961-1964,5,https://kinetics.nist.gov/solution/Detail?id=1978SUT/SED1961-1964:5,queued,,,2026-06-30T12:16:52.047189+00:00,,missing_record
queued,1978SUT/SED1961-1964:6,1978SUT/SED1961-1964,6,https://kinetics.nist.gov/solution/Detail?id=1978SUT/SED1961-1964:6,queued,,,2026-06-30T12:16:52.051697+00:00,,missing_record
queued,1978SUT/SED1961-1964:7,1978SUT/SED1961-1964,7,https://kinetics.nist.gov/solution/Detail?id=1978SUT/SED1961-1964:7,queued,,,2026-06-30T12:16:52.055352+00:00,,missing_record
queued,1978SUT/SED1961-1964:8,1978SUT/SED1961-1964,8,https://kinetics.nist.gov/solution/Detail?id=1978SUT/SED1961-1964:8,queued,,,2026-06-30T12:16:52.059180+00:00,,missing_record
queued,1978WIE/COH388-392:1,1978WIE/COH388-392,1,https://kinetics.nist.gov/solution/Detail?id=1978WIE/COH388-392:1,queued,,,2026-06-30T12:17:12.057920+00:00,,missing_record
queued,1978WIE/COH388-392:2,1978WIE/COH388-392,2,https://kinetics.nist.gov/solution/Detail?id=1978WIE/COH388-392:2,queued,,,2026-06-30T12:17:12.061489+00:00,,missing_record
queued,1978WIE/COH388-392:3,1978WIE/COH388-392,3,https://kinetics.nist.gov/solution/Detail?id=1978WIE/COH388-392:3,queued,,,2026-06-30T12:17:12.064724+00:00,,missing_record
queued,1978WIE/COH388-392:4,1978WIE/COH388-392,4,https://kinetics.nist.gov/solution/Detail?id=1978WIE/COH388-392:4,queued,,,2026-06-30T12:17:12.068276+00:00,,missing_record
queued,1978WIE/COH388-392:5,1978WIE/COH388-392,5,https://kinetics.nist.gov/solution/Detail?id=1978WIE/COH388-392:5,queued,,,2026-06-30T12:17:12.071372+00:00,,missing_record
queued,1978WIE/COH388-392:6,1978WIE/COH388-392,6,https://kinetics.nist.gov/solution/Detail?id=1978WIE/COH388-392:6,queued,,,2026-06-30T12:17:12.074712+00:00,,missing_record
queued,1978WIE/COH388-392:7,1978WIE/COH388-392,7,https://kinetics.nist.gov/solution/Detail?id=1978WIE/COH388-392:7,queued,,,2026-06-30T12:17:12.077063+00:00,,missing_record
queued,1978WIE/COH388-392:8,1978WIE/COH388-392,8,https://kinetics.nist.gov/solution/Detail?id=1978WIE/COH388-392:8,queued,,,2026-06-30T12:17:12.079373+00:00,,missing_record
queued,1978ZEM/FES2670-2676:1,1978ZEM/FES2670-2676,1,https://kinetics.nist.gov/solution/Detail?id=1978ZEM/FES2670-2676:1,queued,,,2026-06-25T08:41:28.326530+00:00,,missing_record
queued,1979FER/HAR874-879:5,1979FER/HAR874-879,5,https://kinetics.nist.gov/solution/Detail?id=1979FER/HAR874-879:5,queued,,,2026-06-30T15:20:38.284876+00:00,,missing_record
queued,1979NET/SCH3624-3629:1,1979NET/SCH3624-3629,1,https://kinetics.nist.gov/solution/Detail?id=1979NET/SCH3624-3629:1,queued,,,2026-06-25T08:40:01.660326+00:00,,missing_record
queued,1979PIN/JOR3191-3194:1,1979PIN/JOR3191-3194,1,https://kinetics.nist.gov/solution/Detail?id=1979PIN/JOR3191-3194:1,queued,,,2026-06-25T08:55:49.315502+00:00,,missing_record
queued,1979SCH/VON780-784:1,1979SCH/VON780-784,1,https://kinetics.nist.gov/solution/Detail?id=1979SCH/VON780-784:1,queued,,,2026-06-25T08:41:28.320811+00:00,,missing_record
queued,1980HEN253-259:1,1980HEN253-259,1,https://kinetics.nist.gov/solution/Detail?id=1980HEN253-259:1,queued,,,2026-06-25T08:54:34.800470+00:00,,missing_record
queued,1980PAC/HEI965-977:1,1980PAC/HEI965-977,1,https://kinetics.nist.gov/solution/Detail?id=1980PAC/HEI965-977:1,queued,,,2026-06-25T10:22:25.452816+00:00,,missing_record
queued,1981FRY/MUU365-371:1,1981FRY/MUU365-371,1,https://kinetics.nist.gov/solution/Detail?id=1981FRY/MUU365-371:1,queued,,,2026-06-25T12:07:00.883719+00:00,,missing_record
queued,1981HAR/POR833-844:2,1981HAR/POR833-844,2,https://kinetics.nist.gov/solution/Detail?id=1981HAR/POR833-844:2,queued,,,2026-06-30T15:20:48.512228+00:00,,missing_record
queued,1981MEI/MUL179-187:1,1981MEI/MUL179-187,1,https://kinetics.nist.gov/solution/Detail?id=1981MEI/MUL179-187:1,queued,,,2026-06-25T08:41:28.305318+00:00,,missing_record
queued,1981MUR/FER2306-2311:1,1981MUR/FER2306-2311,1,https://kinetics.nist.gov/solution/Detail?id=1981MUR/FER2306-2311:1,queued,,,2026-06-25T08:55:49.304834+00:00,,missing_record
queued,1981THO1005-1010:2,1981THO1005-1010,2,https://kinetics.nist.gov/solution/Detail?id=1981THO1005-1010:2,queued,500,"reset retryable HTTP status from boundary probe",2026-06-25T15:22:47.446712+00:00,data/new_solution/boundary_probe/boundary_20260625_152102/boundary_detail_1981THO1005-1010_2_20260625T152110_d49cb0c3e54d.html,missing_record
queued,1982AMO/ZID117-124:1,1982AMO/ZID117-124,1,https://kinetics.nist.gov/solution/Detail?id=1982AMO/ZID117-124:1,queued,,,2026-06-25T09:12:16.517173+00:00,,missing_record
queued,1982BIE81-100:1,1982BIE81-100,1,https://kinetics.nist.gov/solution/Detail?id=1982BIE81-100:1,queued,,,2026-06-25T10:19:03.946151+00:00,,missing_record
queued,1982BUT/LAN150-162:1,1982BUT/LAN150-162,1,https://kinetics.nist.gov/solution/Detail?id=1982BUT/LAN150-162:1,queued,500,"reset retryable HTTP status from boundary probe",2026-06-25T15:22:47.446712+00:00,data/new_solution/boundary_probe/boundary_20260625_121139/boundary_detail_1982BUT_LAN150-162_1_20260625T121821_fc9a050e4dc7.html,missing_record
queued,1982GIL/NOR1439-1445:1,1982GIL/NOR1439-1445,1,https://kinetics.nist.gov/solution/Detail?id=1982GIL/NOR1439-1445:1,queued,500,"reset retryable HTTP status from boundary probe",2026-06-25T15:22:47.446712+00:00,data/new_solution/boundary_probe/boundary_20260625_121139/boundary_detail_1982GIL_NOR1439-1445_1_20260625T121453_23cea4ec92a0.html,missing_record
queued,1982KOR/KHU471-474:1,1982KOR/KHU471-474,1,https://kinetics.nist.gov/solution/Detail?id=1982KOR/KHU471-474:1,queued,,,2026-06-25T09:11:07.498467+00:00,,missing_record
queued,1982KOR/KHU471-474:2,1982KOR/KHU471-474,2,https://kinetics.nist.gov/solution/Detail?id=1982KOR/KHU471-474:2,queued,,,2026-06-30T15:20:44.295122+00:00,,missing_record
queued,1982MAD/FES2578-2581:1,1982MAD/FES2578-2581,1,https://kinetics.nist.gov/solution/Detail?id=1982MAD/FES2578-2581:1,queued,500,"reset retryable HTTP status from boundary probe",2026-06-25T15:22:47.446712+00:00,data/new_solution/boundary_probe/boundary_20260625_121139/boundary_detail_1982MAD_FES2578-2581_1_20260625T121227_46c85b9a95d2.html,missing_record
queued,1982OHN/KAT2753-2759:1,1982OHN/KAT2753-2759,1,https://kinetics.nist.gov/solution/Detail?id=1982OHN/KAT2753-2759:1,queued,500,"reset retryable HTTP status from boundary probe",2026-06-25T15:22:47.446712+00:00,data/new_solution/boundary_probe/boundary_20260625_140556/boundary_detail_1982OHN_KAT2753-2759_1_20260625T140728_7940167de7f4.html,missing_record
queued,1982RYA/ESP527-530:1,1982RYA/ESP527-530,1,https://kinetics.nist.gov/solution/Detail?id=1982RYA/ESP527-530:1,queued,,,2026-06-30T15:20:50.119031+00:00,,missing_record
queued,1982RYA/ESP527-530:2,1982RYA/ESP527-530,2,https://kinetics.nist.gov/solution/Detail?id=1982RYA/ESP527-530:2,queued,,,2026-06-30T15:20:50.126796+00:00,,missing_record
queued,1982RYA/ESP527-530:3,1982RYA/ESP527-530,3,https://kinetics.nist.gov/solution/Detail?id=1982RYA/ESP527-530:3,queued,,,2026-06-30T15:20:50.122929+00:00,,missing_record
queued,1983BAL/FER3990-3992:1,1983BAL/FER3990-3992,1,https://kinetics.nist.gov/solution/Detail?id=1983BAL/FER3990-3992:1,queued,,,2026-06-25T08:55:49.291632+00:00,,missing_record
queued,1983CHE/ESP1651-1655:1,1983CHE/ESP1651-1655,1,https://kinetics.nist.gov/solution/Detail?id=1983CHE/ESP1651-1655:1,queued,,,2026-06-25T08:55:49.289179+00:00,,missing_record
queued,1983FIT/GOO2169-2173:4,1983FIT/GOO2169-2173,4,https://kinetics.nist.gov/solution/Detail?id=1983FIT/GOO2169-2173:4,queued,,,2026-06-30T15:20:49.411161+00:00,,missing_record
queued,1983SCH/VON1525-1531:1,1983SCH/VON1525-1531,1,https://kinetics.nist.gov/solution/Detail?id=1983SCH/VON1525-1531:1,queued,500,"reset retryable HTTP status from boundary probe",2026-06-25T15:22:47.446712+00:00,data/new_solution/boundary_probe/boundary_20260625_121139/boundary_detail_1983SCH_VON1525-1531_1_20260625T121301_74e6d3cf5653.html,missing_record
queued,1984NGU/SCA371-377:1,1984NGU/SCA371-377,1,https://kinetics.nist.gov/solution/Detail?id=1984NGU/SCA371-377:1,queued,500,"reset retryable HTTP status from boundary probe",2026-06-25T15:22:47.446712+00:00,data/new_solution/boundary_probe/boundary_20260625_121139/boundary_detail_1984NGU_SCA371-377_1_20260625T121654_5ef2825faad5.html,missing_record
queued,1984SAN/GAN3017-3023:1,1984SAN/GAN3017-3023,1,https://kinetics.nist.gov/solution/Detail?id=1984SAN/GAN3017-3023:1,queued,,,2026-06-25T08:55:49.271445+00:00,,missing_record
queued,1984SCH/VON699-704:1,1984SCH/VON699-704,1,https://kinetics.nist.gov/solution/Detail?id=1984SCH/VON699-704:1,queued,500,"reset retryable HTTP status from boundary probe",2026-06-25T15:22:47.446712+00:00,data/new_solution/boundary_probe/boundary_20260625_121139/boundary_detail_1984SCH_VON699-704_1_20260625T121212_7d534ae87068.html,missing_record
queued,1984VEN/MUL912-918:1,1984VEN/MUL912-918,1,https://kinetics.nist.gov/solution/Detail?id=1984VEN/MUL912-918:1,queued,,,2026-06-25T08:41:28.288821+00:00,,missing_record
queued,1984WU/FIS1111-1115:1,1984WU/FIS1111-1115,1,https://kinetics.nist.gov/solution/Detail?id=1984WU/FIS1111-1115:1,queued,,,2026-06-25T08:53:10.270296+00:00,,missing_record
queued,1985BAL/HEI4596-4600:1,1985BAL/HEI4596-4600,1,https://kinetics.nist.gov/solution/Detail?id=1985BAL/HEI4596-4600:1,queued,500,"reset retryable HTTP status from boundary probe",2026-06-25T15:22:47.446712+00:00,data/new_solution/boundary_probe/boundary_20260625_140556/boundary_detail_1985BAL_HEI4596-4600_1_20260625T140612_df77c38edd2b.html,missing_record
queued,1985BUR/DOB7053-7065:1,1985BUR/DOB7053-7065,1,https://kinetics.nist.gov/solution/Detail?id=1985BUR/DOB7053-7065:1,queued,,,2026-06-25T08:40:01.610642+00:00,,missing_record
queued,1985ELA/WIL2053-2057:1,1985ELA/WIL2053-2057,1,https://kinetics.nist.gov/solution/Detail?id=1985ELA/WIL2053-2057:1,queued,500,"reset retryable HTTP status from boundary probe",2026-06-25T15:22:47.446712+00:00,data/new_solution/boundary_probe/boundary_20260625_121139/boundary_detail_1985ELA_WIL2053-2057_1_20260625T121845_0ecb5cc6dd3d.html,missing_record
queued,1985LER/TAK739-746:1,1985LER/TAK739-746,1,https://kinetics.nist.gov/solution/Detail?id=1985LER/TAK739-746:1,queued,500,"reset retryable HTTP status from boundary probe",2026-06-25T15:22:47.446712+00:00,data/new_solution/boundary_probe/boundary_20260625_140556/boundary_detail_1985LER_TAK739-746_1_20260625T140659_b2a271bb0c9a.html,missing_record
queued,1985RAV/BLI1273-1281:1,1985RAV/BLI1273-1281,1,https://kinetics.nist.gov/solution/Detail?id=1985RAV/BLI1273-1281:1,queued,,,2026-06-25T08:57:29.015513+00:00,,missing_record
queued,1985SUR/BAD1357-1364:1,1985SUR/BAD1357-1364,1,https://kinetics.nist.gov/solution/Detail?id=1985SUR/BAD1357-1364:1,queued,500,"reset retryable HTTP status from boundary probe",2026-06-25T15:22:47.446712+00:00,data/new_solution/boundary_probe/boundary_20260625_121139/boundary_detail_1985SUR_BAD1357-1364_1_20260625T121340_da0ea031f160.html,missing_record
queued,1986BAZ/SAN235-242:1,1986BAZ/SAN235-242,1,https://kinetics.nist.gov/solution/Detail?id=1986BAZ/SAN235-242:1,queued,,,2026-06-25T08:55:29.597186+00:00,,missing_record
queued,1986CON/ESP1070-1072:1,1986CON/ESP1070-1072,1,https://kinetics.nist.gov/solution/Detail?id=1986CON/ESP1070-1072:1,queued,500,"reset retryable HTTP status from boundary probe",2026-06-25T15:22:47.446712+00:00,data/new_solution/boundary_probe/boundary_20260625_121139/boundary_detail_1986CON_ESP1070-1072_1_20260625T121237_1b1bb5072c09.html,missing_record
queued,1986JOR/FER557-558:1,1986JOR/FER557-558,1,https://kinetics.nist.gov/solution/Detail?id=1986JOR/FER557-558:1,queued,,,2026-06-25T08:51:56.487871+00:00,,missing_record
queued,1986RAM/STA3691-3696:1,1986RAM/STA3691-3696,1,https://kinetics.nist.gov/solution/Detail?id=1986RAM/STA3691-3696:1,queued,,,2026-06-25T08:41:28.256268+00:00,,missing_record
queued,1986ZIM/KOS171-175:1,1986ZIM/KOS171-175,1,https://kinetics.nist.gov/solution/Detail?id=1986ZIM/KOS171-175:1,queued,,,2026-06-25T08:57:05.191727+00:00,,missing_record
queued,1987BAK/ESP4096-4099:1,1987BAK/ESP4096-4099,1,https://kinetics.nist.gov/solution/Detail?id=1987BAK/ESP4096-4099:1,queued,500,"reset retryable HTTP status from boundary probe",2026-06-25T15:22:47.446712+00:00,data/new_solution/boundary_probe/boundary_20260625_121139/boundary_detail_1987BAK_ESP4096-4099_1_20260625T121409_e30d52a6804d.html,missing_record
queued,1987BAL/BLI1439-1442:1,1987BAL/BLI1439-1442,1,https://kinetics.nist.gov/solution/Detail?id=1987BAL/BLI1439-1442:1,queued,,,2026-06-25T08:55:49.244133+00:00,,missing_record
queued,1987BOR/SAR289-294:1,1987BOR/SAR289-294,1,https://kinetics.nist.gov/solution/Detail?id=1987BOR/SAR289-294:1,queued,,,2026-06-25T09:13:26.439122+00:00,,missing_record
queued,1987GOU/KIR14-18:2,1987GOU/KIR14-18,2,https://kinetics.nist.gov/solution/Detail?id=1987GOU/KIR14-18:2,queued,500,"reset retryable HTTP status from boundary probe",2026-06-25T15:22:47.446712+00:00,data/new_solution/boundary_probe/boundary_20260625_121139/boundary_detail_1987GOU_KIR14-18_2_20260625T121144_e9a4a18f88b1.html,missing_record
queued,1987OLS/ROH12930-12938:1,1987OLS/ROH12930-12938,1,https://kinetics.nist.gov/solution/Detail?id=1987OLS/ROH12930-12938:1,queued,500,"reset retryable HTTP status from boundary probe",2026-06-25T15:22:47.446712+00:00,data/new_solution/boundary_probe/boundary_20260625_121139/boundary_detail_1987OLS_ROH12930-12938_1_20260625T121610_baac918a827e.html,missing_record
queued,1987QIN/TRI1905-1910:1,1987QIN/TRI1905-1910,1,https://kinetics.nist.gov/solution/Detail?id=1987QIN/TRI1905-1910:1,queued,,,2026-06-25T08:41:28.249730+00:00,,missing_record
queued,1988NAH4359-4366:1,1988NAH4359-4366,1,https://kinetics.nist.gov/solution/Detail?id=1988NAH4359-4366:1,queued,500,"reset retryable HTTP status from boundary probe",2026-06-25T15:22:47.446712+00:00,data/new_solution/boundary_probe/boundary_20260625_121139/boundary_detail_1988NAH4359-4366_1_20260625T121355_109fb970ed17.html,missing_record
queued,1988SUB/RAJ4631-4636:1,1988SUB/RAJ4631-4636,1,https://kinetics.nist.gov/solution/Detail?id=1988SUB/RAJ4631-4636:1,queued,500,"reset retryable HTTP status from boundary probe",2026-06-25T15:22:47.446712+00:00,data/new_solution/boundary_probe/boundary_20260625_121139/boundary_detail_1988SUB_RAJ4631-4636_1_20260625T121709_c2025c5b2bd0.html,missing_record
queued,1989CRE/SCH1153-1154:1,1989CRE/SCH1153-1154,1,https://kinetics.nist.gov/solution/Detail?id=1989CRE/SCH1153-1154:1,queued,,,2026-06-25T08:40:01.596636+00:00,,missing_record
queued,1989SCH/SCH5320-5323:1,1989SCH/SCH5320-5323,1,https://kinetics.nist.gov/solution/Detail?id=1989SCH/SCH5320-5323:1,queued,,,2026-06-25T08:41:28.222223+00:00,,missing_record
queued,1989WAL/LIL2247-2256:10,1989WAL/LIL2247-2256,10,https://kinetics.nist.gov/solution/Detail?id=1989WAL/LIL2247-2256:10,queued,,,2026-06-30T15:20:50.581808+00:00,,missing_record
queued,1989WAL/LIL2247-2256:11,1989WAL/LIL2247-2256,11,https://kinetics.nist.gov/solution/Detail?id=1989WAL/LIL2247-2256:11,queued,,,2026-06-30T15:20:50.589945+00:00,,missing_record
queued,1990ALK/ONE6666-6670:1,1990ALK/ONE6666-6670,1,https://kinetics.nist.gov/solution/Detail?id=1990ALK/ONE6666-6670:1,queued,,,2026-06-25T08:41:28.218707+00:00,,missing_record
queued,1990BIG/CRA619-622:2,1990BIG/CRA619-622,2,https://kinetics.nist.gov/solution/Detail?id=1990BIG/CRA619-622:2,queued,,,2026-06-30T15:20:54.780890+00:00,,missing_record
queued,1990GOG/SHI412-414:1,1990GOG/SHI412-414,1,https://kinetics.nist.gov/solution/Detail?id=1990GOG/SHI412-414:1,queued,,,2026-06-25T12:01:36.382454+00:00,,missing_record
queued,1990LAM/PER6141-6144:2,1990LAM/PER6141-6144,2,https://kinetics.nist.gov/solution/Detail?id=1990LAM/PER6141-6144:2,queued,,,2026-06-30T15:20:37.870716+00:00,,missing_record
queued,1990PAC/AND533-536:1,1990PAC/AND533-536,1,https://kinetics.nist.gov/solution/Detail?id=1990PAC/AND533-536:1,queued,,,2026-06-25T08:51:56.478284+00:00,,missing_record
queued,1991BAR/DEL65-70:3,1991BAR/DEL65-70,3,https://kinetics.nist.gov/solution/Detail?id=1991BAR/DEL65-70:3,queued,500,"reset retryable HTTP status from boundary probe",2026-06-25T15:22:47.446712+00:00,data/new_solution/boundary_probe/boundary_20260625_140556/boundary_detail_1991BAR_DEL65-70_3_20260625T140604_bc33b7516f80.html,missing_record
queued,1991KHU/SAF1625-1629:1,1991KHU/SAF1625-1629,1,https://kinetics.nist.gov/solution/Detail?id=1991KHU/SAF1625-1629:1,queued,,,2026-06-25T10:26:49.715439+00:00,,missing_record
queued,1992ALK/ONE657-661:1,1992ALK/ONE657-661,1,https://kinetics.nist.gov/solution/Detail?id=1992ALK/ONE657-661:1,queued,,,2026-06-25T08:54:01.263460+00:00,,missing_record
queued,1992MAY/LEM579-585:2,1992MAY/LEM579-585,2,https://kinetics.nist.gov/solution/Detail?id=1992MAY/LEM579-585:2,queued,,,2026-06-30T15:20:52.746054+00:00,,missing_record
queued,1993ALB/BOR691-695:1,1993ALB/BOR691-695,1,https://kinetics.nist.gov/solution/Detail?id=1993ALB/BOR691-695:1,queued,,,2026-06-25T08:54:01.258707+00:00,,missing_record
queued,1994ERS/SUK820-824:3,1994ERS/SUK820-824,3,https://kinetics.nist.gov/solution/Detail?id=1994ERS/SUK820-824:3,queued,,,2026-06-30T15:20:42.813638+00:00,,missing_record
queued,1994FAR/KLA1062-1069:1,1994FAR/KLA1062-1069,1,https://kinetics.nist.gov/solution/Detail?id=1994FAR/KLA1062-1069:1,queued,,,2026-06-25T10:20:16.925763+00:00,,missing_record
queued,1994ZIA/BEE2549-2552:1,1994ZIA/BEE2549-2552,1,https://kinetics.nist.gov/solution/Detail?id=1994ZIA/BEE2549-2552:1,queued,500,"reset retryable HTTP status from boundary probe",2026-06-25T15:22:47.446712+00:00,data/new_solution/boundary_probe/boundary_20260625_140556/boundary_detail_1994ZIA_BEE2549-2552_1_20260625T140704_623f4fa59f83.html,missing_record
queued,1995BUX/MUL1055-1349:1,1995BUX/MUL1055-1349,1,https://kinetics.nist.gov/solution/Detail?id=1995BUX/MUL1055-1349:1,queued,,,2026-06-25T08:41:28.098316+00:00,,missing_record
queued,1995WAN/LUO41-45:1,1995WAN/LUO41-45,1,https://kinetics.nist.gov/solution/Detail?id=1995WAN/LUO41-45:1,queued,,,2026-06-25T08:51:56.359342+00:00,,missing_record
registry_error,1963ROS/HAY2790-2794:1,1963ROS/HAY2790-2794,1,https://kinetics.nist.gov/solution/Detail?id=1963ROS/HAY2790-2794:1,error,500,"retryable HTTP status 500",2026-06-27T10:41:30.252192+00:00,data/new_solution/boundary_probe/boundary_20260627_103328/boundary_detail_1963ROS_HAY2790-2794_1_20260627T104125_0f1f93443043.html,missing_record
registry_error,1965NAV/STE1384-1389:1,1965NAV/STE1384-1389,1,https://kinetics.nist.gov/solution/Detail?id=1965NAV/STE1384-1389:1,error,500,"retryable HTTP status 500",2026-06-30T11:58:47.258670+00:00,data/new_solution/boundary_probe/boundary_20260627_103328/boundary_detail_1965NAV_STE1384-1389_1_20260627T105643_5c196e18667e.html,missing_record
registry_error,1967FUK/GOR1362-1366:1,1967FUK/GOR1362-1366,1,https://kinetics.nist.gov/solution/Detail?id=1967FUK/GOR1362-1366:1,error,500,"retryable HTTP status 500",2026-06-27T10:43:27.305109+00:00,data/new_solution/boundary_probe/boundary_20260627_103328/boundary_detail_1967FUK_GOR1362-1366_1_20260627T104325_0fc75d1fe29a.html,missing_record
registry_error,1967HUL/DAV1163-1170:1,1967HUL/DAV1163-1170,1,https://kinetics.nist.gov/solution/Detail?id=1967HUL/DAV1163-1170:1,error,500,"retryable HTTP status 500",2026-06-30T11:59:31.089435+00:00,data/new_solution/boundary_probe/boundary_20260627_103328/boundary_detail_1967HUL_DAV1163-1170_1_20260627T105349_48ba333d5380.html,missing_record
registry_error,1967ROS/HUL1158-1163:1,1967ROS/HUL1158-1163,1,https://kinetics.nist.gov/solution/Detail?id=1967ROS/HUL1158-1163:1,error,500,"retryable HTTP status 500",2026-06-27T10:59:23.583199+00:00,data/new_solution/boundary_probe/boundary_20260627_103328/boundary_detail_1967ROS_HUL1158-1163_1_20260627T105921_6393ee0494ca.html,missing_record
registry_error,1968BEH/CZA43-51:1,1968BEH/CZA43-51,1,https://kinetics.nist.gov/solution/Detail?id=1968BEH/CZA43-51:1,error,500,"retryable HTTP status 500",2026-06-30T11:59:50.272526+00:00,data/new_solution/boundary_probe/boundary_20260627_103328/boundary_detail_1968BEH_CZA43-51_1_20260627T104031_ff9c9b86399f.html,missing_record
registry_error,1968BUX/DAI441-447:1,1968BUX/DAI441-447,1,https://kinetics.nist.gov/solution/Detail?id=1968BUX/DAI441-447:1,error,500,"retryable HTTP status 500",2026-06-30T12:00:13.039439+00:00,data/new_solution/boundary_probe/boundary_20260627_103328/boundary_detail_1968BUX_DAI441-447_1_20260627T105238_be42f20c6927.html,missing_record
registry_error,1968DOG/HAY1800-1807:1,1968DOG/HAY1800-1807,1,https://kinetics.nist.gov/solution/Detail?id=1968DOG/HAY1800-1807:1,error,500,"retryable HTTP status 500",2026-06-27T11:00:03.859677+00:00,data/new_solution/boundary_probe/boundary_20260627_103328/boundary_detail_1968DOG_HAY1800-1807_1_20260627T110001_b365ab0384ba.html,missing_record
registry_error,1969TRE/HAY538-539:1,1969TRE/HAY538-539,1,https://kinetics.nist.gov/solution/Detail?id=1969TRE/HAY538-539:1,error,500,"retryable HTTP status 500",2026-06-27T10:49:26.459147+00:00,data/new_solution/boundary_probe/boundary_20260627_103328/boundary_detail_1969TRE_HAY538-539_1_20260627T104924_7c30bbe1241d.html,missing_record
registry_error,1970CER/KON4319-4322:1,1970CER/KON4319-4322,1,https://kinetics.nist.gov/solution/Detail?id=1970CER/KON4319-4322:1,error,500,"retryable HTTP status 500",2026-06-27T10:57:24.587867+00:00,data/new_solution/boundary_probe/boundary_20260627_103328/boundary_detail_1970CER_KON4319-4322_1_20260627T105722_d35e2edc2bc7.html,missing_record
registry_error,1970STO/FOJ34-40:1,1970STO/FOJ34-40,1,https://kinetics.nist.gov/solution/Detail?id=1970STO/FOJ34-40:1,error,500,"retryable HTTP status 500",2026-06-30T12:01:33.028285+00:00,data/new_solution/boundary_probe/boundary_20260627_103328/boundary_detail_1970STO_FOJ34-40_1_20260627T104524_4507edff07e6.html,missing_record
registry_error,1970WIL1005:1,1970WIL1005,1,https://kinetics.nist.gov/solution/Detail?id=1970WIL1005:1,error,500,"retryable HTTP status 500",2026-06-27T10:59:55.870656+00:00,data/new_solution/boundary_probe/boundary_20260627_103328/boundary_detail_1970WIL1005_1_20260627T105953_0106c022721d.html,missing_record
registry_error,1971CER231-237:1,1971CER231-237,1,https://kinetics.nist.gov/solution/Detail?id=1971CER231-237:1,error,500,"retryable HTTP status 500",2026-06-27T10:33:28.940240+00:00,data/new_solution/boundary_probe/boundary_20260627_103328/boundary_detail_1971CER231-237_1_20260627T103328_ae90aa4e349d.html,missing_record
registry_error,1971FAR/ZEH2057-2067:1,1971FAR/ZEH2057-2067,1,https://kinetics.nist.gov/solution/Detail?id=1971FAR/ZEH2057-2067:1,error,500,"retryable HTTP status 500",2026-06-30T12:02:05.136165+00:00,data/new_solution/boundary_probe/boundary_20260627_103328/boundary_detail_1971FAR_ZEH2057-2067_1_20260627T104452_38f4ac5a60f2.html,missing_record
registry_error,1972BEH/FES1710-1721:1,1972BEH/FES1710-1721,1,https://kinetics.nist.gov/solution/Detail?id=1972BEH/FES1710-1721:1,error,500,"retryable HTTP status 500",2026-06-27T11:01:13.351308+00:00,data/new_solution/boundary_probe/boundary_20260627_103328/boundary_detail_1972BEH_FES1710-1721_1_20260627T110111_29182f2d0104.html,missing_record
registry_error,1972DAV/DEM3321-3325:1,1972DAV/DEM3321-3325,1,https://kinetics.nist.gov/solution/Detail?id=1972DAV/DEM3321-3325:1,error,500,"retryable HTTP status 500",2026-06-30T12:02:58.969978+00:00,data/new_solution/boundary_probe/boundary_20260627_103328/boundary_detail_1972DAV_DEM3321-3325_1_20260627T103858_e041f344c987.html,missing_record
registry_error,1972FAR/AMO353-358:1,1972FAR/AMO353-358,1,https://kinetics.nist.gov/solution/Detail?id=1972FAR/AMO353-358:1,error,500,"retryable HTTP status 500",2026-06-27T10:47:57.905876+00:00,data/new_solution/boundary_probe/boundary_20260627_103328/boundary_detail_1972FAR_AMO353-358_1_20260627T104755_0cf09a94e395.html,missing_record
registry_error,1972HOW/BEN2374-2377:1,1972HOW/BEN2374-2377,1,https://kinetics.nist.gov/solution/Detail?id=1972HOW/BEN2374-2377:1,error,500,"retryable HTTP status 500",2026-06-30T12:03:21.619125+00:00,data/new_solution/boundary_probe/boundary_20260627_103328/boundary_detail_1972HOW_BEN2374-2377_1_20260627T104707_9beca8971586.html,missing_record
registry_error,1972LIL/BEH2517-2520:1,1972LIL/BEH2517-2520,1,https://kinetics.nist.gov/solution/Detail?id=1972LIL/BEH2517-2520:1,error,500,"retryable HTTP status 500",2026-06-27T10:50:22.010858+00:00,data/new_solution/boundary_probe/boundary_20260627_103328/boundary_detail_1972LIL_BEH2517-2520_1_20260627T105019_8d6a6979980c.html,missing_record
registry_error,1972MAR/HAR9238-9240:1,1972MAR/HAR9238-9240,1,https://kinetics.nist.gov/solution/Detail?id=1972MAR/HAR9238-9240:1,error,500,"retryable HTTP status 500",2026-06-30T12:03:52.046983+00:00,data/new_solution/boundary_probe/boundary_20260627_103328/boundary_detail_1972MAR_HAR9238-9240_1_20260627T105228_6cb92895b432.html,missing_record
registry_error,1972OLM/KAR3305-3313:1,1972OLM/KAR3305-3313,1,https://kinetics.nist.gov/solution/Detail?id=1972OLM/KAR3305-3313:1,error,500,"retryable HTTP status 500",2026-06-30T12:04:04.911034+00:00,data/new_solution/boundary_probe/boundary_20260627_103328/boundary_detail_1972OLM_KAR3305-3313_1_20260627T104827_6871be87dc27.html,missing_record
registry_error,1972ROT/BRA605-609:1,1972ROT/BRA605-609,1,https://kinetics.nist.gov/solution/Detail?id=1972ROT/BRA605-609:1,error,500,"retryable HTTP status 500",2026-06-27T11:00:31.215794+00:00,data/new_solution/boundary_probe/boundary_20260627_103328/boundary_detail_1972ROT_BRA605-609_1_20260627T110025_e8f277f4fd97.html,missing_record
registry_error,1973BAN/GRA16-19:1,1973BAN/GRA16-19,1,https://kinetics.nist.gov/solution/Detail?id=1973BAN/GRA16-19:1,error,500,"retryable HTTP status 500",2026-06-27T10:50:05.980148+00:00,data/new_solution/boundary_probe/boundary_20260627_103328/boundary_detail_1973BAN_GRA16-19_1_20260627T105004_9eedaff0a811.html,missing_record
registry_error,1973GRA/GET405-417:1,1973GRA/GET405-417,1,https://kinetics.nist.gov/solution/Detail?id=1973GRA/GET405-417:1,error,500,"retryable HTTP status 500",2026-06-30T12:05:13.476350+00:00,data/new_solution/boundary_probe/boundary_20260627_103328/boundary_detail_1973GRA_GET405-417_1_20260627T105635_9d2f268e7124.html,missing_record
registry_error,1973HOW/FUR3738-3745:1,1973HOW/FUR3738-3745,1,https://kinetics.nist.gov/solution/Detail?id=1973HOW/FUR3738-3745:1,error,500,"retryable HTTP status 500",2026-06-30T12:05:29.383096+00:00,data/new_solution/boundary_probe/boundary_20260627_103328/boundary_detail_1973HOW_FUR3738-3745_1_20260627T110229_8d484717ec99.html,missing_record
registry_error,1973HOW/OHK1543-1553:1,1973HOW/OHK1543-1553,1,https://kinetics.nist.gov/solution/Detail?id=1973HOW/OHK1543-1553:1,error,500,"retryable HTTP status 500",2026-06-27T10:52:47.859808+00:00,data/new_solution/boundary_probe/boundary_20260627_103328/boundary_detail_1973HOW_OHK1543-1553_1_20260627T105245_5f11876a0c44.html,missing_record
registry_error,1973LAR/FES1283-1288:1,1973LAR/FES1283-1288,1,https://kinetics.nist.gov/solution/Detail?id=1973LAR/FES1283-1288:1,error,500,"retryable HTTP status 500",2026-06-30T12:05:47.520915+00:00,data/new_solution/boundary_probe/boundary_20260627_103328/boundary_detail_1973LAR_FES1283-1288_1_20260627T105603_d423f60600e4.html,missing_record
registry_error,1974BUR/FIR508-514:1,1974BUR/FIR508-514,1,https://kinetics.nist.gov/solution/Detail?id=1974BUR/FIR508-514:1,error,500,"retryable HTTP status 500",2026-06-27T10:36:18.103133+00:00,data/new_solution/boundary_probe/boundary_20260627_103328/boundary_detail_1974BUR_FIR508-514_1_20260627T103616_927c200b2eda.html,missing_record
registry_error,1974FES/CHA2262-2263:1,1974FES/CHA2262-2263,1,https://kinetics.nist.gov/solution/Detail?id=1974FES/CHA2262-2263:1,error,500,"retryable HTTP status 500",2026-06-27T11:00:48.184951+00:00,data/new_solution/boundary_probe/boundary_20260627_103328/boundary_detail_1974FES_CHA2262-2263_1_20260627T110046_87d7274e3a5e.html,missing_record
registry_error,1974HAM/CHO3029-3031:1,1974HAM/CHO3029-3031,1,https://kinetics.nist.gov/solution/Detail?id=1974HAM/CHO3029-3031:1,error,500,"retryable HTTP status 500",2026-06-30T12:06:27.299118+00:00,data/new_solution/boundary_probe/boundary_20260627_103328/boundary_detail_1974HAM_CHO3029-3031_1_20260627T104444_cb70bc457b15.html,missing_record
registry_error,1974LES/GIL1135-1139:1,1974LES/GIL1135-1139,1,https://kinetics.nist.gov/solution/Detail?id=1974LES/GIL1135-1139:1,error,500,"retryable HTTP status 500",2026-06-27T10:48:54.596420+00:00,data/new_solution/boundary_probe/boundary_20260627_103328/boundary_detail_1974LES_GIL1135-1139_1_20260627T104851_1ef54549d73b.html,missing_record
registry_error,1974MAT/CUR3348-3351:1,1974MAT/CUR3348-3351,1,https://kinetics.nist.gov/solution/Detail?id=1974MAT/CUR3348-3351:1,error,500,"retryable HTTP status 500",2026-06-30T12:06:43.451543+00:00,data/new_solution/boundary_probe/boundary_20260627_103328/boundary_detail_1974MAT_CUR3348-3351_1_20260627T103702_0c9a7ff2a1a9.html,missing_record
registry_error,1975ARM/FUR1737-1742:1,1975ARM/FUR1737-1742,1,https://kinetics.nist.gov/solution/Detail?id=1975ARM/FUR1737-1742:1,error,500,"retryable HTTP status 500",2026-06-27T10:52:05.483764+00:00,data/new_solution/boundary_probe/boundary_20260627_103328/boundary_detail_1975ARM_FUR1737-1742_1_20260627T105203_b3b2d60c6364.html,missing_record
registry_error,1975CHE/HOW623-627:1,1975CHE/HOW623-627,1,https://kinetics.nist.gov/solution/Detail?id=1975CHE/HOW623-627:1,error,500,"retryable HTTP status 500",2026-06-30T12:07:32.967263+00:00,data/new_solution/boundary_probe/boundary_20260627_103328/boundary_detail_1975CHE_HOW623-627_1_20260627T105028_2bf08c28f861.html,missing_record
registry_error,1975MEY1716-1717:1,1975MEY1716-1717,1,https://kinetics.nist.gov/solution/Detail?id=1975MEY1716-1717:1,error,500,"retryable HTTP status 500",2026-06-30T12:07:46.843310+00:00,data/new_solution/boundary_probe/boundary_20260627_103328/boundary_detail_1975MEY1716-1717_1_20260627T104008_d106bc3e9260.html,missing_record
registry_error,1975RAO/HAY2986-2989:1,1975RAO/HAY2986-2989,1,https://kinetics.nist.gov/solution/Detail?id=1975RAO/HAY2986-2989:1,error,500,"retryable HTTP status 500",2026-06-30T12:08:19.790501+00:00,data/new_solution/boundary_probe/boundary_20260627_103328/boundary_detail_1975RAO_HAY2986-2989_1_20260627T110418_3ed9412f87d6.html,missing_record
registry_error,1975TEA/KLA475-477:1,1975TEA/KLA475-477,1,https://kinetics.nist.gov/solution/Detail?id=1975TEA/KLA475-477:1,error,500,"retryable HTTP status 500",2026-06-30T12:08:32.704993+00:00,data/new_solution/boundary_probe/boundary_20260627_103328/boundary_detail_1975TEA_KLA475-477_1_20260627T104143_154ed0c9cfaa.html,missing_record
registry_error,1976BAL/VAR7432-7433:1,1976BAL/VAR7432-7433,1,https://kinetics.nist.gov/solution/Detail?id=1976BAL/VAR7432-7433:1,error,500,"retryable HTTP status 500",2026-06-27T10:43:35.095842+00:00,data/new_solution/boundary_probe/boundary_20260627_103328/boundary_detail_1976BAL_VAR7432-7433_1_20260627T104333_242a97e7267f.html,missing_record
registry_error,1976BAN/FES1743-1745:1,1976BAN/FES1743-1745,1,https://kinetics.nist.gov/solution/Detail?id=1976BAN/FES1743-1745:1,error,500,"retryable HTTP status 500",2026-06-30T12:08:51.776690+00:00,data/new_solution/boundary_probe/boundary_20260627_103328/boundary_detail_1976BAN_FES1743-1745_1_20260627T110323_e4dd1cccb61a.html,missing_record
registry_error,1976CRE/SUT6384-6385:1,1976CRE/SUT6384-6385,1,https://kinetics.nist.gov/solution/Detail?id=1976CRE/SUT6384-6385:1,error,500,"retryable HTTP status 500",2026-06-27T10:45:34.367849+00:00,data/new_solution/boundary_probe/boundary_20260627_103328/boundary_detail_1976CRE_SUT6384-6385_1_20260627T104532_902552924089.html,missing_record
registry_error,1976FRA/GRA294-300:1,1976FRA/GRA294-300,1,https://kinetics.nist.gov/solution/Detail?id=1976FRA/GRA294-300:1,error,500,"retryable HTTP status 500",2026-06-30T12:09:08.595484+00:00,data/new_solution/boundary_probe/boundary_20260627_103328/boundary_detail_1976FRA_GRA294-300_1_20260627T105444_99eab17ad01b.html,missing_record
registry_error,1976GOY/ARM1848-1851:1,1976GOY/ARM1848-1851,1,https://kinetics.nist.gov/solution/Detail?id=1976GOY/ARM1848-1851:1,error,500,"retryable HTTP status 500",2026-06-27T10:47:17.788794+00:00,data/new_solution/boundary_probe/boundary_20260627_103328/boundary_detail_1976GOY_ARM1848-1851_1_20260627T104715_037173bf1c11.html,missing_record
registry_error,1976ILA/RAB1558-1562:1,1976ILA/RAB1558-1562,1,https://kinetics.nist.gov/solution/Detail?id=1976ILA/RAB1558-1562:1,error,500,"retryable HTTP status 500",2026-06-30T12:09:31.012950+00:00,data/new_solution/boundary_probe/boundary_20260627_103328/boundary_detail_1976ILA_RAB1558-1562_1_20260627T104628_342f34f96362.html,missing_record
registry_error,1976KIR/TAN5089-5096:1,1976KIR/TAN5089-5096,1,https://kinetics.nist.gov/solution/Detail?id=1976KIR/TAN5089-5096:1,error,500,"retryable HTTP status 500",2026-06-27T10:37:35.469335+00:00,data/new_solution/boundary_probe/boundary_20260627_103328/boundary_detail_1976KIR_TAN5089-5096_1_20260627T103733_48842485e4de.html,missing_record
registry_error,1976MAY/KRO267-275:1,1976MAY/KRO267-275,1,https://kinetics.nist.gov/solution/Detail?id=1976MAY/KRO267-275:1,error,500,"retryable HTTP status 500",2026-06-30T12:09:50.576071+00:00,data/new_solution/boundary_probe/boundary_20260627_103328/boundary_detail_1976MAY_KRO267-275_1_20260627T104636_66d9bec68199.html,missing_record
registry_error,1976MIZ/WOO343-348:1,1976MIZ/WOO343-348,1,https://kinetics.nist.gov/solution/Detail?id=1976MIZ/WOO343-348:1,error,500,"retryable HTTP status 500",2026-06-27T10:43:03.759383+00:00,data/new_solution/boundary_probe/boundary_20260627_103328/boundary_detail_1976MIZ_WOO343-348_1_20260627T104301_ca16dcc3a4af.html,missing_record
registry_error,1976SCH/GRA979-982:1,1976SCH/GRA979-982,1,https://kinetics.nist.gov/solution/Detail?id=1976SCH/GRA979-982:1,error,500,"retryable HTTP status 500",2026-06-27T10:49:42.408454+00:00,data/new_solution/boundary_probe/boundary_20260627_103328/boundary_detail_1976SCH_GRA979-982_1_20260627T104940_5a4a8b5cb1ac.html,missing_record
registry_error,1977BIE/ALL1048-1050:1,1977BIE/ALL1048-1050,1,https://kinetics.nist.gov/solution/Detail?id=1977BIE/ALL1048-1050:1,error,500,"retryable HTTP status 500",2026-06-30T12:10:43.032388+00:00,data/new_solution/boundary_probe/boundary_20260627_103328/boundary_detail_1977BIE_ALL1048-1050_1_20260627T105211_6e6285a1fd7f.html,missing_record
registry_error,1977BLA/KYA250-255:1,1977BLA/KYA250-255,1,https://kinetics.nist.gov/solution/Detail?id=1977BLA/KYA250-255:1,error,500,"retryable HTTP status 500",2026-06-27T10:49:10.358402+00:00,data/new_solution/boundary_probe/boundary_20260627_103328/boundary_detail_1977BLA_KYA250-255_1_20260627T104908_04162cb139b7.html,missing_record
registry_error,1977CAS/KUK3371-3372:1,1977CAS/KUK3371-3372,1,https://kinetics.nist.gov/solution/Detail?id=1977CAS/KUK3371-3372:1,error,500,"retryable HTTP status 500",2026-06-30T12:11:01.208504+00:00,data/new_solution/boundary_probe/boundary_20260627_103328/boundary_detail_1977CAS_KUK3371-3372_1_20260627T105436_cac25e5d666e.html,missing_record
registry_error,1977DRE/SCH391-403:1,1977DRE/SCH391-403,1,https://kinetics.nist.gov/solution/Detail?id=1977DRE/SCH391-403:1,error,500,"retryable HTTP status 500",2026-06-27T10:38:45.013154+00:00,data/new_solution/boundary_probe/boundary_20260627_103328/boundary_detail_1977DRE_SCH391-403_1_20260627T103843_1ab201bca74c.html,missing_record
registry_error,1977LAN/PRU203-207:1,1977LAN/PRU203-207,1,https://kinetics.nist.gov/solution/Detail?id=1977LAN/PRU203-207:1,error,500,"retryable HTTP status 500",2026-06-27T10:39:08.153662+00:00,data/new_solution/boundary_probe/boundary_20260627_103328/boundary_detail_1977LAN_PRU203-207_1_20260627T103906_be6bf6416f17.html,missing_record
registry_error,1977MAR/TAN1944-1948:1,1977MAR/TAN1944-1948,1,https://kinetics.nist.gov/solution/Detail?id=1977MAR/TAN1944-1948:1,error,500,"retryable HTTP status 500",2026-06-30T12:11:34.224242+00:00,data/new_solution/boundary_probe/boundary_20260627_103328/boundary_detail_1977MAR_TAN1944-1948_1_20260627T103741_aa69013491cc.html,missing_record
registry_error,1978HOI/BAD79-84:1,1978HOI/BAD79-84,1,https://kinetics.nist.gov/solution/Detail?id=1978HOI/BAD79-84:1,error,500,"retryable HTTP status 500",2026-06-29T10:38:20.412728+00:00,data/new_solution/boundary_probe/boundary_20260629_103806/boundary_detail_1978HOI_BAD79-84_1_20260629T103819_b0def7a191e0.html,missing_record
registry_error,1978JOS/RUS205-229:1,1978JOS/RUS205-229,1,https://kinetics.nist.gov/solution/Detail?id=1978JOS/RUS205-229:1,error,500,"retryable HTTP status 500",2026-06-30T12:12:34.679486+00:00,data/new_solution/boundary_probe/boundary_20260627_103328/boundary_detail_1978JOS_RUS205-229_1_20260627T103718_8215904a4b9e.html,missing_record
registry_error,1978MEI/MAT117-122:1,1978MEI/MAT117-122,1,https://kinetics.nist.gov/solution/Detail?id=1978MEI/MAT117-122:1,error,500,"retryable HTTP status 500",2026-06-29T10:38:28.080965+00:00,data/new_solution/boundary_probe/boundary_20260629_103806/boundary_detail_1978MEI_MAT117-122_1_20260629T103826_fee87026ab6f.html,missing_record
registry_error,1978MER/HER350-354:1,1978MER/HER350-354,1,https://kinetics.nist.gov/solution/Detail?id=1978MER/HER350-354:1,error,500,"retryable HTTP status 500",2026-06-30T12:13:16.290615+00:00,data/new_solution/boundary_probe/boundary_20260627_103328/boundary_detail_1978MER_HER350-354_1_20260627T104548_3d6c46aeca11.html,missing_record
registry_error,1978MEY43-48:1,1978MEY43-48,1,https://kinetics.nist.gov/solution/Detail?id=1978MEY43-48:1,error,500,"retryable HTTP status 500",2026-06-27T11:02:00.043253+00:00,data/new_solution/boundary_probe/boundary_20260627_103328/boundary_detail_1978MEY43-48_1_20260627T110158_29a740b562e1.html,missing_record
registry_error,1978RYA/ESP3725-3726:1,1978RYA/ESP3725-3726,1,https://kinetics.nist.gov/solution/Detail?id=1978RYA/ESP3725-3726:1,error,500,"retryable HTTP status 500",2026-06-27T10:35:47.210534+00:00,data/new_solution/boundary_probe/boundary_20260627_103328/boundary_detail_1978RYA_ESP3725-3726_1_20260627T103545_003d17738cc3.html,missing_record
registry_error,1978SHT/PUR61-63:1,1978SHT/PUR61-63,1,https://kinetics.nist.gov/solution/Detail?id=1978SHT/PUR61-63:1,error,500,"retryable HTTP status 500",2026-06-27T10:55:33.912949+00:00,data/new_solution/boundary_probe/boundary_20260627_103328/boundary_detail_1978SHT_PUR61-63_1_20260627T105532_4be876891a93.html,missing_record
registry_error,1978SUB/KAU1341-1344:1,1978SUB/KAU1341-1344,1,https://kinetics.nist.gov/solution/Detail?id=1978SUB/KAU1341-1344:1,error,500,"retryable HTTP status 500",2026-06-30T12:16:31.756969+00:00,data/new_solution/boundary_probe/boundary_20260627_103328/boundary_detail_1978SUB_KAU1341-1344_1_20260627T110009_de3801269c49.html,missing_record
registry_error,1978SUB/KAU1627-1630:1,1978SUB/KAU1627-1630,1,https://kinetics.nist.gov/solution/Detail?id=1978SUB/KAU1627-1630:1,error,500,"retryable HTTP status 500",2026-06-27T10:38:14.264888+00:00,data/new_solution/boundary_probe/boundary_20260627_103328/boundary_detail_1978SUB_KAU1627-1630_1_20260627T103812_d1aa16e5f6c5.html,missing_record
registry_error,1978SUZ/GOR3115-3118:1,1978SUZ/GOR3115-3118,1,https://kinetics.nist.gov/solution/Detail?id=1978SUZ/GOR3115-3118:1,error,500,"retryable HTTP status 500",2026-06-27T10:41:37.935887+00:00,data/new_solution/boundary_probe/boundary_20260627_103328/boundary_detail_1978SUZ_GOR3115-3118_1_20260627T104136_8c28b29f5605.html,missing_record
registry_error,1978WIE/COH608-609:1,1978WIE/COH608-609,1,https://kinetics.nist.gov/solution/Detail?id=1978WIE/COH608-609:1,error,500,"retryable HTTP status 500",2026-06-27T10:47:25.811557+00:00,data/new_solution/boundary_probe/boundary_20260627_103328/boundary_detail_1978WIE_COH608-609_1_20260627T104723_8ebc949de43a.html,missing_record
registry_error,1979BAD/TAM165-171:1,1979BAD/TAM165-171,1,https://kinetics.nist.gov/solution/Detail?id=1979BAD/TAM165-171:1,error,500,"retryable HTTP status 500",2026-06-27T10:46:14.384987+00:00,data/new_solution/boundary_probe/boundary_20260627_103328/boundary_detail_1979BAD_TAM165-171_1_20260627T104612_55beaf9079da.html,missing_record
registry_error,1979BRO/BRU1298-1300:1,1979BRO/BRU1298-1300,1,https://kinetics.nist.gov/solution/Detail?id=1979BRO/BRU1298-1300:1,error,500,"retryable HTTP status 500",2026-06-27T10:41:19.483928+00:00,data/new_solution/boundary_probe/boundary_20260627_103328/boundary_detail_1979BRO_BRU1298-1300_1_20260627T104117_a8c213fed67e.html,missing_record
registry_error,1979BRO/CHA7638-7640:1,1979BRO/CHA7638-7640,1,https://kinetics.nist.gov/solution/Detail?id=1979BRO/CHA7638-7640:1,error,500,"retryable HTTP status 500",2026-06-27T10:38:29.659615+00:00,data/new_solution/boundary_probe/boundary_20260627_103328/boundary_detail_1979BRO_CHA7638-7640_1_20260627T103827_eb30cc2f3dbc.html,missing_record
registry_error,1979END/NET4000-4002:1,1979END/NET4000-4002,1,https://kinetics.nist.gov/solution/Detail?id=1979END/NET4000-4002:1,error,500,"retryable HTTP status 500",2026-06-27T10:53:59.345942+00:00,data/new_solution/boundary_probe/boundary_20260627_103328/boundary_detail_1979END_NET4000-4002_1_20260627T105357_33601423c4c1.html,missing_record
registry_error,1979HEN2858-2862:1,1979HEN2858-2862,1,https://kinetics.nist.gov/solution/Detail?id=1979HEN2858-2862:1,error,500,"retryable HTTP status 500",2026-06-27T10:53:03.595539+00:00,data/new_solution/boundary_probe/boundary_20260627_103328/boundary_detail_1979HEN2858-2862_1_20260627T105301_7d79ae7d4101.html,missing_record
registry_error,1979PRU/LAN513-520:1,1979PRU/LAN513-520,1,https://kinetics.nist.gov/solution/Detail?id=1979PRU/LAN513-520:1,error,500,"retryable HTTP status 500",2026-06-27T10:37:50.885395+00:00,data/new_solution/boundary_probe/boundary_20260627_103328/boundary_detail_1979PRU_LAN513-520_1_20260627T103749_2c3115acb733.html,missing_record
registry_error,1979SUT19-40:1,1979SUT19-40,1,https://kinetics.nist.gov/solution/Detail?id=1979SUT19-40:1,error,500,"retryable HTTP status 500",2026-06-27T10:46:06.537116+00:00,data/new_solution/boundary_probe/boundary_20260627_103328/boundary_detail_1979SUT19-40_1_20260627T104604_37adbe0561ee.html,missing_record
registry_error,1979ZIM/BAK187-190:1,1979ZIM/BAK187-190,1,https://kinetics.nist.gov/solution/Detail?id=1979ZIM/BAK187-190:1,error,500,"retryable HTTP status 500",2026-06-27T11:03:48.935298+00:00,data/new_solution/boundary_probe/boundary_20260627_103328/boundary_detail_1979ZIM_BAK187-190_1_20260627T110347_0436ed497e6f.html,missing_record
registry_error,1980BER/KRI1-7:1,1980BER/KRI1-7,1,https://kinetics.nist.gov/solution/Detail?id=1980BER/KRI1-7:1,error,500,"retryable HTTP status 500",2026-06-27T10:40:02.151874+00:00,data/new_solution/boundary_probe/boundary_20260627_103328/boundary_detail_1980BER_KRI1-7_1_20260627T104000_fc4af922ef5d.html,missing_record
registry_error,1980EIB/SCH704-710:1,1980EIB/SCH704-710,1,https://kinetics.nist.gov/solution/Detail?id=1980EIB/SCH704-710:1,error,500,"retryable HTTP status 500",2026-06-27T10:51:09.733510+00:00,data/new_solution/boundary_probe/boundary_20260627_103328/boundary_detail_1980EIB_SCH704-710_1_20260627T105107_106ac1c45342.html,missing_record
registry_error,1980GAL/MAS1731-1735:1,1980GAL/MAS1731-1735,1,https://kinetics.nist.gov/solution/Detail?id=1980GAL/MAS1731-1735:1,error,500,"retryable HTTP status 500",2026-06-27T10:37:58.768287+00:00,data/new_solution/boundary_probe/boundary_20260627_103328/boundary_detail_1980GAL_MAS1731-1735_1_20260627T103756_3a630c7815c6.html,missing_record
registry_error,1980HAR/BRO163-167:1,1980HAR/BRO163-167,1,https://kinetics.nist.gov/solution/Detail?id=1980HAR/BRO163-167:1,error,500,"retryable HTTP status 500",2026-06-27T11:05:59.404533+00:00,data/new_solution/boundary_probe/boundary_20260627_103328/boundary_detail_1980HAR_BRO163-167_1_20260627T110557_027e3ad238a9.html,missing_record
registry_error,1980HAR/BRO2237-2240:1,1980HAR/BRO2237-2240,1,https://kinetics.nist.gov/solution/Detail?id=1980HAR/BRO2237-2240:1,error,500,"retryable HTTP status 500",2026-06-27T11:01:21.152592+00:00,data/new_solution/boundary_probe/boundary_20260627_103328/boundary_detail_1980HAR_BRO2237-2240_1_20260627T110119_a56b4fe19925.html,missing_record
registry_error,1980JAN/SCH3351-3353:1,1980JAN/SCH3351-3353,1,https://kinetics.nist.gov/solution/Detail?id=1980JAN/SCH3351-3353:1,error,500,"retryable HTTP status 500",2026-06-27T10:39:23.571957+00:00,data/new_solution/boundary_probe/boundary_20260627_103328/boundary_detail_1980JAN_SCH3351-3353_1_20260627T103921_d4ac3061e36d.html,missing_record
registry_error,1980MEH/WIL2177-2178:1,1980MEH/WIL2177-2178,1,https://kinetics.nist.gov/solution/Detail?id=1980MEH/WIL2177-2178:1,error,500,"retryable HTTP status 500",2026-06-27T10:58:59.907222+00:00,data/new_solution/boundary_probe/boundary_20260627_103328/boundary_detail_1980MEH_WIL2177-2178_1_20260627T105858_9c5a8857d74b.html,missing_record
registry_error,1980SCA/WIL3244-3247:1,1980SCA/WIL3244-3247,1,https://kinetics.nist.gov/solution/Detail?id=1980SCA/WIL3244-3247:1,error,500,"retryable HTTP status 500",2026-06-27T10:55:41.782428+00:00,data/new_solution/boundary_probe/boundary_20260627_103328/boundary_detail_1980SCA_WIL3244-3247_1_20260627T105539_599773cf24cc.html,missing_record
registry_error,1980SOE/VON391-394:1,1980SOE/VON391-394,1,https://kinetics.nist.gov/solution/Detail?id=1980SOE/VON391-394:1,error,500,"retryable HTTP status 500",2026-06-27T10:43:50.962631+00:00,data/new_solution/boundary_probe/boundary_20260627_103328/boundary_detail_1980SOE_VON391-394_1_20260627T104349_cbda084e77e8.html,missing_record
registry_error,1981BEH/NET690-693:1,1981BEH/NET690-693,1,https://kinetics.nist.gov/solution/Detail?id=1981BEH/NET690-693:1,error,500,"retryable HTTP status 500",2026-06-27T10:44:30.705145+00:00,data/new_solution/boundary_probe/boundary_20260627_103328/boundary_detail_1981BEH_NET690-693_1_20260627T104428_c67692e704b9.html,missing_record
registry_error,1981BIE/ALL3516-3518:1,1981BIE/ALL3516-3518,1,https://kinetics.nist.gov/solution/Detail?id=1981BIE/ALL3516-3518:1,error,500,"retryable HTTP status 500",2026-06-27T11:04:12.399722+00:00,data/new_solution/boundary_probe/boundary_20260627_103328/boundary_detail_1981BIE_ALL3516-3518_1_20260627T110410_edaea58e3838.html,missing_record
registry_error,1981BIZ/MOR315-321:1,1981BIZ/MOR315-321,1,https://kinetics.nist.gov/solution/Detail?id=1981BIZ/MOR315-321:1,error,500,"retryable HTTP status 500",2026-06-30T09:52:06.886028+00:00,data/new_solution/boundary_probe/boundary_20260630_095206/boundary_detail_1981BIZ_MOR315-321_1_20260630T095206_ff85db506ed4.html,missing_record
registry_error,1981HIL/ASM597-604:1,1981HIL/ASM597-604,1,https://kinetics.nist.gov/solution/Detail?id=1981HIL/ASM597-604:1,error,500,"retryable HTTP status 500",2026-06-27T10:42:17.446900+00:00,data/new_solution/boundary_probe/boundary_20260627_103328/boundary_detail_1981HIL_ASM597-604_1_20260627T104214_e4379c84df26.html,missing_record
registry_error,1981HOE/BIS65-71:1,1981HOE/BIS65-71,1,https://kinetics.nist.gov/solution/Detail?id=1981HOE/BIS65-71:1,error,500,"retryable HTTP status 500",2026-06-27T10:47:49.928047+00:00,data/new_solution/boundary_probe/boundary_20260627_103328/boundary_detail_1981HOE_BIS65-71_1_20260627T104747_2a4eddbcaa81.html,missing_record
registry_error,1981KUM5179-5182:1,1981KUM5179-5182,1,https://kinetics.nist.gov/solution/Detail?id=1981KUM5179-5182:1,error,500,"retryable HTTP status 500",2026-06-27T10:53:19.712336+00:00,data/new_solution/boundary_probe/boundary_20260627_103328/boundary_detail_1981KUM5179-5182_1_20260627T105317_a2618c8a382b.html,missing_record
registry_error,1981MUR/BUR398-403:1,1981MUR/BUR398-403,1,https://kinetics.nist.gov/solution/Detail?id=1981MUR/BUR398-403:1,error,500,"retryable HTTP status 500",2026-06-27T11:05:12.619139+00:00,data/new_solution/boundary_probe/boundary_20260627_103328/boundary_detail_1981MUR_BUR398-403_1_20260627T110505_47f526207848.html,missing_record
registry_error,1981RYA/ESP4401-4404:1,1981RYA/ESP4401-4404,1,https://kinetics.nist.gov/solution/Detail?id=1981RYA/ESP4401-4404:1,error,500,"retryable HTTP status 500",2026-06-27T11:03:17.808214+00:00,data/new_solution/boundary_probe/boundary_20260627_103328/boundary_detail_1981RYA_ESP4401-4404_1_20260627T110316_8a1be2063e83.html,missing_record
registry_error,1981WIL/BRU809-999:1,1981WIL/BRU809-999,1,https://kinetics.nist.gov/solution/Detail?id=1981WIL/BRU809-999:1,error,500,"retryable HTTP status 500",2026-06-30T09:52:13.425530+00:00,data/new_solution/boundary_probe/boundary_20260630_095206/boundary_detail_1981WIL_BRU809-999_1_20260630T095212_f6a2695b9be4.html,missing_record
registry_error,1981WIL/OTV3203-3205:1,1981WIL/OTV3203-3205,1,https://kinetics.nist.gov/solution/Detail?id=1981WIL/OTV3203-3205:1,error,500,"retryable HTTP status 500",2026-06-27T10:36:41.263556+00:00,data/new_solution/boundary_probe/boundary_20260627_103328/boundary_detail_1981WIL_OTV3203-3205_1_20260627T103639_37632873aaa6.html,missing_record
registry_error,1982ALB/FOU37-54:1,1982ALB/FOU37-54,1,https://kinetics.nist.gov/solution/Detail?id=1982ALB/FOU37-54:1,error,500,"retryable HTTP status 500",2026-06-27T11:02:07.975889+00:00,data/new_solution/boundary_probe/boundary_20260627_103328/boundary_detail_1982ALB_FOU37-54_1_20260627T110206_565fc2d13e0d.html,missing_record
registry_error,1982DEO/HAI3363-3366:1,1982DEO/HAI3363-3366,1,https://kinetics.nist.gov/solution/Detail?id=1982DEO/HAI3363-3366:1,error,500,"retryable HTTP status 500",2026-06-27T10:43:59.331482+00:00,data/new_solution/boundary_probe/boundary_20260627_103328/boundary_detail_1982DEO_HAI3363-3366_1_20260627T104356_c0bbf2e2443f.html,missing_record
registry_error,1982KAZ/SHO269-281:1,1982KAZ/SHO269-281,1,https://kinetics.nist.gov/solution/Detail?id=1982KAZ/SHO269-281:1,error,500,"retryable HTTP status 500",2026-06-27T10:40:56.233115+00:00,data/new_solution/boundary_probe/boundary_20260627_103328/boundary_detail_1982KAZ_SHO269-281_1_20260627T104054_9e1ec3446015.html,missing_record
registry_error,1982LAU/LOD1341-1355:1,1982LAU/LOD1341-1355,1,https://kinetics.nist.gov/solution/Detail?id=1982LAU/LOD1341-1355:1,error,500,"retryable HTTP status 500",2026-06-27T11:02:54.520181+00:00,data/new_solution/boundary_probe/boundary_20260627_103328/boundary_detail_1982LAU_LOD1341-1355_1_20260627T110252_e2f182858a30.html,missing_record
registry_error,1982MUL/COH4016-4020:1,1982MUL/COH4016-4020,1,https://kinetics.nist.gov/solution/Detail?id=1982MUL/COH4016-4020:1,error,500,"retryable HTTP status 500",2026-06-27T10:51:57.632913+00:00,data/new_solution/boundary_probe/boundary_20260627_103328/boundary_detail_1982MUL_COH4016-4020_1_20260627T105155_f99b8e0aa5dc.html,missing_record
registry_error,1982MUL/MEY4124-4128:1,1982MUL/MEY4124-4128,1,https://kinetics.nist.gov/solution/Detail?id=1982MUL/MEY4124-4128:1,error,500,"retryable HTTP status 500",2026-06-27T10:50:38.274837+00:00,data/new_solution/boundary_probe/boundary_20260627_103328/boundary_detail_1982MUL_MEY4124-4128_1_20260627T105035_dc389de29777.html,missing_record
registry_error,1982RYA/ESP704-712:1,1982RYA/ESP704-712,1,https://kinetics.nist.gov/solution/Detail?id=1982RYA/ESP704-712:1,error,500,"retryable HTTP status 500",2026-06-27T10:38:37.328521+00:00,data/new_solution/boundary_probe/boundary_20260627_103328/boundary_detail_1982RYA_ESP704-712_1_20260627T103835_79a0dd48cdb1.html,missing_record
registry_error,1982SAS/RAB138-141:1,1982SAS/RAB138-141,1,https://kinetics.nist.gov/solution/Detail?id=1982SAS/RAB138-141:1,error,500,"retryable HTTP status 500",2026-06-27T10:56:21.254826+00:00,data/new_solution/boundary_probe/boundary_20260627_103328/boundary_detail_1982SAS_RAB138-141_1_20260627T105619_bccd7b982c1a.html,missing_record
registry_error,1982SCH/VON1995-2000:1,1982SCH/VON1995-2000,1,https://kinetics.nist.gov/solution/Detail?id=1982SCH/VON1995-2000:1,error,500,"retryable HTTP status 500",2026-06-27T10:38:52.715418+00:00,data/new_solution/boundary_probe/boundary_20260627_103328/boundary_detail_1982SCH_VON1995-2000_1_20260627T103851_4493005bcc7e.html,missing_record
registry_error,1983ESP/CON1009-1013:1,1983ESP/CON1009-1013,1,https://kinetics.nist.gov/solution/Detail?id=1983ESP/CON1009-1013:1,error,500,"retryable HTTP status 500",2026-06-27T11:02:23.500809+00:00,data/new_solution/boundary_probe/boundary_20260627_103328/boundary_detail_1983ESP_CON1009-1013_1_20260627T110221_fad8fcd3438f.html,missing_record
registry_error,1983FOR/MON961-965:1,1983FOR/MON961-965,1,https://kinetics.nist.gov/solution/Detail?id=1983FOR/MON961-965:1,error,500,"retryable HTTP status 500",2026-06-27T10:58:12.128054+00:00,data/new_solution/boundary_probe/boundary_20260627_103328/boundary_detail_1983FOR_MON961-965_1_20260627T105810_64b3fc0846bc.html,missing_record
registry_error,1983KAN/MAR1301-1310:1,1983KAN/MAR1301-1310,1,https://kinetics.nist.gov/solution/Detail?id=1983KAN/MAR1301-1310:1,error,500,"retryable HTTP status 500",2026-06-27T11:04:51.384153+00:00,data/new_solution/boundary_probe/boundary_20260627_103328/boundary_detail_1983KAN_MAR1301-1310_1_20260627T110449_e57deb9c4504.html,missing_record
registry_error,1983LEH/FIS733-757:2,1983LEH/FIS733-757,2,https://kinetics.nist.gov/solution/Detail?id=1983LEH/FIS733-757:2,error,500,"retryable HTTP status 500",2026-06-27T10:33:42.991482+00:00,data/new_solution/boundary_probe/boundary_20260627_103328/boundary_detail_1983LEH_FIS733-757_2_20260627T103342_5d2e2eec3de3.html,missing_record
registry_error,1983MCH/ESP784-786:1,1983MCH/ESP784-786,1,https://kinetics.nist.gov/solution/Detail?id=1983MCH/ESP784-786:1,error,500,"retryable HTTP status 500",2026-06-27T10:55:02.467606+00:00,data/new_solution/boundary_probe/boundary_20260627_103328/boundary_detail_1983MCH_ESP784-786_1_20260627T105500_b8280491a630.html,missing_record
registry_error,1983SCH/WHI1-116:1,1983SCH/WHI1-116,1,https://kinetics.nist.gov/solution/Detail?id=1983SCH/WHI1-116:1,error,500,"retryable HTTP status 500",2026-06-27T10:55:25.972400+00:00,data/new_solution/boundary_probe/boundary_20260627_103328/boundary_detail_1983SCH_WHI1-116_1_20260627T105524_e0d3928b0c77.html,missing_record
registry_error,1983SHI/ESP334-337:1,1983SHI/ESP334-337,1,https://kinetics.nist.gov/solution/Detail?id=1983SHI/ESP334-337:1,error,500,"retryable HTTP status 500",2026-06-27T10:55:57.454782+00:00,data/new_solution/boundary_probe/boundary_20260627_103328/boundary_detail_1983SHI_ESP334-337_1_20260627T105555_e031e7eec1df.html,missing_record
registry_error,1983SUB397-403:1,1983SUB397-403,1,https://kinetics.nist.gov/solution/Detail?id=1983SUB397-403:1,error,500,"retryable HTTP status 500",2026-06-27T10:41:03.995665+00:00,data/new_solution/boundary_probe/boundary_20260627_103328/boundary_detail_1983SUB397-403_1_20260627T104102_80a608333588.html,missing_record
registry_error,1983SWI/END56-61:1,1983SWI/END56-61,1,https://kinetics.nist.gov/solution/Detail?id=1983SWI/END56-61:1,error,500,"retryable HTTP status 500",2026-06-27T10:51:41.636734+00:00,data/new_solution/boundary_probe/boundary_20260627_103328/boundary_detail_1983SWI_END56-61_1_20260627T105139_3cfc30d8057d.html,missing_record
registry_error,1984ALS/HIS601-608:1,1984ALS/HIS601-608,1,https://kinetics.nist.gov/solution/Detail?id=1984ALS/HIS601-608:1,error,500,"retryable HTTP status 500",2026-06-27T10:52:55.719034+00:00,data/new_solution/boundary_probe/boundary_20260627_103328/boundary_detail_1984ALS_HIS601-608_1_20260627T105253_d65090ea9a6d.html,missing_record
registry_error,1984BLA/ESP3526-3528:1,1984BLA/ESP3526-3528,1,https://kinetics.nist.gov/solution/Detail?id=1984BLA/ESP3526-3528:1,error,500,"retryable HTTP status 500",2026-06-27T10:59:31.573962+00:00,data/new_solution/boundary_probe/boundary_20260627_103328/boundary_detail_1984BLA_ESP3526-3528_1_20260627T105929_d8884b87bbc5.html,missing_record
registry_error,1984BUT/LIN2227-2231:1,1984BUT/LIN2227-2231,1,https://kinetics.nist.gov/solution/Detail?id=1984BUT/LIN2227-2231:1,error,500,"retryable HTTP status 500",2026-06-27T10:53:43.479654+00:00,data/new_solution/boundary_probe/boundary_20260627_103328/boundary_detail_1984BUT_LIN2227-2231_1_20260627T105341_f1dc8aa77390.html,missing_record
registry_error,1984HOE/BUT212-218:1,1984HOE/BUT212-218,1,https://kinetics.nist.gov/solution/Detail?id=1984HOE/BUT212-218:1,error,500,"retryable HTTP status 500",2026-06-27T10:38:21.949041+00:00,data/new_solution/boundary_probe/boundary_20260627_103328/boundary_detail_1984HOE_BUT212-218_1_20260627T103820_8d17ff547059.html,missing_record
registry_error,1984KAZ/SHO4332-4341:1,1984KAZ/SHO4332-4341,1,https://kinetics.nist.gov/solution/Detail?id=1984KAZ/SHO4332-4341:1,error,500,"retryable HTTP status 500",2026-06-27T10:44:15.035214+00:00,data/new_solution/boundary_probe/boundary_20260627_103328/boundary_detail_1984KAZ_SHO4332-4341_1_20260627T104413_3ac69e7b5f7e.html,missing_record
registry_error,1984LAD/ZIM241-244:1,1984LAD/ZIM241-244,1,https://kinetics.nist.gov/solution/Detail?id=1984LAD/ZIM241-244:1,error,500,"retryable HTTP status 500",2026-06-27T10:36:33.581104+00:00,data/new_solution/boundary_probe/boundary_20260627_103328/boundary_detail_1984LAD_ZIM241-244_1_20260627T103631_16cbac116909.html,missing_record
registry_error,1984MOR/NET3118-3120:1,1984MOR/NET3118-3120,1,https://kinetics.nist.gov/solution/Detail?id=1984MOR/NET3118-3120:1,error,500,"retryable HTTP status 500",2026-06-27T11:00:19.731501+00:00,data/new_solution/boundary_probe/boundary_20260627_103328/boundary_detail_1984MOR_NET3118-3120_1_20260627T110017_3b5b322bace5.html,missing_record
registry_error,1984SCA/LEI2355-2358:1,1984SCA/LEI2355-2358,1,https://kinetics.nist.gov/solution/Detail?id=1984SCA/LEI2355-2358:1,error,500,"retryable HTTP status 500",2026-06-27T10:49:02.424528+00:00,data/new_solution/boundary_probe/boundary_20260627_103328/boundary_detail_1984SCA_LEI2355-2358_1_20260627T104900_ff0519d3a98d.html,missing_record
registry_error,1984SOL/SOL2929-2934:1,1984SOL/SOL2929-2934,1,https://kinetics.nist.gov/solution/Detail?id=1984SOL/SOL2929-2934:1,error,500,"retryable HTTP status 500",2026-06-27T11:05:19.374080+00:00,data/new_solution/boundary_probe/boundary_20260627_103328/boundary_detail_1984SOL_SOL2929-2934_1_20260627T110518_2a4f7ce7cfde.html,missing_record
registry_error,1984STA/LED2847-2853:1,1984STA/LED2847-2853,1,https://kinetics.nist.gov/solution/Detail?id=1984STA/LED2847-2853:1,error,500,"retryable HTTP status 500",2026-06-27T10:50:13.845517+00:00,data/new_solution/boundary_probe/boundary_20260627_103328/boundary_detail_1984STA_LED2847-2853_1_20260627T105012_341f6493bec5.html,missing_record
registry_error,1984STA2879-2882:1,1984STA2879-2882,1,https://kinetics.nist.gov/solution/Detail?id=1984STA2879-2882:1,error,500,"retryable HTTP status 500",2026-06-27T10:43:43.149571+00:00,data/new_solution/boundary_probe/boundary_20260627_103328/boundary_detail_1984STA2879-2882_1_20260627T104341_981e22758614.html,missing_record
registry_error,1984VEN/MUL229-236:1,1984VEN/MUL229-236,1,https://kinetics.nist.gov/solution/Detail?id=1984VEN/MUL229-236:1,error,500,"retryable HTTP status 500",2026-06-27T10:53:11.768208+00:00,data/new_solution/boundary_probe/boundary_20260627_103328/boundary_detail_1984VEN_MUL229-236_1_20260627T105309_8c8e6f6175d2.html,missing_record
registry_error,1984ZEG/SCH5589-5593:1,1984ZEG/SCH5589-5593,1,https://kinetics.nist.gov/solution/Detail?id=1984ZEG/SCH5589-5593:1,error,500,"retryable HTTP status 500",2026-06-27T10:55:49.565790+00:00,data/new_solution/boundary_probe/boundary_20260627_103328/boundary_detail_1984ZEG_SCH5589-5593_1_20260627T105547_fb12860a6db8.html,missing_record
registry_error,1985BEH/KOL785-797:1,1985BEH/KOL785-797,1,https://kinetics.nist.gov/solution/Detail?id=1985BEH/KOL785-797:1,error,500,"retryable HTTP status 500",2026-06-27T11:06:15.329943+00:00,data/new_solution/boundary_probe/boundary_20260627_103328/boundary_detail_1985BEH_KOL785-797_1_20260627T110613_9ecb2292c967.html,missing_record
registry_error,1985BLA/ESP3530-3533:1,1985BLA/ESP3530-3533,1,https://kinetics.nist.gov/solution/Detail?id=1985BLA/ESP3530-3533:1,error,500,"retryable HTTP status 500",2026-06-27T10:50:53.874717+00:00,data/new_solution/boundary_probe/boundary_20260627_103328/boundary_detail_1985BLA_ESP3530-3533_1_20260627T105052_1e48109df850.html,missing_record
registry_error,1985CLE/LES5178-5182:1,1985CLE/LES5178-5182,1,https://kinetics.nist.gov/solution/Detail?id=1985CLE/LES5178-5182:1,error,500,"retryable HTTP status 500",2026-06-27T10:49:50.272344+00:00,data/new_solution/boundary_probe/boundary_20260627_103328/boundary_detail_1985CLE_LES5178-5182_1_20260627T104948_7be12351306f.html,missing_record
registry_error,1985DAR/MOG1163-1166:1,1985DAR/MOG1163-1166,1,https://kinetics.nist.gov/solution/Detail?id=1985DAR/MOG1163-1166:1,error,500,"retryable HTTP status 500",2026-06-27T10:42:08.761163+00:00,data/new_solution/boundary_probe/boundary_20260627_103328/boundary_detail_1985DAR_MOG1163-1166_1_20260627T104207_264732885160.html,missing_record
registry_error,1985GOL/CZA373-380:1,1985GOL/CZA373-380,1,https://kinetics.nist.gov/solution/Detail?id=1985GOL/CZA373-380:1,error,500,"retryable HTTP status 500",2026-06-27T11:02:15.690829+00:00,data/new_solution/boundary_probe/boundary_20260627_103328/boundary_detail_1985GOL_CZA373-380_1_20260627T110214_fdbea378c616.html,missing_record
registry_error,1985KIM/YAM1527-1531:1,1985KIM/YAM1527-1531,1,https://kinetics.nist.gov/solution/Detail?id=1985KIM/YAM1527-1531:1,error,500,"retryable HTTP status 500",2026-06-27T10:35:16.397618+00:00,data/new_solution/boundary_probe/boundary_20260627_103328/boundary_detail_1985KIM_YAM1527-1531_1_20260627T103514_f1cfdbc15204.html,missing_record
registry_error,1985NAH/RAB2468-2472:1,1985NAH/RAB2468-2472,1,https://kinetics.nist.gov/solution/Detail?id=1985NAH/RAB2468-2472:1,error,500,"retryable HTTP status 500",2026-06-27T10:51:17.694698+00:00,data/new_solution/boundary_probe/boundary_20260627_103328/boundary_detail_1985NAH_RAB2468-2472_1_20260627T105115_3a82fe767262.html,missing_record
registry_error,1985OHS/SAK222-225:1,1985OHS/SAK222-225,1,https://kinetics.nist.gov/solution/Detail?id=1985OHS/SAK222-225:1,error,500,"retryable HTTP status 500",2026-06-27T11:01:36.652436+00:00,data/new_solution/boundary_probe/boundary_20260627_103328/boundary_detail_1985OHS_SAK222-225_1_20260627T110134_77e0aec3e7b8.html,missing_record
registry_error,1985TAM/BAD259-270:1,1985TAM/BAD259-270,1,https://kinetics.nist.gov/solution/Detail?id=1985TAM/BAD259-270:1,error,500,"retryable HTTP status 500",2026-06-27T10:35:54.874005+00:00,data/new_solution/boundary_probe/boundary_20260627_103328/boundary_detail_1985TAM_BAD259-270_1_20260627T103553_ec7f814e8221.html,missing_record
registry_error,1986AVI/SHA567-572:1,1986AVI/SHA567-572,1,https://kinetics.nist.gov/solution/Detail?id=1986AVI/SHA567-572:1,error,500,"retryable HTTP status 500",2026-06-27T10:58:44.035421+00:00,data/new_solution/boundary_probe/boundary_20260627_103328/boundary_detail_1986AVI_SHA567-572_1_20260627T105842_e5aa0e635aac.html,missing_record
registry_error,1986BAK/BUT2562-2566:10,1986BAK/BUT2562-2566,10,https://kinetics.nist.gov/solution/Detail?id=1986BAK/BUT2562-2566:10,error,500,"retryable HTTP status 500",2026-06-27T10:35:00.818403+00:00,data/new_solution/boundary_probe/boundary_20260627_103328/boundary_detail_1986BAK_BUT2562-2566_10_20260627T103459_be94487b48fa.html,missing_record
registry_error,1986BAK/ESP713-719:1,1986BAK/ESP713-719,1,https://kinetics.nist.gov/solution/Detail?id=1986BAK/ESP713-719:1,error,500,"retryable HTTP status 500",2026-06-27T10:44:38.537543+00:00,data/new_solution/boundary_probe/boundary_20260627_103328/boundary_detail_1986BAK_ESP713-719_1_20260627T104436_416b7ad16bcf.html,missing_record
registry_error,1986ELL/PAD314-320:1,1986ELL/PAD314-320,1,https://kinetics.nist.gov/solution/Detail?id=1986ELL/PAD314-320:1,error,500,"retryable HTTP status 500",2026-06-27T10:51:01.784528+00:00,data/new_solution/boundary_probe/boundary_20260627_103328/boundary_detail_1986ELL_PAD314-320_1_20260627T105059_ed39ccc1644d.html,missing_record
registry_error,1986FIE/FOE5400-5407:1,1986FIE/FOE5400-5407,1,https://kinetics.nist.gov/solution/Detail?id=1986FIE/FOE5400-5407:1,error,500,"retryable HTTP status 500",2026-06-27T10:45:10.417433+00:00,data/new_solution/boundary_probe/boundary_20260627_103328/boundary_detail_1986FIE_FOE5400-5407_1_20260627T104508_40741e40bfe4.html,missing_record
registry_error,1986GOL/KOZ627-628:1,1986GOL/KOZ627-628,1,https://kinetics.nist.gov/solution/Detail?id=1986GOL/KOZ627-628:1,error,500,"retryable HTTP status 500",2026-06-27T10:36:56.894623+00:00,data/new_solution/boundary_probe/boundary_20260627_103328/boundary_detail_1986GOL_KOZ627-628_1_20260627T103655_027b6f1d44a7.html,missing_record
registry_error,1986HOS/ARA2109-2111:1,1986HOS/ARA2109-2111,1,https://kinetics.nist.gov/solution/Detail?id=1986HOS/ARA2109-2111:1,error,500,"retryable HTTP status 500",2026-06-27T11:02:46.738153+00:00,data/new_solution/boundary_probe/boundary_20260627_103328/boundary_detail_1986HOS_ARA2109-2111_1_20260627T110245_739568b5ae9c.html,missing_record
registry_error,1986LIT/HU3131-3135:1,1986LIT/HU3131-3135,1,https://kinetics.nist.gov/solution/Detail?id=1986LIT/HU3131-3135:1,error,500,"retryable HTTP status 500",2026-06-27T10:41:53.349328+00:00,data/new_solution/boundary_probe/boundary_20260627_103328/boundary_detail_1986LIT_HU3131-3135_1_20260627T104151_6e254d4ff4e4.html,missing_record
registry_error,1986MEL/BAK3360-3367:1,1986MEL/BAK3360-3367,1,https://kinetics.nist.gov/solution/Detail?id=1986MEL/BAK3360-3367:1,error,500,"retryable HTTP status 500",2026-06-27T11:04:59.447209+00:00,data/new_solution/boundary_probe/boundary_20260627_103328/boundary_detail_1986MEL_BAK3360-3367_1_20260627T110457_8b6fd29fec33.html,missing_record
registry_error,1986NAG/TAK2247-2251:1,1986NAG/TAK2247-2251,1,https://kinetics.nist.gov/solution/Detail?id=1986NAG/TAK2247-2251:1,error,500,"retryable HTTP status 500",2026-06-27T10:43:19.501501+00:00,data/new_solution/boundary_probe/boundary_20260627_103328/boundary_detail_1986NAG_TAK2247-2251_1_20260627T104317_c66e2c0f43e5.html,missing_record
registry_error,1986RAM/BAK3267-3272:1,1986RAM/BAK3267-3272,1,https://kinetics.nist.gov/solution/Detail?id=1986RAM/BAK3267-3272:1,error,500,"retryable HTTP status 500",2026-06-27T10:36:10.306384+00:00,data/new_solution/boundary_probe/boundary_20260627_103328/boundary_detail_1986RAM_BAK3267-3272_1_20260627T103608_eb99be3d998f.html,missing_record
registry_error,1986SHA/MIT359-361:3,1986SHA/MIT359-361,3,https://kinetics.nist.gov/solution/Detail?id=1986SHA/MIT359-361:3,error,500,"retryable HTTP status 500",2026-06-27T11:05:43.803986+00:00,data/new_solution/boundary_probe/boundary_20260627_103328/boundary_detail_1986SHA_MIT359-361_3_20260627T110542_a67dd42d44ba.html,missing_record
registry_error,1986SHI/MOR661-664:1,1986SHI/MOR661-664,1,https://kinetics.nist.gov/solution/Detail?id=1986SHI/MOR661-664:1,error,500,"retryable HTTP status 500",2026-06-27T10:55:10.388444+00:00,data/new_solution/boundary_probe/boundary_20260627_103328/boundary_detail_1986SHI_MOR661-664_1_20260627T105508_2912bedab089.html,missing_record
registry_error,1987BAL/JOH3860-3863:1,1987BAL/JOH3860-3863,1,https://kinetics.nist.gov/solution/Detail?id=1987BAL/JOH3860-3863:1,error,500,"retryable HTTP status 500",2026-06-27T10:55:18.175350+00:00,data/new_solution/boundary_probe/boundary_20260627_103328/boundary_detail_1987BAL_JOH3860-3863_1_20260627T105516_c3c6fa77d46c.html,missing_record
registry_error,1987CHO/CHE3690-3693:1,1987CHO/CHE3690-3693,1,https://kinetics.nist.gov/solution/Detail?id=1987CHO/CHE3690-3693:1,error,500,"retryable HTTP status 500",2026-06-27T10:46:22.487648+00:00,data/new_solution/boundary_probe/boundary_20260627_103328/boundary_detail_1987CHO_CHE3690-3693_1_20260627T104620_8a354cc79dba.html,missing_record
registry_error,1987COH/MEY2342-2344:1,1987COH/MEY2342-2344,1,https://kinetics.nist.gov/solution/Detail?id=1987COH/MEY2342-2344:1,error,500,"retryable HTTP status 500",2026-06-27T11:00:40.078846+00:00,data/new_solution/boundary_probe/boundary_20260627_103328/boundary_detail_1987COH_MEY2342-2344_1_20260627T110037_0c1b8f756981.html,missing_record
registry_error,1987KHU/MAR453-458:1,1987KHU/MAR453-458,1,https://kinetics.nist.gov/solution/Detail?id=1987KHU/MAR453-458:1,error,500,"retryable HTTP status 500",2026-06-27T10:45:02.549628+00:00,data/new_solution/boundary_probe/boundary_20260627_103328/boundary_detail_1987KHU_MAR453-458_1_20260627T104500_f331aafe9cd0.html,missing_record
registry_error,1987MAI/SHA728-731:1,1987MAI/SHA728-731,1,https://kinetics.nist.gov/solution/Detail?id=1987MAI/SHA728-731:1,error,500,"retryable HTTP status 500",2026-06-27T11:04:27.969102+00:00,data/new_solution/boundary_probe/boundary_20260627_103328/boundary_detail_1987MAI_SHA728-731_1_20260627T110426_5f6980be88db.html,missing_record
registry_error,1987SLA/GER2986-2989:1,1987SLA/GER2986-2989,1,https://kinetics.nist.gov/solution/Detail?id=1987SLA/GER2986-2989:1,error,500,"retryable HTTP status 500",2026-06-27T11:05:51.596467+00:00,data/new_solution/boundary_probe/boundary_20260627_103328/boundary_detail_1987SLA_GER2986-2989_1_20260627T110549_2e6db8ee282f.html,missing_record
registry_error,1987THO/BAR2003-2009:1,1987THO/BAR2003-2009,1,https://kinetics.nist.gov/solution/Detail?id=1987THO/BAR2003-2009:1,error,500,"retryable HTTP status 500",2026-06-27T10:48:05.707877+00:00,data/new_solution/boundary_probe/boundary_20260627_103328/boundary_detail_1987THO_BAR2003-2009_1_20260627T104803_72d9071237c8.html,missing_record
registry_error,1988CHI/IND156-163:1,1988CHI/IND156-163,1,https://kinetics.nist.gov/solution/Detail?id=1988CHI/IND156-163:1,error,500,"retryable HTTP status 500",2026-06-27T10:54:22.875455+00:00,data/new_solution/boundary_probe/boundary_20260627_103328/boundary_detail_1988CHI_IND156-163_1_20260627T105421_af1c92362071.html,missing_record
registry_error,1988GYO/KAS207-213:1,1988GYO/KAS207-213,1,https://kinetics.nist.gov/solution/Detail?id=1988GYO/KAS207-213:1,error,500,"retryable HTTP status 500",2026-06-27T10:36:49.216133+00:00,data/new_solution/boundary_probe/boundary_20260627_103328/boundary_detail_1988GYO_KAS207-213_1_20260627T103647_4eb9dd2c09e3.html,missing_record
registry_error,1988LAF/RET329-333:1,1988LAF/RET329-333,1,https://kinetics.nist.gov/solution/Detail?id=1988LAF/RET329-333:1,error,500,"retryable HTTP status 500",2026-06-27T11:01:28.895600+00:00,data/new_solution/boundary_probe/boundary_20260627_103328/boundary_detail_1988LAF_RET329-333_1_20260627T110127_f32c12c33df1.html,missing_record
registry_error,1988NET/HUI1027-1284:1,1988NET/HUI1027-1284,1,https://kinetics.nist.gov/solution/Detail?id=1988NET/HUI1027-1284:1,error,500,"retryable HTTP status 500",2026-06-27T10:41:11.701037+00:00,data/new_solution/boundary_probe/boundary_20260627_103328/boundary_detail_1988NET_HUI1027-1284_1_20260627T104110_2d150451d87e.html,missing_record
registry_error,1988STA/MAR4277-4280:1,1988STA/MAR4277-4280,1,https://kinetics.nist.gov/solution/Detail?id=1988STA/MAR4277-4280:1,error,500,"retryable HTTP status 500",2026-06-27T10:58:52.033671+00:00,data/new_solution/boundary_probe/boundary_20260627_103328/boundary_detail_1988STA_MAR4277-4280_1_20260627T105850_591feb978331.html,missing_record
registry_error,1988TRI/SCH251-258:1,1988TRI/SCH251-258,1,https://kinetics.nist.gov/solution/Detail?id=1988TRI/SCH251-258:1,error,500,"retryable HTTP status 500",2026-06-27T11:03:41.136723+00:00,data/new_solution/boundary_probe/boundary_20260627_103328/boundary_detail_1988TRI_SCH251-258_1_20260627T110339_ccd40043fdaf.html,missing_record
registry_error,1989ALS/SIM3103-3106:1,1989ALS/SIM3103-3106,1,https://kinetics.nist.gov/solution/Detail?id=1989ALS/SIM3103-3106:1,error,500,"retryable HTTP status 500",2026-06-27T10:35:39.458555+00:00,data/new_solution/boundary_probe/boundary_20260627_103328/boundary_detail_1989ALS_SIM3103-3106_1_20260627T103537_d8189a17b604.html,missing_record
registry_error,1989BOT/BRO2988-2991:1,1989BOT/BRO2988-2991,1,https://kinetics.nist.gov/solution/Detail?id=1989BOT/BRO2988-2991:1,error,500,"retryable HTTP status 500",2026-06-27T10:49:58.083225+00:00,data/new_solution/boundary_probe/boundary_20260627_103328/boundary_detail_1989BOT_BRO2988-2991_1_20260627T104956_a992def2264f.html,missing_record
registry_error,1989BOU/BRU57-62:1,1989BOU/BRU57-62,1,https://kinetics.nist.gov/solution/Detail?id=1989BOU/BRU57-62:1,error,500,"retryable HTTP status 500",2026-06-27T10:52:22.441361+00:00,data/new_solution/boundary_probe/boundary_20260627_103328/boundary_detail_1989BOU_BRU57-62_1_20260627T105219_6db55a0e0708.html,missing_record
registry_error,1989GOG/SHI120-123:1,1989GOG/SHI120-123,1,https://kinetics.nist.gov/solution/Detail?id=1989GOG/SHI120-123:1,error,500,"retryable HTTP status 500",2026-06-27T10:50:46.053618+00:00,data/new_solution/boundary_probe/boundary_20260627_103328/boundary_detail_1989GOG_SHI120-123_1_20260627T105044_06b79ef9f415.html,missing_record
registry_error,1989JOV/SIM39-44:1,1989JOV/SIM39-44,1,https://kinetics.nist.gov/solution/Detail?id=1989JOV/SIM39-44:1,error,500,"retryable HTTP status 500",2026-06-27T10:56:13.419048+00:00,data/new_solution/boundary_probe/boundary_20260627_103328/boundary_detail_1989JOV_SIM39-44_1_20260627T105611_d9957dba5b89.html,missing_record
registry_error,1989LAM/CHA12-20:1,1989LAM/CHA12-20,1,https://kinetics.nist.gov/solution/Detail?id=1989LAM/CHA12-20:1,error,500,"retryable HTTP status 500",2026-06-27T11:01:05.393994+00:00,data/new_solution/boundary_probe/boundary_20260627_103328/boundary_detail_1989LAM_CHA12-20_1_20260627T110103_0b34bf3b7989.html,missing_record
registry_error,1989MIE/SCH127-128:1,1989MIE/SCH127-128,1,https://kinetics.nist.gov/solution/Detail?id=1989MIE/SCH127-128:1,error,500,"retryable HTTP status 500",2026-06-27T10:36:02.575819+00:00,data/new_solution/boundary_probe/boundary_20260627_103328/boundary_detail_1989MIE_SCH127-128_1_20260627T103600_176e9b827708.html,missing_record
registry_error,1989MIE/VON2071-2078:1,1989MIE/VON2071-2078,1,https://kinetics.nist.gov/solution/Detail?id=1989MIE/VON2071-2078:1,error,500,"retryable HTTP status 500",2026-06-27T11:01:52.236699+00:00,data/new_solution/boundary_probe/boundary_20260627_103328/boundary_detail_1989MIE_VON2071-2078_1_20260627T110150_bc1780b44007.html,missing_record
registry_error,1989NAG/TYS707-713:1,1989NAG/TYS707-713,1,https://kinetics.nist.gov/solution/Detail?id=1989NAG/TYS707-713:1,error,500,"retryable HTTP status 500",2026-06-27T10:38:06.423446+00:00,data/new_solution/boundary_probe/boundary_20260627_103328/boundary_detail_1989NAG_TYS707-713_1_20260627T103804_f48db24d7a65.html,missing_record
registry_error,1990ARM/FAR1974-1978:1,1990ARM/FAR1974-1978,1,https://kinetics.nist.gov/solution/Detail?id=1990ARM/FAR1974-1978:1,error,500,"retryable HTTP status 500",2026-06-27T11:02:39.005965+00:00,data/new_solution/boundary_probe/boundary_20260627_103328/boundary_detail_1990ARM_FAR1974-1978_1_20260627T110237_4238daf915a7.html,missing_record
registry_error,1990CAN/WAY829-841:1,1990CAN/WAY829-841,1,https://kinetics.nist.gov/solution/Detail?id=1990CAN/WAY829-841:1,error,500,"retryable HTTP status 500",2026-06-27T10:35:24.123804+00:00,data/new_solution/boundary_probe/boundary_20260627_103328/boundary_detail_1990CAN_WAY829-841_1_20260627T103522_38d33734a5a4.html,missing_record
registry_error,1990CHE/HO2889-2896:1,1990CHE/HO2889-2896,1,https://kinetics.nist.gov/solution/Detail?id=1990CHE/HO2889-2896:1,error,500,"retryable HTTP status 500",2026-06-27T10:56:29.231144+00:00,data/new_solution/boundary_probe/boundary_20260627_103328/boundary_detail_1990CHE_HO2889-2896_1_20260627T105627_2585ed7bd10e.html,missing_record
registry_error,1990CHO/CHA361-364:1,1990CHO/CHA361-364,1,https://kinetics.nist.gov/solution/Detail?id=1990CHO/CHA361-364:1,error,500,"retryable HTTP status 500",2026-06-27T10:35:31.791474+00:00,data/new_solution/boundary_probe/boundary_20260627_103328/boundary_detail_1990CHO_CHA361-364_1_20260627T103530_d3b3c8280108.html,missing_record
registry_error,1990DAV/HAR2686-2690:1,1990DAV/HAR2686-2690,1,https://kinetics.nist.gov/solution/Detail?id=1990DAV/HAR2686-2690:1,error,500,"retryable HTTP status 500",2026-06-27T10:51:49.654097+00:00,data/new_solution/boundary_probe/boundary_20260627_103328/boundary_detail_1990DAV_HAR2686-2690_1_20260627T105147_0363f33880a9.html,missing_record
registry_error,1990DEI/WAR594-599:1,1990DEI/WAR594-599,1,https://kinetics.nist.gov/solution/Detail?id=1990DEI/WAR594-599:1,error,500,"retryable HTTP status 500",2026-06-27T10:58:20.040447+00:00,data/new_solution/boundary_probe/boundary_20260627_103328/boundary_detail_1990DEI_WAR594-599_1_20260627T105818_3dd7624f2b89.html,missing_record
registry_error,1990GOT/NIK1475-1478:1,1990GOT/NIK1475-1478,1,https://kinetics.nist.gov/solution/Detail?id=1990GOT/NIK1475-1478:1,error,500,"retryable HTTP status 500",2026-06-27T10:48:21.676067+00:00,data/new_solution/boundary_probe/boundary_20260627_103328/boundary_detail_1990GOT_NIK1475-1478_1_20260627T104819_f5d4ad9c20bc.html,missing_record
registry_error,1990HOF/PRA197-204:1,1990HOF/PRA197-204,1,https://kinetics.nist.gov/solution/Detail?id=1990HOF/PRA197-204:1,error,500,"retryable HTTP status 500",2026-06-27T10:44:07.195290+00:00,data/new_solution/boundary_probe/boundary_20260627_103328/boundary_detail_1990HOF_PRA197-204_1_20260627T104405_45ea0e425b5f.html,missing_record
registry_error,1990KIM/CLA7711-7716:1,1990KIM/CLA7711-7716,1,https://kinetics.nist.gov/solution/Detail?id=1990KIM/CLA7711-7716:1,error,500,"retryable HTTP status 500",2026-06-27T10:36:25.784611+00:00,data/new_solution/boundary_probe/boundary_20260627_103328/boundary_detail_1990KIM_CLA7711-7716_1_20260627T103624_1e875a4ff141.html,missing_record
registry_error,1990LAM/LAN319-324:1,1990LAM/LAN319-324,1,https://kinetics.nist.gov/solution/Detail?id=1990LAM/LAN319-324:1,error,500,"retryable HTTP status 500",2026-06-27T10:49:34.233729+00:00,data/new_solution/boundary_probe/boundary_20260627_103328/boundary_detail_1990LAM_LAN319-324_1_20260627T104932_37ea258f2f0b.html,missing_record
registry_error,1991ABE/GAR1-5:1,1991ABE/GAR1-5,1,https://kinetics.nist.gov/solution/Detail?id=1991ABE/GAR1-5:1,error,500,"retryable HTTP status 500",2026-06-27T10:56:52.762737+00:00,data/new_solution/boundary_probe/boundary_20260627_103328/boundary_detail_1991ABE_GAR1-5_1_20260627T105650_f29f3e00def6.html,missing_record
registry_error,1991BAK/BUT481-483:1,1991BAK/BUT481-483,1,https://kinetics.nist.gov/solution/Detail?id=1991BAK/BUT481-483:1,error,500,"retryable HTTP status 500",2026-06-27T10:44:22.870083+00:00,data/new_solution/boundary_probe/boundary_20260627_103328/boundary_detail_1991BAK_BUT481-483_1_20260627T104421_108ea70f8727.html,missing_record
registry_error,1991BLA/GRE19245-19249:1,1991BLA/GRE19245-19249,1,https://kinetics.nist.gov/solution/Detail?id=1991BLA/GRE19245-19249:1,error,500,"retryable HTTP status 500",2026-06-27T10:53:27.528002+00:00,data/new_solution/boundary_probe/boundary_20260627_103328/boundary_detail_1991BLA_GRE19245-19249_1_20260627T105325_56a0bae20ef3.html,missing_record
registry_error,1991BRE/WOJ159-164:1,1991BRE/WOJ159-164,1,https://kinetics.nist.gov/solution/Detail?id=1991BRE/WOJ159-164:1,error,500,"retryable HTTP status 500",2026-06-27T10:48:45.406056+00:00,data/new_solution/boundary_probe/boundary_20260627_103328/boundary_detail_1991BRE_WOJ159-164_1_20260627T104843_f203d008b4ad.html,missing_record
registry_error,1991CLE/YAN5251-5252:1,1991CLE/YAN5251-5252,1,https://kinetics.nist.gov/solution/Detail?id=1991CLE/YAN5251-5252:1,error,500,"retryable HTTP status 500",2026-06-27T10:57:00.688044+00:00,data/new_solution/boundary_probe/boundary_20260627_103328/boundary_detail_1991CLE_YAN5251-5252_1_20260627T105658_c6c1013c019d.html,missing_record
registry_error,1991SAN/SAB967-976:1,1991SAN/SAB967-976,1,https://kinetics.nist.gov/solution/Detail?id=1991SAN/SAB967-976:1,error,500,"retryable HTTP status 500",2026-06-27T10:59:47.963521+00:00,data/new_solution/boundary_probe/boundary_20260627_103328/boundary_detail_1991SAN_SAB967-976_1_20260627T105945_70641ae71506.html,missing_record
registry_error,1991SHA/BIE4306-4310:1,1991SHA/BIE4306-4310,1,https://kinetics.nist.gov/solution/Detail?id=1991SHA/BIE4306-4310:1,error,500,"retryable HTTP status 500",2026-06-27T10:39:31.248367+00:00,data/new_solution/boundary_probe/boundary_20260627_103328/boundary_detail_1991SHA_BIE4306-4310_1_20260627T103929_3f426325387a.html,missing_record
registry_error,1991SZA/WOJ215-224:1,1991SZA/WOJ215-224,1,https://kinetics.nist.gov/solution/Detail?id=1991SZA/WOJ215-224:1,error,500,"retryable HTTP status 500",2026-06-27T11:03:33.392806+00:00,data/new_solution/boundary_probe/boundary_20260627_103328/boundary_detail_1991SZA_WOJ215-224_1_20260627T110331_a815f2a4f445.html,missing_record
registry_error,1991SZO/HOR132-138:1,1991SZO/HOR132-138,1,https://kinetics.nist.gov/solution/Detail?id=1991SZO/HOR132-138:1,error,500,"retryable HTTP status 500",2026-06-27T10:46:45.898103+00:00,data/new_solution/boundary_probe/boundary_20260627_103328/boundary_detail_1991SZO_HOR132-138_1_20260627T104644_57a5c9475b24.html,missing_record
registry_error,1991WOL/THO155-164:1,1991WOL/THO155-164,1,https://kinetics.nist.gov/solution/Detail?id=1991WOL/THO155-164:1,error,500,"retryable HTTP status 500",2026-06-27T10:37:12.355391+00:00,data/new_solution/boundary_probe/boundary_20260627_103328/boundary_detail_1991WOL_THO155-164_1_20260627T103710_365ee55003e5.html,missing_record
registry_error,1991ZHA/LIU194-196:1,1991ZHA/LIU194-196,1,https://kinetics.nist.gov/solution/Detail?id=1991ZHA/LIU194-196:1,error,500,"retryable HTTP status 500",2026-06-27T10:54:07.157686+00:00,data/new_solution/boundary_probe/boundary_20260627_103328/boundary_detail_1991ZHA_LIU194-196_1_20260627T105405_2bc832503e81.html,missing_record
registry_error,1992CRO/GIL21-39:1,1992CRO/GIL21-39,1,https://kinetics.nist.gov/solution/Detail?id=1992CRO/GIL21-39:1,error,500,"retryable HTTP status 500",2026-06-27T10:49:18.156043+00:00,data/new_solution/boundary_probe/boundary_20260627_103328/boundary_detail_1992CRO_GIL21-39_1_20260627T104916_76ed99584725.html,missing_record
registry_error,1992DUN/SIM4856-4860:1,1992DUN/SIM4856-4860,1,https://kinetics.nist.gov/solution/Detail?id=1992DUN/SIM4856-4860:1,error,500,"retryable HTTP status 500",2026-06-27T10:47:41.718590+00:00,data/new_solution/boundary_probe/boundary_20260627_103328/boundary_detail_1992DUN_SIM4856-4860_1_20260627T104739_60e9fa796519.html,missing_record
registry_error,1992GRI/HIL265-277:1,1992GRI/HIL265-277,1,https://kinetics.nist.gov/solution/Detail?id=1992GRI/HIL265-277:1,error,500,"retryable HTTP status 500",2026-06-27T11:04:04.691100+00:00,data/new_solution/boundary_probe/boundary_20260627_103328/boundary_detail_1992GRI_HIL265-277_1_20260627T110402_fb4875e02149.html,missing_record
registry_error,1992HUS/ESP9510-9516:1,1992HUS/ESP9510-9516,1,https://kinetics.nist.gov/solution/Detail?id=1992HUS/ESP9510-9516:1,error,500,"retryable HTTP status 500",2026-06-27T10:57:16.452866+00:00,data/new_solution/boundary_probe/boundary_20260627_103328/boundary_detail_1992HUS_ESP9510-9516_1_20260627T105714_82d308b00e82.html,missing_record
registry_error,1993GAE/GER2065-2070:1,1993GAE/GER2065-2070,1,https://kinetics.nist.gov/solution/Detail?id=1993GAE/GER2065-2070:1,error,500,"retryable HTTP status 500",2026-06-27T10:39:39.066923+00:00,data/new_solution/boundary_probe/boundary_20260627_103328/boundary_detail_1993GAE_GER2065-2070_1_20260627T103937_869a97aa1fa6.html,missing_record
registry_error,1993MAY/LEM215-221:1,1993MAY/LEM215-221,1,https://kinetics.nist.gov/solution/Detail?id=1993MAY/LEM215-221:1,error,500,"retryable HTTP status 500",2026-06-27T11:01:44.367179+00:00,data/new_solution/boundary_probe/boundary_20260627_103328/boundary_detail_1993MAY_LEM215-221_1_20260627T110142_bea90b0c3ac3.html,missing_record
registry_error,1993PAD/HUI539-544:1,1993PAD/HUI539-544,1,https://kinetics.nist.gov/solution/Detail?id=1993PAD/HUI539-544:1,error,500,"retryable HTTP status 500",2026-06-27T10:57:56.323144+00:00,data/new_solution/boundary_probe/boundary_20260627_103328/boundary_detail_1993PAD_HUI539-544_1_20260627T105754_344e4f9c25b3.html,missing_record
registry_error,1994GOG/SHI352-355:1,1994GOG/SHI352-355,1,https://kinetics.nist.gov/solution/Detail?id=1994GOG/SHI352-355:1,error,500,"retryable HTTP status 500",2026-06-27T10:51:33.471189+00:00,data/new_solution/boundary_probe/boundary_20260627_103328/boundary_detail_1994GOG_SHI352-355_1_20260627T105131_53bc57731d0f.html,missing_record
registry_error,1994GOG/SHI499-500:1,1994GOG/SHI499-500,1,https://kinetics.nist.gov/solution/Detail?id=1994GOG/SHI499-500:1,error,500,"retryable HTTP status 500",2026-06-27T10:59:07.722431+00:00,data/new_solution/boundary_probe/boundary_20260627_103328/boundary_detail_1994GOG_SHI499-500_1_20260627T105905_7adc0c015a59.html,missing_record
registry_error,1994MER/VON2181-2185:1,1994MER/VON2181-2185,1,https://kinetics.nist.gov/solution/Detail?id=1994MER/VON2181-2185:1,error,500,"retryable HTTP status 500",2026-06-27T10:40:17.659886+00:00,data/new_solution/boundary_probe/boundary_20260627_103328/boundary_detail_1994MER_VON2181-2185_1_20260627T104016_5090cd9054f2.html,missing_record
